slug,title_de,content_de,category,source_path,status,status_label,recommended,risk_level
"get-az-resource-group-costs","Get-AzResourceGroupCosts","# Get-AzResourceGroupCosts

**Prüfstatus: Ungeprüft**

Ruft die angefallenen Kosten für eine bestimmte Azure Resource Group ab.

<!-- library-status:start -->
    Prüfstatus: Ungeprüft
    Windows- und Tenant-Abnahme ausstehend; keine pauschale Produktionsfreigabe.

    <!-- library-status:end -->

    Dieses Skript analysiert die Kosten einer Resource Group für einen bestimmten Zeitraum (Standard: letzte 30 Tage).
    Es verwendet das 'Az'-Modul (Az.CostManagement).

    Parameter:
    - ResourceGroupName: Name der Ressourcengruppe
    - DaysBack: Zeitraum in Tagen (Standard: 30)

## Prüfung

Keine fachliche Freigabe aus der Katalogerstellung ableiten.

- static: aktueller erfolgreicher Nachweis fehlt
- pester: aktueller erfolgreicher Nachweis fehlt
- windows: aktueller erfolgreicher Nachweis fehlt
- tenant: aktueller erfolgreicher Nachweis fehlt

## Voraussetzungen

- Module: Az
- Dokumentierte Graph-Scopes: Nicht angegeben; vor Tenant-Nutzung prüfen.
- Hilfsdateien: Keine lokale Hilfsdatei erkannt.

## Verwendung

Noch kein geprüftes Aufrufbeispiel dokumentiert. Parameter mit `Get-Help './01_Azure_Infrastructure/001_Get-AzResourceGroupCosts.ps1' -Full` lesen.

## Quelle

[PowerShell-Datei auf GitHub](https://github.com/Kaffeeundcode/Intune-Scripts/blob/main/01_Azure_Infrastructure/001_Get-AzResourceGroupCosts.ps1)

Prüfungen gelten nur für den dokumentierten Quellstand und Testumfang.
","01_Azure_Infrastructure","01_Azure_Infrastructure/001_Get-AzResourceGroupCosts.ps1","unreviewed","Ungeprüft","false","normal"
"new-az-vnet-peering-config","New-AzVNetPeeringConfig","# New-AzVNetPeeringConfig

**Prüfstatus: Ungeprüft**

Erstellt ein VNet-Peering zwischen zwei virtuellen Netzwerken in Azure.

<!-- library-status:start -->
    Prüfstatus: Ungeprüft
    Windows- und Tenant-Abnahme ausstehend; keine pauschale Produktionsfreigabe.

    <!-- library-status:end -->

    Dieses Skript verbindet zwei VNets (Source und Destination) über ein Peering.
    Es prüft, ob die VNets existieren und führt das Peering in BEIDE Richtungen aus (Bidirektional),
    da ein Peering immer zweiseitig konfiguriert werden muss, um zu funktionieren.

    Parameter:
    - SourceResourceGroup: RG des ersten VNets
    - SourceVNetName: Name des ersten VNets
    - DestResourceGroup: RG des zweiten VNets
    - DestVNetName: Name des zweiten VNets

## Prüfung

Keine fachliche Freigabe aus der Katalogerstellung ableiten.

- static: aktueller erfolgreicher Nachweis fehlt
- pester: aktueller erfolgreicher Nachweis fehlt
- windows: aktueller erfolgreicher Nachweis fehlt
- tenant: aktueller erfolgreicher Nachweis fehlt

## Voraussetzungen

- Module: Az
- Dokumentierte Graph-Scopes: Nicht angegeben; vor Tenant-Nutzung prüfen.
- Hilfsdateien: Keine lokale Hilfsdatei erkannt.

## Verwendung

Noch kein geprüftes Aufrufbeispiel dokumentiert. Parameter mit `Get-Help './01_Azure_Infrastructure/002_New-AzVNetPeeringConfig.ps1' -Full` lesen.

## Quelle

[PowerShell-Datei auf GitHub](https://github.com/Kaffeeundcode/Intune-Scripts/blob/main/01_Azure_Infrastructure/002_New-AzVNetPeeringConfig.ps1)

Prüfungen gelten nur für den dokumentierten Quellstand und Testumfang.
","01_Azure_Infrastructure","01_Azure_Infrastructure/002_New-AzVNetPeeringConfig.ps1","unreviewed","Ungeprüft","false","normal"
"set-az-storage-account-secure-transfer","Set-AzStorageAccountSecureTransfer","# Set-AzStorageAccountSecureTransfer

**Prüfstatus: Ungeprüft**

Aktiviert 'Secure Transfer Required' für einen Azure Storage Account.

<!-- library-status:start -->
    Prüfstatus: Ungeprüft
    Windows- und Tenant-Abnahme ausstehend; keine pauschale Produktionsfreigabe.

    <!-- library-status:end -->

    Aus Sicherheitsgründen sollte für Storage Accounts immer ""Secure Transfer Required"" (HTTPS only) aktiviert sein.
    Dieses Skript setzt diese Einstellung für einen spezifischen Account.

    Parameter:
    - ResourceGroupName: Name der Ressourcengruppe
    - StorageAccountName: Name des Storage Accounts

## Prüfung

Keine fachliche Freigabe aus der Katalogerstellung ableiten.

- static: aktueller erfolgreicher Nachweis fehlt
- pester: aktueller erfolgreicher Nachweis fehlt
- windows: aktueller erfolgreicher Nachweis fehlt
- tenant: aktueller erfolgreicher Nachweis fehlt

## Voraussetzungen

- Module: Az
- Dokumentierte Graph-Scopes: Nicht angegeben; vor Tenant-Nutzung prüfen.
- Hilfsdateien: Keine lokale Hilfsdatei erkannt.

## Verwendung

Noch kein geprüftes Aufrufbeispiel dokumentiert. Parameter mit `Get-Help './01_Azure_Infrastructure/003_Set-AzStorageAccountSecureTransfer.ps1' -Full` lesen.

## Quelle

[PowerShell-Datei auf GitHub](https://github.com/Kaffeeundcode/Intune-Scripts/blob/main/01_Azure_Infrastructure/003_Set-AzStorageAccountSecureTransfer.ps1)

Prüfungen gelten nur für den dokumentierten Quellstand und Testumfang.
","01_Azure_Infrastructure","01_Azure_Infrastructure/003_Set-AzStorageAccountSecureTransfer.ps1","unreviewed","Ungeprüft","false","elevated"
"get-az-vmauto-shutdown-status","Get-AzVMAutoShutdownStatus","# Get-AzVMAutoShutdownStatus

**Prüfstatus: Ungeprüft**

Prüft, ob für eine Azure VM der Auto-Shutdown konfiguriert ist.

<!-- library-status:start -->
    Prüfstatus: Ungeprüft
    Windows- und Tenant-Abnahme ausstehend; keine pauschale Produktionsfreigabe.

    <!-- library-status:end -->

    Auto-Shutdown hilft Kosten zu sparen, besonders bei Dev/Test-Maschinen.
    Dieses Skript prüft den Status der Auto-Shutdown-Schedule für eine VM.

    Parameter:
    - ResourceGroupName: Die Ressourcengruppe der VM
    - VMName: Name der VM

## Prüfung

Keine fachliche Freigabe aus der Katalogerstellung ableiten.

- static: aktueller erfolgreicher Nachweis fehlt
- pester: aktueller erfolgreicher Nachweis fehlt
- windows: aktueller erfolgreicher Nachweis fehlt
- tenant: aktueller erfolgreicher Nachweis fehlt

## Voraussetzungen

- Module: Az
- Dokumentierte Graph-Scopes: Nicht angegeben; vor Tenant-Nutzung prüfen.
- Hilfsdateien: Keine lokale Hilfsdatei erkannt.

## Verwendung

Noch kein geprüftes Aufrufbeispiel dokumentiert. Parameter mit `Get-Help './01_Azure_Infrastructure/004_Get-AzVMAutoShutdownStatus.ps1' -Full` lesen.

## Quelle

[PowerShell-Datei auf GitHub](https://github.com/Kaffeeundcode/Intune-Scripts/blob/main/01_Azure_Infrastructure/004_Get-AzVMAutoShutdownStatus.ps1)

Prüfungen gelten nur für den dokumentierten Quellstand und Testumfang.
","01_Azure_Infrastructure","01_Azure_Infrastructure/004_Get-AzVMAutoShutdownStatus.ps1","unreviewed","Ungeprüft","false","normal"
"remove-az-unattached-disks","Remove-AzUnattachedDisks","# Remove-AzUnattachedDisks

**Prüfstatus: Ungeprüft**

Findet und löscht (optional) Managed Disks, die an keine VM angehängt sind (verwaiste Disks).

<!-- library-status:start -->
    Prüfstatus: Ungeprüft
    Windows- und Tenant-Abnahme ausstehend; keine pauschale Produktionsfreigabe.

    <!-- library-status:end -->

    Nicht angehängte Disks verursachen Speicherkosten. Dieses Skript listet alle 'Unattached' Disks in einer Subscription auf.
    Mit dem Switch '-Delete' werden diese gelöscht. VORSICHT!

    Parameter:
    - Delete: Wenn gesetzt, werden die Disks gelöscht. Ohne diesen Parameter ist es nur ein Report (WhatIf).

## Prüfung

Keine fachliche Freigabe aus der Katalogerstellung ableiten.

- static: aktueller erfolgreicher Nachweis fehlt
- pester: aktueller erfolgreicher Nachweis fehlt
- windows: aktueller erfolgreicher Nachweis fehlt
- tenant: aktueller erfolgreicher Nachweis fehlt

## Voraussetzungen

- Module: Az
- Dokumentierte Graph-Scopes: Nicht angegeben; vor Tenant-Nutzung prüfen.
- Hilfsdateien: Keine lokale Hilfsdatei erkannt.

## Verwendung

Noch kein geprüftes Aufrufbeispiel dokumentiert. Parameter mit `Get-Help './01_Azure_Infrastructure/005_Remove-AzUnattachedDisks.ps1' -Full` lesen.

## Quelle

[PowerShell-Datei auf GitHub](https://github.com/Kaffeeundcode/Intune-Scripts/blob/main/01_Azure_Infrastructure/005_Remove-AzUnattachedDisks.ps1)

Prüfungen gelten nur für den dokumentierten Quellstand und Testumfang.
","01_Azure_Infrastructure","01_Azure_Infrastructure/005_Remove-AzUnattachedDisks.ps1","unreviewed","Ungeprüft","false","elevated"
"get-az-network-security-group-flow-logs","Get-AzNetworkSecurityGroupFlowLogs","# Get-AzNetworkSecurityGroupFlowLogs

**Prüfstatus: Ungeprüft**

Prüft den Status der NSG Flow Logs für Network Security Groups.

<!-- library-status:start -->
    Prüfstatus: Ungeprüft
    Windows- und Tenant-Abnahme ausstehend; keine pauschale Produktionsfreigabe.

    <!-- library-status:end -->

    Network Security Group (NSG) Flow Logs ermöglichen es, Traffic-Muster zu analysieren.
    Dieses Skript listet alle NSGs in einer Resource Group auf und zeigt, ob Flow Logs aktiviert sind.

    Voraussetzung: Network Watcher muss in der Region aktiv sein.

    Parameter:
    - ResourceGroupName: Name der Ressourcengruppe mit den NSGs
    - NetworkWatcherName: Name des Network Watchers
    - NetworkWatcherRG: RG des Network Watchers

## Prüfung

Keine fachliche Freigabe aus der Katalogerstellung ableiten.

- static: aktueller erfolgreicher Nachweis fehlt
- pester: aktueller erfolgreicher Nachweis fehlt
- windows: aktueller erfolgreicher Nachweis fehlt
- tenant: aktueller erfolgreicher Nachweis fehlt

## Voraussetzungen

- Module: Az
- Dokumentierte Graph-Scopes: Nicht angegeben; vor Tenant-Nutzung prüfen.
- Hilfsdateien: Keine lokale Hilfsdatei erkannt.

## Verwendung

Noch kein geprüftes Aufrufbeispiel dokumentiert. Parameter mit `Get-Help './01_Azure_Infrastructure/006_Get-AzNetworkSecurityGroupFlowLogs.ps1' -Full` lesen.

## Quelle

[PowerShell-Datei auf GitHub](https://github.com/Kaffeeundcode/Intune-Scripts/blob/main/01_Azure_Infrastructure/006_Get-AzNetworkSecurityGroupFlowLogs.ps1)

Prüfungen gelten nur für den dokumentierten Quellstand und Testumfang.
","01_Azure_Infrastructure","01_Azure_Infrastructure/006_Get-AzNetworkSecurityGroupFlowLogs.ps1","unreviewed","Ungeprüft","false","normal"
"new-az-key-vault-access-policy","New-AzKeyVaultAccessPolicy","# New-AzKeyVaultAccessPolicy

**Prüfstatus: Ungeprüft**

Fügt eine Access Policy zu einem Azure KeyVault hinzu.

<!-- library-status:start -->
    Prüfstatus: Ungeprüft
    Windows- und Tenant-Abnahme ausstehend; keine pauschale Produktionsfreigabe.

    <!-- library-status:end -->

    Gewährt einem Benutzer oder Service Principal (SPN) Zugriff auf Secrets/Keys/Zertifikate in einem KeyVault.

    Parameter:
    - VaultName: Name des KeyVaults
    - ResourceGroupName: RG des KeyVaults
    - UserEmail: (Optional) E-Mail (UPN) eines Benutzers
    - ObjectId: (Optional) Object ID eines Benutzers/SPN/Gruppe
    - PermissionsToSecrets: Array von Rechten (z.B. Get, List, Set, Delete)

## Prüfung

Keine fachliche Freigabe aus der Katalogerstellung ableiten.

- static: aktueller erfolgreicher Nachweis fehlt
- pester: aktueller erfolgreicher Nachweis fehlt
- windows: aktueller erfolgreicher Nachweis fehlt
- tenant: aktueller erfolgreicher Nachweis fehlt

## Voraussetzungen

- Module: Skript prüfen; keine Cloud-Module erkannt.
- Dokumentierte Graph-Scopes: Nicht angegeben; vor Tenant-Nutzung prüfen.
- Hilfsdateien: Keine lokale Hilfsdatei erkannt.

## Verwendung

Noch kein geprüftes Aufrufbeispiel dokumentiert. Parameter mit `Get-Help './01_Azure_Infrastructure/007_New-AzKeyVaultAccessPolicy.ps1' -Full` lesen.

## Quelle

[PowerShell-Datei auf GitHub](https://github.com/Kaffeeundcode/Intune-Scripts/blob/main/01_Azure_Infrastructure/007_New-AzKeyVaultAccessPolicy.ps1)

Prüfungen gelten nur für den dokumentierten Quellstand und Testumfang.
","01_Azure_Infrastructure","01_Azure_Infrastructure/007_New-AzKeyVaultAccessPolicy.ps1","unreviewed","Ungeprüft","false","elevated"
"get-az-public-ip-address-usage","Get-AzPublicIpAddressUsage","# Get-AzPublicIpAddressUsage

**Prüfstatus: Ungeprüft**

Listet alle Public IP Adressen auf und zeigt, wo sie verwendet werden.

<!-- library-status:start -->
    Prüfstatus: Ungeprüft
    Windows- und Tenant-Abnahme ausstehend; keine pauschale Produktionsfreigabe.

    <!-- library-status:end -->

    Hilft, verwaiste öffentliche IPs zu finden oder einen Überblick über die externen Zugriffspunkte zu bekommen.
    Zeigt IP-Adresse, DNS-Name und zugeordnete Ressource (NIC, Load Balancer, VPN Gateway).

    Parameter:
    - ResourceGroupName: (Optional) Filter auf eine RG. Wenn leer, wird die ganze Subscription durchsucht.

## Prüfung

Keine fachliche Freigabe aus der Katalogerstellung ableiten.

- static: aktueller erfolgreicher Nachweis fehlt
- pester: aktueller erfolgreicher Nachweis fehlt
- windows: aktueller erfolgreicher Nachweis fehlt
- tenant: aktueller erfolgreicher Nachweis fehlt

## Voraussetzungen

- Module: Az
- Dokumentierte Graph-Scopes: Nicht angegeben; vor Tenant-Nutzung prüfen.
- Hilfsdateien: Keine lokale Hilfsdatei erkannt.

## Verwendung

Noch kein geprüftes Aufrufbeispiel dokumentiert. Parameter mit `Get-Help './01_Azure_Infrastructure/008_Get-AzPublicIpAddressUsage.ps1' -Full` lesen.

## Quelle

[PowerShell-Datei auf GitHub](https://github.com/Kaffeeundcode/Intune-Scripts/blob/main/01_Azure_Infrastructure/008_Get-AzPublicIpAddressUsage.ps1)

Prüfungen gelten nur für den dokumentierten Quellstand und Testumfang.
","01_Azure_Infrastructure","01_Azure_Infrastructure/008_Get-AzPublicIpAddressUsage.ps1","unreviewed","Ungeprüft","false","normal"
"set-az-sql-database-auditing","Set-AzSqlDatabaseAuditing","# Set-AzSqlDatabaseAuditing

**Prüfstatus: Ungeprüft**

Aktiviert das Blob-Auditing für einen Azure SQL Server.

<!-- library-status:start -->
    Prüfstatus: Ungeprüft
    Windows- und Tenant-Abnahme ausstehend; keine pauschale Produktionsfreigabe.

    <!-- library-status:end -->

    Aktiviert Auditing für einen gesamten logischen SQL Server und speichert die Audit-Logs in einem Storage Account.
    Dies ist wichtig für Compliance und Security-Überwachung.

    Parameter:
    - ResourceGroupName: RG des SQL Servers
    - ServerName: Name des SQL Servers
    - StorageAccountName: Ziel-Storage Account für Audit Logs

## Prüfung

Keine fachliche Freigabe aus der Katalogerstellung ableiten.

- static: aktueller erfolgreicher Nachweis fehlt
- pester: aktueller erfolgreicher Nachweis fehlt
- windows: aktueller erfolgreicher Nachweis fehlt
- tenant: aktueller erfolgreicher Nachweis fehlt

## Voraussetzungen

- Module: Az
- Dokumentierte Graph-Scopes: Nicht angegeben; vor Tenant-Nutzung prüfen.
- Hilfsdateien: Keine lokale Hilfsdatei erkannt.

## Verwendung

Noch kein geprüftes Aufrufbeispiel dokumentiert. Parameter mit `Get-Help './01_Azure_Infrastructure/009_Set-AzSqlDatabaseAuditing.ps1' -Full` lesen.

## Quelle

[PowerShell-Datei auf GitHub](https://github.com/Kaffeeundcode/Intune-Scripts/blob/main/01_Azure_Infrastructure/009_Set-AzSqlDatabaseAuditing.ps1)

Prüfungen gelten nur für den dokumentierten Quellstand und Testumfang.
","01_Azure_Infrastructure","01_Azure_Infrastructure/009_Set-AzSqlDatabaseAuditing.ps1","unreviewed","Ungeprüft","false","elevated"
"export-az-activity-log","Export-AzActivityLog","# Export-AzActivityLog

**Prüfstatus: Ungeprüft**

Exportiert das Azure Activity Log der letzten X Tage in eine CSV-Datei.

<!-- library-status:start -->
    Prüfstatus: Ungeprüft
    Windows- und Tenant-Abnahme ausstehend; keine pauschale Produktionsfreigabe.

    <!-- library-status:end -->

    Das Activity Log enthält alle ""Control Plane"" Ereignisse (wer hat was wann erstellt/gelöscht/geändert).
    Dieses Skript exportiert diese Daten für Audit-Zwecke.

    Parameter:
    - Days: Anzahl der Tage (Default: 7)
    - OutputPath: Pfad zur CSV-Datei (Default: User Desktop)

## Prüfung

Keine fachliche Freigabe aus der Katalogerstellung ableiten.

- static: aktueller erfolgreicher Nachweis fehlt
- pester: aktueller erfolgreicher Nachweis fehlt
- windows: aktueller erfolgreicher Nachweis fehlt
- tenant: aktueller erfolgreicher Nachweis fehlt

## Voraussetzungen

- Module: Az
- Dokumentierte Graph-Scopes: Nicht angegeben; vor Tenant-Nutzung prüfen.
- Hilfsdateien: Keine lokale Hilfsdatei erkannt.

## Verwendung

Noch kein geprüftes Aufrufbeispiel dokumentiert. Parameter mit `Get-Help './01_Azure_Infrastructure/010_Export-AzActivityLog.ps1' -Full` lesen.

## Quelle

[PowerShell-Datei auf GitHub](https://github.com/Kaffeeundcode/Intune-Scripts/blob/main/01_Azure_Infrastructure/010_Export-AzActivityLog.ps1)

Prüfungen gelten nur für den dokumentierten Quellstand und Testumfang.
","01_Azure_Infrastructure","01_Azure_Infrastructure/010_Export-AzActivityLog.ps1","unreviewed","Ungeprüft","false","normal"
"get-az-subscription-quotas","Get-AzSubscriptionQuotas","# Get-AzSubscriptionQuotas

**Prüfstatus: Ungeprüft**

Prüft die Nutzungsquoten (vCPUs) in einer Region und warnt bei hohem Verbrauch.

<!-- library-status:start -->
    Prüfstatus: Ungeprüft
    Windows- und Tenant-Abnahme ausstehend; keine pauschale Produktionsfreigabe.

    <!-- library-status:end -->

    Azure Subscriptions haben Limits für vCPUs pro Region.
    Dieses Skript listet die aktuelle Auslastung auf, um Engpässe vor Deployments zu erkennen.

    Parameter:
    - Region: Azure Region (z.B. 'westeurope')

## Prüfung

Keine fachliche Freigabe aus der Katalogerstellung ableiten.

- static: aktueller erfolgreicher Nachweis fehlt
- pester: aktueller erfolgreicher Nachweis fehlt
- windows: aktueller erfolgreicher Nachweis fehlt
- tenant: aktueller erfolgreicher Nachweis fehlt

## Voraussetzungen

- Module: Az
- Dokumentierte Graph-Scopes: Nicht angegeben; vor Tenant-Nutzung prüfen.
- Hilfsdateien: Keine lokale Hilfsdatei erkannt.

## Verwendung

Noch kein geprüftes Aufrufbeispiel dokumentiert. Parameter mit `Get-Help './01_Azure_Infrastructure/011_Get-AzSubscriptionQuotas.ps1' -Full` lesen.

## Quelle

[PowerShell-Datei auf GitHub](https://github.com/Kaffeeundcode/Intune-Scripts/blob/main/01_Azure_Infrastructure/011_Get-AzSubscriptionQuotas.ps1)

Prüfungen gelten nur für den dokumentierten Quellstand und Testumfang.
","01_Azure_Infrastructure","01_Azure_Infrastructure/011_Get-AzSubscriptionQuotas.ps1","unreviewed","Ungeprüft","false","normal"
"new-az-storage-container-sas","New-AzStorageContainerSAS","# New-AzStorageContainerSAS

**Prüfstatus: Ungeprüft**

Erstellt ein SAS-Token (Shared Access Signature) für einen Storage Container.

<!-- library-status:start -->
    Prüfstatus: Ungeprüft
    Windows- und Tenant-Abnahme ausstehend; keine pauschale Produktionsfreigabe.

    <!-- library-status:end -->

    SAS-Tokens ermöglichen zeitbegrenzten Zugriff auf Storage-Ressourcen ohne Key-Weitergabe.
    Dieses Skript generiert ein Token für einen spezifischen Container.

    Parameter:
    - ResourceGroupName: RG Name
    - StorageAccountName: Storage Name
    - ContainerName: Container Name
    - ValidityHours: Gültigkeitsdauer in Stunden (Default: 24)
    - Permission: Rechte (r=Read, w=Write, d=Delete, l=List) (Default: 'rl')

## Prüfung

Keine fachliche Freigabe aus der Katalogerstellung ableiten.

- static: aktueller erfolgreicher Nachweis fehlt
- pester: aktueller erfolgreicher Nachweis fehlt
- windows: aktueller erfolgreicher Nachweis fehlt
- tenant: aktueller erfolgreicher Nachweis fehlt

## Voraussetzungen

- Module: Az
- Dokumentierte Graph-Scopes: Nicht angegeben; vor Tenant-Nutzung prüfen.
- Hilfsdateien: Keine lokale Hilfsdatei erkannt.

## Verwendung

Noch kein geprüftes Aufrufbeispiel dokumentiert. Parameter mit `Get-Help './01_Azure_Infrastructure/012_New-AzStorageContainerSAS.ps1' -Full` lesen.

## Quelle

[PowerShell-Datei auf GitHub](https://github.com/Kaffeeundcode/Intune-Scripts/blob/main/01_Azure_Infrastructure/012_New-AzStorageContainerSAS.ps1)

Prüfungen gelten nur für den dokumentierten Quellstand und Testumfang.
","01_Azure_Infrastructure","01_Azure_Infrastructure/012_New-AzStorageContainerSAS.ps1","unreviewed","Ungeprüft","false","elevated"
"get-az-vnet-subnet-usage","Get-AzVNetSubnetUsage","# Get-AzVNetSubnetUsage

**Prüfstatus: Ungeprüft**

Zeigt die Belegung von Subnetzen in einem virtuellen Netzwerk an.

<!-- library-status:start -->
    Prüfstatus: Ungeprüft
    Windows- und Tenant-Abnahme ausstehend; keine pauschale Produktionsfreigabe.

    <!-- library-status:end -->

    Hilft bei der Planung von neuen Deployments, um sicherzustellen, dass genügend IP-Adressen im Subnetz frei sind.

    Parameter:
    - ResourceGroupName: RG Name
    - VNetName: Name des VNet

## Prüfung

Keine fachliche Freigabe aus der Katalogerstellung ableiten.

- static: aktueller erfolgreicher Nachweis fehlt
- pester: aktueller erfolgreicher Nachweis fehlt
- windows: aktueller erfolgreicher Nachweis fehlt
- tenant: aktueller erfolgreicher Nachweis fehlt

## Voraussetzungen

- Module: Az
- Dokumentierte Graph-Scopes: Nicht angegeben; vor Tenant-Nutzung prüfen.
- Hilfsdateien: Keine lokale Hilfsdatei erkannt.

## Verwendung

Noch kein geprüftes Aufrufbeispiel dokumentiert. Parameter mit `Get-Help './01_Azure_Infrastructure/013_Get-AzVNetSubnetUsage.ps1' -Full` lesen.

## Quelle

[PowerShell-Datei auf GitHub](https://github.com/Kaffeeundcode/Intune-Scripts/blob/main/01_Azure_Infrastructure/013_Get-AzVNetSubnetUsage.ps1)

Prüfungen gelten nur für den dokumentierten Quellstand und Testumfang.
","01_Azure_Infrastructure","01_Azure_Infrastructure/013_Get-AzVNetSubnetUsage.ps1","unreviewed","Ungeprüft","false","normal"
"set-az-resource-lock","Set-AzResourceLock","# Set-AzResourceLock

**Prüfstatus: Ungeprüft**

Setzt einen 'CanNotDelete'-Lock auf kritische Ressourcen, um versehentliches Löschen zu verhindern.

<!-- library-status:start -->
    Prüfstatus: Ungeprüft
    Windows- und Tenant-Abnahme ausstehend; keine pauschale Produktionsfreigabe.

    <!-- library-status:end -->

    Resource Locks sind ein wichtiger Schutzmechanismus.
    Dieses Skript setzt einen Lock auf eine Ressourcengruppe oder eine spezifische Ressource.

    Parameter:
    - ResourceGroupName: RG Name
    - ResourceName: (Optional) Name der Ressource. Wenn leer, wird die ganze RG gesperrt.
    - ResourceType: (Optional) Typ der Ressource (z.B. Microsoft.Storage/storageAccounts) - Pflicht wenn ResourceName gesetzt.
    - LockName: Name des Locks (Default: 'Auto-Protection-Lock')

## Prüfung

Keine fachliche Freigabe aus der Katalogerstellung ableiten.

- static: aktueller erfolgreicher Nachweis fehlt
- pester: aktueller erfolgreicher Nachweis fehlt
- windows: aktueller erfolgreicher Nachweis fehlt
- tenant: aktueller erfolgreicher Nachweis fehlt

## Voraussetzungen

- Module: Skript prüfen; keine Cloud-Module erkannt.
- Dokumentierte Graph-Scopes: Nicht angegeben; vor Tenant-Nutzung prüfen.
- Hilfsdateien: Keine lokale Hilfsdatei erkannt.

## Verwendung

Noch kein geprüftes Aufrufbeispiel dokumentiert. Parameter mit `Get-Help './01_Azure_Infrastructure/014_Set-AzResourceLock.ps1' -Full` lesen.

## Quelle

[PowerShell-Datei auf GitHub](https://github.com/Kaffeeundcode/Intune-Scripts/blob/main/01_Azure_Infrastructure/014_Set-AzResourceLock.ps1)

Prüfungen gelten nur für den dokumentierten Quellstand und Testumfang.
","01_Azure_Infrastructure","01_Azure_Infrastructure/014_Set-AzResourceLock.ps1","unreviewed","Ungeprüft","false","elevated"
"get-az-recovery-services-backup-status","Get-AzRecoveryServicesBackupStatus","# Get-AzRecoveryServicesBackupStatus

**Prüfstatus: Ungeprüft**

Prüft den Backup-Status aller VMs in einem Recovery Services Vault.

<!-- library-status:start -->
    Prüfstatus: Ungeprüft
    Windows- und Tenant-Abnahme ausstehend; keine pauschale Produktionsfreigabe.

    <!-- library-status:end -->

    Zeigt an, welche VMs geschützt sind, wann das letzte Backup lief und ob es Fehler gab.

    Parameter:
    - ResourceGroupName: RG des Vaults
    - VaultName: Name des Recovery Services Vault

## Prüfung

Keine fachliche Freigabe aus der Katalogerstellung ableiten.

- static: aktueller erfolgreicher Nachweis fehlt
- pester: aktueller erfolgreicher Nachweis fehlt
- windows: aktueller erfolgreicher Nachweis fehlt
- tenant: aktueller erfolgreicher Nachweis fehlt

## Voraussetzungen

- Module: Az
- Dokumentierte Graph-Scopes: Nicht angegeben; vor Tenant-Nutzung prüfen.
- Hilfsdateien: Keine lokale Hilfsdatei erkannt.

## Verwendung

Noch kein geprüftes Aufrufbeispiel dokumentiert. Parameter mit `Get-Help './01_Azure_Infrastructure/015_Get-AzRecoveryServicesBackupStatus.ps1' -Full` lesen.

## Quelle

[PowerShell-Datei auf GitHub](https://github.com/Kaffeeundcode/Intune-Scripts/blob/main/01_Azure_Infrastructure/015_Get-AzRecoveryServicesBackupStatus.ps1)

Prüfungen gelten nur für den dokumentierten Quellstand und Testumfang.
","01_Azure_Infrastructure","01_Azure_Infrastructure/015_Get-AzRecoveryServicesBackupStatus.ps1","unreviewed","Ungeprüft","false","elevated"
"new-az-bastion-host","New-AzBastionHost","# New-AzBastionHost

**Prüfstatus: Ungeprüft**

Erstellt einen Azure Bastion Host für sicheren VM-Zugriff.

<!-- library-status:start -->
    Prüfstatus: Ungeprüft
    Windows- und Tenant-Abnahme ausstehend; keine pauschale Produktionsfreigabe.

    <!-- library-status:end -->

    Azure Bastion ermöglicht RDP/SSH-Zugriff über SSL ohne Public IPs an den VMs.
    Dieses Skript erstellt den Bastion Host inkl. Public IP.
    Benötigt ein Subnetz namens 'AzureBastionSubnet' (min. /26).

    Parameter:
    - ResourceGroupName: RG Name
    - BastionName: Name des Bastion Service
    - VNetName: Name des Ziel-VNets
    - Location: Region

## Prüfung

Keine fachliche Freigabe aus der Katalogerstellung ableiten.

- static: aktueller erfolgreicher Nachweis fehlt
- pester: aktueller erfolgreicher Nachweis fehlt
- windows: aktueller erfolgreicher Nachweis fehlt
- tenant: aktueller erfolgreicher Nachweis fehlt

## Voraussetzungen

- Module: Az
- Dokumentierte Graph-Scopes: Nicht angegeben; vor Tenant-Nutzung prüfen.
- Hilfsdateien: Keine lokale Hilfsdatei erkannt.

## Verwendung

Noch kein geprüftes Aufrufbeispiel dokumentiert. Parameter mit `Get-Help './01_Azure_Infrastructure/016_New-AzBastionHost.ps1' -Full` lesen.

## Quelle

[PowerShell-Datei auf GitHub](https://github.com/Kaffeeundcode/Intune-Scripts/blob/main/01_Azure_Infrastructure/016_New-AzBastionHost.ps1)

Prüfungen gelten nur für den dokumentierten Quellstand und Testumfang.
","01_Azure_Infrastructure","01_Azure_Infrastructure/016_New-AzBastionHost.ps1","unreviewed","Ungeprüft","false","elevated"
"get-az-load-balancer-health","Get-AzLoadBalancerHealth","# Get-AzLoadBalancerHealth

**Prüfstatus: Ungeprüft**

Prüft den Health Probe Status eines Azure Load Balancers.

<!-- library-status:start -->
    Prüfstatus: Ungeprüft
    Windows- und Tenant-Abnahme ausstehend; keine pauschale Produktionsfreigabe.

    <!-- library-status:end -->

    Zeigt an, wie viele Instanzen im Backend Pool ""Healthy"" oder ""Unhealthy"" sind.
    Nutzt 'Get-AzLoadBalancerProbeConfig' und Backend Health Metrics.

    Parameter:
    - ResourceGroupName: RG Name
    - LoadBalancerName: Name des LBs

## Prüfung

Keine fachliche Freigabe aus der Katalogerstellung ableiten.

- static: aktueller erfolgreicher Nachweis fehlt
- pester: aktueller erfolgreicher Nachweis fehlt
- windows: aktueller erfolgreicher Nachweis fehlt
- tenant: aktueller erfolgreicher Nachweis fehlt

## Voraussetzungen

- Module: Az
- Dokumentierte Graph-Scopes: Nicht angegeben; vor Tenant-Nutzung prüfen.
- Hilfsdateien: Keine lokale Hilfsdatei erkannt.

## Verwendung

Noch kein geprüftes Aufrufbeispiel dokumentiert. Parameter mit `Get-Help './01_Azure_Infrastructure/017_Get-AzLoadBalancerHealth.ps1' -Full` lesen.

## Quelle

[PowerShell-Datei auf GitHub](https://github.com/Kaffeeundcode/Intune-Scripts/blob/main/01_Azure_Infrastructure/017_Get-AzLoadBalancerHealth.ps1)

Prüfungen gelten nur für den dokumentierten Quellstand und Testumfang.
","01_Azure_Infrastructure","01_Azure_Infrastructure/017_Get-AzLoadBalancerHealth.ps1","unreviewed","Ungeprüft","false","normal"
"set-az-diagnositc-setting-template","Set-AzDiagnositcSettingTemplate","# Set-AzDiagnositcSettingTemplate

**Prüfstatus: Ungeprüft**

Erstellt Diagnostic Settings für eine Ressource (Logs an Log Analytics senden).

<!-- library-status:start -->
    Prüfstatus: Ungeprüft
    Windows- und Tenant-Abnahme ausstehend; keine pauschale Produktionsfreigabe.

    <!-- library-status:end -->

    Aktiviert das Senden von Logs und Metriken an einen Log Analytics Workspace.

    Parameter:
    - ResourceId: ID der Zielressource (z.B. KeyVault, NIC, LB)
    - WorkspaceId: ID des Log Analytics Workspace
    - SettingName: Name des Settings (Default: 'Send-To-Laws')

## Prüfung

Keine fachliche Freigabe aus der Katalogerstellung ableiten.

- static: aktueller erfolgreicher Nachweis fehlt
- pester: aktueller erfolgreicher Nachweis fehlt
- windows: aktueller erfolgreicher Nachweis fehlt
- tenant: aktueller erfolgreicher Nachweis fehlt

## Voraussetzungen

- Module: Skript prüfen; keine Cloud-Module erkannt.
- Dokumentierte Graph-Scopes: Nicht angegeben; vor Tenant-Nutzung prüfen.
- Hilfsdateien: Keine lokale Hilfsdatei erkannt.

## Verwendung

Noch kein geprüftes Aufrufbeispiel dokumentiert. Parameter mit `Get-Help './01_Azure_Infrastructure/018_Set-AzDiagnositcSettingTemplate.ps1' -Full` lesen.

## Quelle

[PowerShell-Datei auf GitHub](https://github.com/Kaffeeundcode/Intune-Scripts/blob/main/01_Azure_Infrastructure/018_Set-AzDiagnositcSettingTemplate.ps1)

Prüfungen gelten nur für den dokumentierten Quellstand und Testumfang.
","01_Azure_Infrastructure","01_Azure_Infrastructure/018_Set-AzDiagnositcSettingTemplate.ps1","unreviewed","Ungeprüft","false","elevated"
"get-az-policy-compliance-state","Get-AzPolicyComplianceState","# Get-AzPolicyComplianceState

**Prüfstatus: Ungeprüft**

Ruft den Compliance-Status von Azure Policies für eine Subscription oder Ressource ab.

<!-- library-status:start -->
    Prüfstatus: Ungeprüft
    Windows- und Tenant-Abnahme ausstehend; keine pauschale Produktionsfreigabe.

    <!-- library-status:end -->

    Zeigt an, ob Ressourcen ""Compliant"" oder ""NonCompliant"" sind.

    Parameter:
    - Scope: (Optional) Scope (Subscription ID oder RG Pfad). Default: Aktuelle Subscription.

## Prüfung

Keine fachliche Freigabe aus der Katalogerstellung ableiten.

- static: aktueller erfolgreicher Nachweis fehlt
- pester: aktueller erfolgreicher Nachweis fehlt
- windows: aktueller erfolgreicher Nachweis fehlt
- tenant: aktueller erfolgreicher Nachweis fehlt

## Voraussetzungen

- Module: Az
- Dokumentierte Graph-Scopes: Nicht angegeben; vor Tenant-Nutzung prüfen.
- Hilfsdateien: Keine lokale Hilfsdatei erkannt.

## Verwendung

Noch kein geprüftes Aufrufbeispiel dokumentiert. Parameter mit `Get-Help './01_Azure_Infrastructure/019_Get-AzPolicyComplianceState.ps1' -Full` lesen.

## Quelle

[PowerShell-Datei auf GitHub](https://github.com/Kaffeeundcode/Intune-Scripts/blob/main/01_Azure_Infrastructure/019_Get-AzPolicyComplianceState.ps1)

Prüfungen gelten nur für den dokumentierten Quellstand und Testumfang.
","01_Azure_Infrastructure","01_Azure_Infrastructure/019_Get-AzPolicyComplianceState.ps1","unreviewed","Ungeprüft","false","normal"
"remove-az-empty-resource-groups","Remove-AzEmptyResourceGroups","# Remove-AzEmptyResourceGroups

**Prüfstatus: Ungeprüft**

Findet und löscht leere Resource Groups.

<!-- library-status:start -->
    Prüfstatus: Ungeprüft
    Windows- und Tenant-Abnahme ausstehend; keine pauschale Produktionsfreigabe.

    <!-- library-status:end -->

    Leere RGs verschmutzen die Umgebung. Dieses Skript findet Gruppen ohne Ressourcen.
    Mit -Delete werden sie gelöscht.

    Parameter:
    - Delete: Switch zum Löschen.

## Prüfung

Keine fachliche Freigabe aus der Katalogerstellung ableiten.

- static: aktueller erfolgreicher Nachweis fehlt
- pester: aktueller erfolgreicher Nachweis fehlt
- windows: aktueller erfolgreicher Nachweis fehlt
- tenant: aktueller erfolgreicher Nachweis fehlt

## Voraussetzungen

- Module: Az
- Dokumentierte Graph-Scopes: Nicht angegeben; vor Tenant-Nutzung prüfen.
- Hilfsdateien: Keine lokale Hilfsdatei erkannt.

## Verwendung

Noch kein geprüftes Aufrufbeispiel dokumentiert. Parameter mit `Get-Help './01_Azure_Infrastructure/020_Remove-AzEmptyResourceGroups.ps1' -Full` lesen.

## Quelle

[PowerShell-Datei auf GitHub](https://github.com/Kaffeeundcode/Intune-Scripts/blob/main/01_Azure_Infrastructure/020_Remove-AzEmptyResourceGroups.ps1)

Prüfungen gelten nur für den dokumentierten Quellstand und Testumfang.
","01_Azure_Infrastructure","01_Azure_Infrastructure/020_Remove-AzEmptyResourceGroups.ps1","unreviewed","Ungeprüft","false","elevated"
"sync-intune-device","Sync-IntuneDevice","# Sync-IntuneDevice

**Prüfstatus: Ungeprüft**

Löst eine manuelle Synchronisierung für ein bestimmtes Intune-Gerät aus.

<!-- library-status:start -->
    Prüfstatus: Ungeprüft
    Windows- und Tenant-Abnahme ausstehend; keine pauschale Produktionsfreigabe.

    <!-- library-status:end -->

    Gezielte Geraeteaktion mit -WhatIf und Bestaetigung. Keine automatische Wiederholung einer Mutation.
    Graph-Scopes: DeviceManagementManagedDevices.Read.All, DeviceManagementManagedDevices.PrivilegedOperations.All.
    Hilfslogik ist enthalten. Benoetigt Microsoft.Graph.Authentication.
    Alle Abfragen sind vollstaendig paginiert; nicht eindeutige Geraetenamen brechen den Lauf ab.

## Prüfung

Keine fachliche Freigabe aus der Katalogerstellung ableiten.

- static: aktueller erfolgreicher Nachweis fehlt
- pester: aktueller erfolgreicher Nachweis fehlt
- windows: aktueller erfolgreicher Nachweis fehlt
- tenant: aktueller erfolgreicher Nachweis fehlt

## Voraussetzungen

- Module: Microsoft.Graph.Authentication
- Dokumentierte Graph-Scopes: DeviceManagementManagedDevices.Read.All, DeviceManagementManagedDevices.PrivilegedOperations.All
- Hilfsdateien: Keine lokale Hilfsdatei erkannt.

## Verwendung

```powershell
./01_Device_Management/01_Sync-IntuneDevice.ps1 -DeviceId ""managed-device-id"" -WhatIf
```

## Quelle

[PowerShell-Datei auf GitHub](https://github.com/Kaffeeundcode/Intune-Scripts/blob/main/01_Device_Management/01_Sync-IntuneDevice.ps1)

Prüfungen gelten nur für den dokumentierten Quellstand und Testumfang.
","01_Device_Management","01_Device_Management/01_Sync-IntuneDevice.ps1","unreviewed","Ungeprüft","false","elevated"
"restart-intune-device","Restart-IntuneDevice","# Restart-IntuneDevice

**Prüfstatus: Ungeprüft**

Startet ein verwaltetes Gerät neu (Remote Action).

<!-- library-status:start -->
    Prüfstatus: Ungeprüft
    Windows- und Tenant-Abnahme ausstehend; keine pauschale Produktionsfreigabe.

    <!-- library-status:end -->

    Gezielte Geraeteaktion mit -WhatIf und Bestaetigung. Keine automatische Wiederholung einer Mutation.
    Graph-Scopes: DeviceManagementManagedDevices.Read.All, DeviceManagementManagedDevices.PrivilegedOperations.All.
    Hilfslogik ist enthalten. Benoetigt Microsoft.Graph.Authentication.
    Alle Abfragen sind vollstaendig paginiert; nicht eindeutige Geraetenamen brechen den Lauf ab.

## Prüfung

Keine fachliche Freigabe aus der Katalogerstellung ableiten.

- static: aktueller erfolgreicher Nachweis fehlt
- pester: aktueller erfolgreicher Nachweis fehlt
- windows: aktueller erfolgreicher Nachweis fehlt
- tenant: aktueller erfolgreicher Nachweis fehlt

## Voraussetzungen

- Module: Microsoft.Graph.Authentication
- Dokumentierte Graph-Scopes: DeviceManagementManagedDevices.Read.All, DeviceManagementManagedDevices.PrivilegedOperations.All
- Hilfsdateien: Keine lokale Hilfsdatei erkannt.

## Verwendung

```powershell
./01_Device_Management/02_Restart-IntuneDevice.ps1 -DeviceId ""managed-device-id"" -WhatIf
```

## Quelle

[PowerShell-Datei auf GitHub](https://github.com/Kaffeeundcode/Intune-Scripts/blob/main/01_Device_Management/02_Restart-IntuneDevice.ps1)

Prüfungen gelten nur für den dokumentierten Quellstand und Testumfang.
","01_Device_Management","01_Device_Management/02_Restart-IntuneDevice.ps1","unreviewed","Ungeprüft","false","elevated"
"rename-intune-device","Rename-IntuneDevice","# Rename-IntuneDevice

**Prüfstatus: Ungeprüft**

Benennt ein Intune-Gerät um.

<!-- library-status:start -->
    Prüfstatus: Ungeprüft
    Windows- und Tenant-Abnahme ausstehend; keine pauschale Produktionsfreigabe.

    <!-- library-status:end -->

    Gezielte Geraeteaktion mit -WhatIf und Bestaetigung. Keine automatische Wiederholung einer Mutation.
    Graph-Scopes: DeviceManagementManagedDevices.Read.All, DeviceManagementManagedDevices.PrivilegedOperations.All.
    Hilfslogik ist enthalten. Benoetigt Microsoft.Graph.Authentication.
    Alle Abfragen sind vollstaendig paginiert; nicht eindeutige Geraetenamen brechen den Lauf ab.

## Prüfung

Keine fachliche Freigabe aus der Katalogerstellung ableiten.

- static: aktueller erfolgreicher Nachweis fehlt
- pester: aktueller erfolgreicher Nachweis fehlt
- windows: aktueller erfolgreicher Nachweis fehlt
- tenant: aktueller erfolgreicher Nachweis fehlt

## Voraussetzungen

- Module: Microsoft.Graph.Authentication
- Dokumentierte Graph-Scopes: DeviceManagementManagedDevices.Read.All, DeviceManagementManagedDevices.PrivilegedOperations.All
- Hilfsdateien: Keine lokale Hilfsdatei erkannt.

## Verwendung

```powershell
./01_Device_Management/03_Rename-IntuneDevice.ps1 -DeviceId ""managed-device-id"" -NewName ""TEST-PC-02"" -WhatIf
```

## Quelle

[PowerShell-Datei auf GitHub](https://github.com/Kaffeeundcode/Intune-Scripts/blob/main/01_Device_Management/03_Rename-IntuneDevice.ps1)

Prüfungen gelten nur für den dokumentierten Quellstand und Testumfang.
","01_Device_Management","01_Device_Management/03_Rename-IntuneDevice.ps1","unreviewed","Ungeprüft","false","elevated"
"wipe-intune-device","Wipe-IntuneDevice","# Wipe-IntuneDevice

**Prüfstatus: Ungeprüft**

Setzt ein Gerät auf Werkseinstellungen zurück (Wipe).

<!-- library-status:start -->
    Prüfstatus: Ungeprüft
    Windows- und Tenant-Abnahme ausstehend; keine pauschale Produktionsfreigabe.

    <!-- library-status:end -->

    Gezielte Geraeteaktion mit -WhatIf und Bestaetigung. Keine automatische Wiederholung einer Mutation.
    Graph-Scopes: DeviceManagementManagedDevices.Read.All, DeviceManagementManagedDevices.PrivilegedOperations.All.
    Hilfslogik ist enthalten. Benoetigt Microsoft.Graph.Authentication.
    Alle Abfragen sind vollstaendig paginiert; nicht eindeutige Geraetenamen brechen den Lauf ab.

## Prüfung

Keine fachliche Freigabe aus der Katalogerstellung ableiten.

- static: aktueller erfolgreicher Nachweis fehlt
- pester: aktueller erfolgreicher Nachweis fehlt
- windows: aktueller erfolgreicher Nachweis fehlt
- tenant: aktueller erfolgreicher Nachweis fehlt

## Voraussetzungen

- Module: Microsoft.Graph.Authentication
- Dokumentierte Graph-Scopes: DeviceManagementManagedDevices.Read.All, DeviceManagementManagedDevices.PrivilegedOperations.All
- Hilfsdateien: Keine lokale Hilfsdatei erkannt.

## Verwendung

```powershell
./01_Device_Management/04_Wipe-IntuneDevice.ps1 -DeviceId ""managed-device-id"" -WhatIf
```

## Quelle

[PowerShell-Datei auf GitHub](https://github.com/Kaffeeundcode/Intune-Scripts/blob/main/01_Device_Management/04_Wipe-IntuneDevice.ps1)

Prüfungen gelten nur für den dokumentierten Quellstand und Testumfang.
","01_Device_Management","01_Device_Management/04_Wipe-IntuneDevice.ps1","unreviewed","Ungeprüft","false","elevated"
"get-intune-device-details","Get-IntuneDeviceDetails","# Get-IntuneDeviceDetails

**Prüfstatus: Ungeprüft**

Ruft detaillierte Informationen zu einem Gerät ab.

<!-- library-status:start -->
    Prüfstatus: Ungeprüft
    Windows- und Tenant-Abnahme ausstehend; keine pauschale Produktionsfreigabe.

    <!-- library-status:end -->

    Liest Geraet und die users-Beziehung; liefert weiterverarbeitbare PowerShell-Objekte.
    Graph-Scopes: DeviceManagementManagedDevices.Read.All.
    Hilfslogik ist enthalten. Benoetigt Microsoft.Graph.Authentication.
    Alle Abfragen sind vollstaendig paginiert; nicht eindeutige Geraetenamen brechen den Lauf ab.

## Prüfung

Keine fachliche Freigabe aus der Katalogerstellung ableiten.

- static: aktueller erfolgreicher Nachweis fehlt
- pester: aktueller erfolgreicher Nachweis fehlt
- windows: aktueller erfolgreicher Nachweis fehlt
- tenant: aktueller erfolgreicher Nachweis fehlt

## Voraussetzungen

- Module: Microsoft.Graph.Authentication
- Dokumentierte Graph-Scopes: DeviceManagementManagedDevices.Read.All
- Hilfsdateien: Keine lokale Hilfsdatei erkannt.

## Verwendung

```powershell
./01_Device_Management/05_Get-IntuneDeviceDetails.ps1 -DeviceName ""TEST-PC""
```

## Quelle

[PowerShell-Datei auf GitHub](https://github.com/Kaffeeundcode/Intune-Scripts/blob/main/01_Device_Management/05_Get-IntuneDeviceDetails.ps1)

Prüfungen gelten nur für den dokumentierten Quellstand und Testumfang.
","01_Device_Management","01_Device_Management/05_Get-IntuneDeviceDetails.ps1","unreviewed","Ungeprüft","false","elevated"
"retire-intune-device","Retire-IntuneDevice","# Retire-IntuneDevice

**Prüfstatus: Ungeprüft**

Entfernt Unternehmensdaten von einem Gerät (Retire).

<!-- library-status:start -->
    Prüfstatus: Ungeprüft
    Windows- und Tenant-Abnahme ausstehend; keine pauschale Produktionsfreigabe.

    <!-- library-status:end -->

    Gezielte Geraeteaktion mit -WhatIf und Bestaetigung. Keine automatische Wiederholung einer Mutation.
    Graph-Scopes: DeviceManagementManagedDevices.Read.All, DeviceManagementManagedDevices.PrivilegedOperations.All.
    Hilfslogik ist enthalten. Benoetigt Microsoft.Graph.Authentication.
    Alle Abfragen sind vollstaendig paginiert; nicht eindeutige Geraetenamen brechen den Lauf ab.

## Prüfung

Keine fachliche Freigabe aus der Katalogerstellung ableiten.

- static: aktueller erfolgreicher Nachweis fehlt
- pester: aktueller erfolgreicher Nachweis fehlt
- windows: aktueller erfolgreicher Nachweis fehlt
- tenant: aktueller erfolgreicher Nachweis fehlt

## Voraussetzungen

- Module: Microsoft.Graph.Authentication
- Dokumentierte Graph-Scopes: DeviceManagementManagedDevices.Read.All, DeviceManagementManagedDevices.PrivilegedOperations.All
- Hilfsdateien: Keine lokale Hilfsdatei erkannt.

## Verwendung

```powershell
./01_Device_Management/06_Retire-IntuneDevice.ps1 -DeviceId ""managed-device-id"" -WhatIf
```

## Quelle

[PowerShell-Datei auf GitHub](https://github.com/Kaffeeundcode/Intune-Scripts/blob/main/01_Device_Management/06_Retire-IntuneDevice.ps1)

Prüfungen gelten nur für den dokumentierten Quellstand und Testumfang.
","01_Device_Management","01_Device_Management/06_Retire-IntuneDevice.ps1","unreviewed","Ungeprüft","false","elevated"
"get-device-primary-user","Get-DevicePrimaryUser","# Get-DevicePrimaryUser

**Prüfstatus: Ungeprüft**

Ermittelt den primären Benutzer eines Intune-Geräts.

<!-- library-status:start -->
    Prüfstatus: Ungeprüft
    Windows- und Tenant-Abnahme ausstehend; keine pauschale Produktionsfreigabe.

    <!-- library-status:end -->

    Liest Geraet und die users-Beziehung; liefert weiterverarbeitbare PowerShell-Objekte.
    Graph-Scopes: DeviceManagementManagedDevices.Read.All.
    Hilfslogik ist enthalten. Benoetigt Microsoft.Graph.Authentication.
    Alle Abfragen sind vollstaendig paginiert; nicht eindeutige Geraetenamen brechen den Lauf ab.

## Prüfung

Keine fachliche Freigabe aus der Katalogerstellung ableiten.

- static: aktueller erfolgreicher Nachweis fehlt
- pester: aktueller erfolgreicher Nachweis fehlt
- windows: aktueller erfolgreicher Nachweis fehlt
- tenant: aktueller erfolgreicher Nachweis fehlt

## Voraussetzungen

- Module: Microsoft.Graph.Authentication
- Dokumentierte Graph-Scopes: DeviceManagementManagedDevices.Read.All
- Hilfsdateien: Keine lokale Hilfsdatei erkannt.

## Verwendung

```powershell
./01_Device_Management/07_Get-DevicePrimaryUser.ps1 -DeviceName ""TEST-PC""
```

## Quelle

[PowerShell-Datei auf GitHub](https://github.com/Kaffeeundcode/Intune-Scripts/blob/main/01_Device_Management/07_Get-DevicePrimaryUser.ps1)

Prüfungen gelten nur für den dokumentierten Quellstand und Testumfang.
","01_Device_Management","01_Device_Management/07_Get-DevicePrimaryUser.ps1","unreviewed","Ungeprüft","false","elevated"
"set-device-primary-user","Set-DevicePrimaryUser","# Set-DevicePrimaryUser

**Prüfstatus: Ungeprüft**

Setzt oder ändert den primären Benutzer eines Intune-Geräts.

<!-- library-status:start -->
    Prüfstatus: Ungeprüft
    Windows- und Tenant-Abnahme ausstehend; keine pauschale Produktionsfreigabe.

    <!-- library-status:end -->

    Setzt die Primaerbenutzer-Referenz (Graph beta). Bereits passende Zuordnung bleibt unveraendert. Plattformunterstuetzung vorab pruefen.
    Graph-Scopes: DeviceManagementManagedDevices.ReadWrite.All, User.Read.All.
    Hilfslogik ist enthalten. Benoetigt Microsoft.Graph.Authentication.
    Alle Abfragen sind vollstaendig paginiert; nicht eindeutige Geraetenamen brechen den Lauf ab.

## Prüfung

Keine fachliche Freigabe aus der Katalogerstellung ableiten.

- static: aktueller erfolgreicher Nachweis fehlt
- pester: aktueller erfolgreicher Nachweis fehlt
- windows: aktueller erfolgreicher Nachweis fehlt
- tenant: aktueller erfolgreicher Nachweis fehlt

## Voraussetzungen

- Module: Microsoft.Graph.Authentication
- Dokumentierte Graph-Scopes: DeviceManagementManagedDevices.ReadWrite.All, User.Read.All
- Hilfsdateien: Keine lokale Hilfsdatei erkannt.

## Verwendung

```powershell
./01_Device_Management/08_Set-DevicePrimaryUser.ps1 -DeviceName ""TEST-PC"" -UserPrincipalName ""test@example.com"" -WhatIf
```

## Quelle

[PowerShell-Datei auf GitHub](https://github.com/Kaffeeundcode/Intune-Scripts/blob/main/01_Device_Management/08_Set-DevicePrimaryUser.ps1)

Prüfungen gelten nur für den dokumentierten Quellstand und Testumfang.
","01_Device_Management","01_Device_Management/08_Set-DevicePrimaryUser.ps1","unreviewed","Ungeprüft","false","elevated"
"delete-intune-device","Delete-IntuneDevice","# Delete-IntuneDevice

**Prüfstatus: Ungeprüft**

Löscht das Geräteobjekt aus Intune.

<!-- library-status:start -->
    Prüfstatus: Ungeprüft
    Windows- und Tenant-Abnahme ausstehend; keine pauschale Produktionsfreigabe.

    <!-- library-status:end -->

    Gezielte Geraeteaktion mit -WhatIf und Bestaetigung. Keine automatische Wiederholung einer Mutation.
    Graph-Scopes: DeviceManagementManagedDevices.ReadWrite.All.
    Hilfslogik ist enthalten. Benoetigt Microsoft.Graph.Authentication.
    Alle Abfragen sind vollstaendig paginiert; nicht eindeutige Geraetenamen brechen den Lauf ab.

## Prüfung

Keine fachliche Freigabe aus der Katalogerstellung ableiten.

- static: aktueller erfolgreicher Nachweis fehlt
- pester: aktueller erfolgreicher Nachweis fehlt
- windows: aktueller erfolgreicher Nachweis fehlt
- tenant: aktueller erfolgreicher Nachweis fehlt

## Voraussetzungen

- Module: Microsoft.Graph.Authentication
- Dokumentierte Graph-Scopes: DeviceManagementManagedDevices.ReadWrite.All
- Hilfsdateien: Keine lokale Hilfsdatei erkannt.

## Verwendung

```powershell
./01_Device_Management/09_Delete-IntuneDevice.ps1 -DeviceId ""managed-device-id"" -WhatIf
```

## Quelle

[PowerShell-Datei auf GitHub](https://github.com/Kaffeeundcode/Intune-Scripts/blob/main/01_Device_Management/09_Delete-IntuneDevice.ps1)

Prüfungen gelten nur für den dokumentierten Quellstand und Testumfang.
","01_Device_Management","01_Device_Management/09_Delete-IntuneDevice.ps1","unreviewed","Ungeprüft","false","elevated"
"export-all-devices","Export-AllDevices","# Export-AllDevices

**Prüfstatus: Ungeprüft**

Exportiert alle Intune-Geräte in eine CSV-Datei.

<!-- library-status:start -->
    Prüfstatus: Ungeprüft
    Windows- und Tenant-Abnahme ausstehend; keine pauschale Produktionsfreigabe.

    <!-- library-status:end -->

    CSV-/JSON-Export mit explizitem Ausgabepfad; gibt dieselben Daten auch in die Pipeline.
    Graph-Scopes: DeviceManagementManagedDevices.Read.All.
    Hilfslogik ist enthalten. Benoetigt Microsoft.Graph.Authentication.
    Alle Abfragen sind vollstaendig paginiert; nicht eindeutige Geraetenamen brechen den Lauf ab.

## Prüfung

Keine fachliche Freigabe aus der Katalogerstellung ableiten.

- static: aktueller erfolgreicher Nachweis fehlt
- pester: aktueller erfolgreicher Nachweis fehlt
- windows: aktueller erfolgreicher Nachweis fehlt
- tenant: aktueller erfolgreicher Nachweis fehlt

## Voraussetzungen

- Module: Microsoft.Graph.Authentication
- Dokumentierte Graph-Scopes: DeviceManagementManagedDevices.Read.All
- Hilfsdateien: Keine lokale Hilfsdatei erkannt.

## Verwendung

```powershell
./01_Device_Management/10_Export-AllDevices.ps1 -Path ""./reports/devices.csv""
```

## Quelle

[PowerShell-Datei auf GitHub](https://github.com/Kaffeeundcode/Intune-Scripts/blob/main/01_Device_Management/10_Export-AllDevices.ps1)

Prüfungen gelten nur für den dokumentierten Quellstand und Testumfang.
","01_Device_Management","01_Device_Management/10_Export-AllDevices.ps1","unreviewed","Ungeprüft","false","elevated"
"get-all-apps","Get-AllApps","# Get-AllApps

**Prüfstatus: Ungeprüft**

Listet alle verwalteten Apps in Intune auf.

<!-- library-status:start -->
    Prüfstatus: Ungeprüft
    Windows- und Tenant-Abnahme ausstehend; keine pauschale Produktionsfreigabe.

    <!-- library-status:end -->

    Liest paginierte Graph-beta-Daten und liefert weiterverarbeitbare Objekte.
    Graph-Scopes: DeviceManagementApps.Read.All.
    Hilfslogik ist enthalten. Benoetigt Microsoft.Graph.Authentication.
    Alle Abfragen sind vollstaendig paginiert; nicht eindeutige Geraetenamen brechen den Lauf ab.

## Prüfung

Keine fachliche Freigabe aus der Katalogerstellung ableiten.

- static: aktueller erfolgreicher Nachweis fehlt
- pester: aktueller erfolgreicher Nachweis fehlt
- windows: aktueller erfolgreicher Nachweis fehlt
- tenant: aktueller erfolgreicher Nachweis fehlt

## Voraussetzungen

- Module: Microsoft.Graph.Authentication
- Dokumentierte Graph-Scopes: DeviceManagementApps.Read.All
- Hilfsdateien: Keine lokale Hilfsdatei erkannt.

## Verwendung

```powershell
./02_App_Management/11_Get-AllApps.ps1
```

## Quelle

[PowerShell-Datei auf GitHub](https://github.com/Kaffeeundcode/Intune-Scripts/blob/main/02_App_Management/11_Get-AllApps.ps1)

Prüfungen gelten nur für den dokumentierten Quellstand und Testumfang.
","02_App_Management","02_App_Management/11_Get-AllApps.ps1","unreviewed","Ungeprüft","false","elevated"
"find-app-by-name","Find-AppByName","# Find-AppByName

**Prüfstatus: Ungeprüft**

Findet eine App anhand ihres Anzeigenamens.

<!-- library-status:start -->
    Prüfstatus: Ungeprüft
    Windows- und Tenant-Abnahme ausstehend; keine pauschale Produktionsfreigabe.

    <!-- library-status:end -->

    Liest paginierte Graph-beta-Daten und liefert weiterverarbeitbare Objekte.
    Graph-Scopes: DeviceManagementApps.Read.All.
    Hilfslogik ist enthalten. Benoetigt Microsoft.Graph.Authentication.
    Alle Abfragen sind vollstaendig paginiert; nicht eindeutige Geraetenamen brechen den Lauf ab.

## Prüfung

Keine fachliche Freigabe aus der Katalogerstellung ableiten.

- static: aktueller erfolgreicher Nachweis fehlt
- pester: aktueller erfolgreicher Nachweis fehlt
- windows: aktueller erfolgreicher Nachweis fehlt
- tenant: aktueller erfolgreicher Nachweis fehlt

## Voraussetzungen

- Module: Microsoft.Graph.Authentication
- Dokumentierte Graph-Scopes: DeviceManagementApps.Read.All
- Hilfsdateien: Keine lokale Hilfsdatei erkannt.

## Verwendung

```powershell
./02_App_Management/12_Find-AppByName.ps1 -AppName ""7-Zip""
```

## Quelle

[PowerShell-Datei auf GitHub](https://github.com/Kaffeeundcode/Intune-Scripts/blob/main/02_App_Management/12_Find-AppByName.ps1)

Prüfungen gelten nur für den dokumentierten Quellstand und Testumfang.
","02_App_Management","02_App_Management/12_Find-AppByName.ps1","unreviewed","Ungeprüft","false","elevated"
"get-app-assignments","Get-AppAssignments","# Get-AppAssignments

**Prüfstatus: Ungeprüft**

Ruft die Zuweisungen für eine bestimmte App ab.

<!-- library-status:start -->
    Prüfstatus: Ungeprüft
    Windows- und Tenant-Abnahme ausstehend; keine pauschale Produktionsfreigabe.

    <!-- library-status:end -->

    Liest paginierte Graph-beta-Daten und liefert weiterverarbeitbare Objekte.
    Graph-Scopes: DeviceManagementApps.Read.All.
    Hilfslogik ist enthalten. Benoetigt Microsoft.Graph.Authentication.
    Alle Abfragen sind vollstaendig paginiert; nicht eindeutige Geraetenamen brechen den Lauf ab.

## Prüfung

Keine fachliche Freigabe aus der Katalogerstellung ableiten.

- static: aktueller erfolgreicher Nachweis fehlt
- pester: aktueller erfolgreicher Nachweis fehlt
- windows: aktueller erfolgreicher Nachweis fehlt
- tenant: aktueller erfolgreicher Nachweis fehlt

## Voraussetzungen

- Module: Microsoft.Graph.Authentication
- Dokumentierte Graph-Scopes: DeviceManagementApps.Read.All
- Hilfsdateien: Keine lokale Hilfsdatei erkannt.

## Verwendung

```powershell
./02_App_Management/13_Get-AppAssignments.ps1 -AppId ""object-id""
```

## Quelle

[PowerShell-Datei auf GitHub](https://github.com/Kaffeeundcode/Intune-Scripts/blob/main/02_App_Management/13_Get-AppAssignments.ps1)

Prüfungen gelten nur für den dokumentierten Quellstand und Testumfang.
","02_App_Management","02_App_Management/13_Get-AppAssignments.ps1","unreviewed","Ungeprüft","false","elevated"
"assign-app-to-group-required","Assign-AppToGroup_Required","# Assign-AppToGroup_Required

**Prüfstatus: Ungeprüft**

Weist eine App einer Gruppe als 'Erforderlich' (Required) zu.

<!-- library-status:start -->
    Prüfstatus: Ungeprüft
    Windows- und Tenant-Abnahme ausstehend; keine pauschale Produktionsfreigabe.

    <!-- library-status:end -->

    Abfrage ueber Graph beta mit Fehlerabbruch und strukturierten Ergebnissen. Aenderungen unterstuetzen -WhatIf.
    Graph-Scopes: DeviceManagementApps.ReadWrite.All.
    Hilfslogik ist enthalten. Benoetigt Microsoft.Graph.Authentication.
    Alle Abfragen sind vollstaendig paginiert; nicht eindeutige Geraetenamen brechen den Lauf ab.

## Prüfung

Keine fachliche Freigabe aus der Katalogerstellung ableiten.

- static: aktueller erfolgreicher Nachweis fehlt
- pester: aktueller erfolgreicher Nachweis fehlt
- windows: aktueller erfolgreicher Nachweis fehlt
- tenant: aktueller erfolgreicher Nachweis fehlt

## Voraussetzungen

- Module: Microsoft.Graph.Authentication
- Dokumentierte Graph-Scopes: DeviceManagementApps.ReadWrite.All
- Hilfsdateien: Keine lokale Hilfsdatei erkannt.

## Verwendung

```powershell
./02_App_Management/14_Assign-AppToGroup_Required.ps1 -AppId ""object-id"" -GroupId ""object-id"" -WhatIf
```

## Quelle

[PowerShell-Datei auf GitHub](https://github.com/Kaffeeundcode/Intune-Scripts/blob/main/02_App_Management/14_Assign-AppToGroup_Required.ps1)

Prüfungen gelten nur für den dokumentierten Quellstand und Testumfang.
","02_App_Management","02_App_Management/14_Assign-AppToGroup_Required.ps1","unreviewed","Ungeprüft","false","elevated"
"assign-app-to-group-available","Assign-AppToGroup_Available","# Assign-AppToGroup_Available

**Prüfstatus: Ungeprüft**

Weist eine App einer Gruppe als 'Verfügbar' (Available) zu.

<!-- library-status:start -->
    Prüfstatus: Ungeprüft
    Windows- und Tenant-Abnahme ausstehend; keine pauschale Produktionsfreigabe.

    <!-- library-status:end -->

    Abfrage ueber Graph beta mit Fehlerabbruch und strukturierten Ergebnissen. Aenderungen unterstuetzen -WhatIf.
    Graph-Scopes: DeviceManagementApps.ReadWrite.All.
    Hilfslogik ist enthalten. Benoetigt Microsoft.Graph.Authentication.
    Alle Abfragen sind vollstaendig paginiert; nicht eindeutige Geraetenamen brechen den Lauf ab.

## Prüfung

Keine fachliche Freigabe aus der Katalogerstellung ableiten.

- static: aktueller erfolgreicher Nachweis fehlt
- pester: aktueller erfolgreicher Nachweis fehlt
- windows: aktueller erfolgreicher Nachweis fehlt
- tenant: aktueller erfolgreicher Nachweis fehlt

## Voraussetzungen

- Module: Microsoft.Graph.Authentication
- Dokumentierte Graph-Scopes: DeviceManagementApps.ReadWrite.All
- Hilfsdateien: Keine lokale Hilfsdatei erkannt.

## Verwendung

```powershell
./02_App_Management/15_Assign-AppToGroup_Available.ps1 -AppId ""object-id"" -GroupId ""object-id"" -WhatIf
```

## Quelle

[PowerShell-Datei auf GitHub](https://github.com/Kaffeeundcode/Intune-Scripts/blob/main/02_App_Management/15_Assign-AppToGroup_Available.ps1)

Prüfungen gelten nur für den dokumentierten Quellstand und Testumfang.
","02_App_Management","02_App_Management/15_Assign-AppToGroup_Available.ps1","unreviewed","Ungeprüft","false","elevated"
"assign-app-to-group-uninstall","Assign-AppToGroup_Uninstall","# Assign-AppToGroup_Uninstall

**Prüfstatus: Ungeprüft**

Weist eine App einer Gruppe mit der Absicht 'Uninstall' (Deinstallieren) zu.

<!-- library-status:start -->
    Prüfstatus: Ungeprüft
    Windows- und Tenant-Abnahme ausstehend; keine pauschale Produktionsfreigabe.

    <!-- library-status:end -->

    Abfrage ueber Graph beta mit Fehlerabbruch und strukturierten Ergebnissen. Aenderungen unterstuetzen -WhatIf.
    Graph-Scopes: DeviceManagementApps.ReadWrite.All.
    Hilfslogik ist enthalten. Benoetigt Microsoft.Graph.Authentication.
    Alle Abfragen sind vollstaendig paginiert; nicht eindeutige Geraetenamen brechen den Lauf ab.

## Prüfung

Keine fachliche Freigabe aus der Katalogerstellung ableiten.

- static: aktueller erfolgreicher Nachweis fehlt
- pester: aktueller erfolgreicher Nachweis fehlt
- windows: aktueller erfolgreicher Nachweis fehlt
- tenant: aktueller erfolgreicher Nachweis fehlt

## Voraussetzungen

- Module: Microsoft.Graph.Authentication
- Dokumentierte Graph-Scopes: DeviceManagementApps.ReadWrite.All
- Hilfsdateien: Keine lokale Hilfsdatei erkannt.

## Verwendung

```powershell
./02_App_Management/16_Assign-AppToGroup_Uninstall.ps1 -AppId ""object-id"" -GroupId ""object-id"" -WhatIf
```

## Quelle

[PowerShell-Datei auf GitHub](https://github.com/Kaffeeundcode/Intune-Scripts/blob/main/02_App_Management/16_Assign-AppToGroup_Uninstall.ps1)

Prüfungen gelten nur für den dokumentierten Quellstand und Testumfang.
","02_App_Management","02_App_Management/16_Assign-AppToGroup_Uninstall.ps1","unreviewed","Ungeprüft","false","elevated"
"delete-app","Delete-App","# Delete-App

**Prüfstatus: Ungeprüft**

Löscht eine App aus Intune.

<!-- library-status:start -->
    Prüfstatus: Ungeprüft
    Windows- und Tenant-Abnahme ausstehend; keine pauschale Produktionsfreigabe.

    <!-- library-status:end -->

    Abfrage ueber Graph beta mit Fehlerabbruch und strukturierten Ergebnissen. Aenderungen unterstuetzen -WhatIf.
    Graph-Scopes: DeviceManagementApps.ReadWrite.All.
    Hilfslogik ist enthalten. Benoetigt Microsoft.Graph.Authentication.
    Alle Abfragen sind vollstaendig paginiert; nicht eindeutige Geraetenamen brechen den Lauf ab.

## Prüfung

Keine fachliche Freigabe aus der Katalogerstellung ableiten.

- static: aktueller erfolgreicher Nachweis fehlt
- pester: aktueller erfolgreicher Nachweis fehlt
- windows: aktueller erfolgreicher Nachweis fehlt
- tenant: aktueller erfolgreicher Nachweis fehlt

## Voraussetzungen

- Module: Microsoft.Graph.Authentication
- Dokumentierte Graph-Scopes: DeviceManagementApps.ReadWrite.All
- Hilfsdateien: Keine lokale Hilfsdatei erkannt.

## Verwendung

```powershell
./02_App_Management/17_Delete-App.ps1 -AppId ""object-id"" -WhatIf
```

## Quelle

[PowerShell-Datei auf GitHub](https://github.com/Kaffeeundcode/Intune-Scripts/blob/main/02_App_Management/17_Delete-App.ps1)

Prüfungen gelten nur für den dokumentierten Quellstand und Testumfang.
","02_App_Management","02_App_Management/17_Delete-App.ps1","unreviewed","Ungeprüft","false","elevated"
"get-device-app-install-status","Get-DeviceAppInstallStatus","# Get-DeviceAppInstallStatus

**Prüfstatus: Ungeprüft**

Ruft den Installationsstatus von Apps für ein bestimmtes Gerät ab.

<!-- library-status:start -->
    Prüfstatus: Ungeprüft
    Windows- und Tenant-Abnahme ausstehend; keine pauschale Produktionsfreigabe.

    <!-- library-status:end -->

    Liest paginierte Graph-beta-Daten und liefert Objekte. App-Statusberichte erfassen hier Windows-Win32/MSI/Edge-Apps; andere App-Typen separat pruefen.
    Graph-Scopes: DeviceManagementApps.Read.All, DeviceManagementManagedDevices.Read.All.
    Hilfslogik ist enthalten. Benoetigt Microsoft.Graph.Authentication.
    Alle Abfragen sind vollstaendig paginiert; nicht eindeutige Geraetenamen brechen den Lauf ab.

## Prüfung

Keine fachliche Freigabe aus der Katalogerstellung ableiten.

- static: aktueller erfolgreicher Nachweis fehlt
- pester: aktueller erfolgreicher Nachweis fehlt
- windows: aktueller erfolgreicher Nachweis fehlt
- tenant: aktueller erfolgreicher Nachweis fehlt

## Voraussetzungen

- Module: Microsoft.Graph.Authentication
- Dokumentierte Graph-Scopes: DeviceManagementApps.Read.All, DeviceManagementManagedDevices.Read.All
- Hilfsdateien: Keine lokale Hilfsdatei erkannt.

## Verwendung

```powershell
./02_App_Management/18_Get-DeviceAppInstallStatus.ps1 -DeviceName ""TEST-PC""
```

## Quelle

[PowerShell-Datei auf GitHub](https://github.com/Kaffeeundcode/Intune-Scripts/blob/main/02_App_Management/18_Get-DeviceAppInstallStatus.ps1)

Prüfungen gelten nur für den dokumentierten Quellstand und Testumfang.
","02_App_Management","02_App_Management/18_Get-DeviceAppInstallStatus.ps1","unreviewed","Ungeprüft","false","elevated"
"get-user-app-install-status","Get-UserAppInstallStatus","# Get-UserAppInstallStatus

**Prüfstatus: Ungeprüft**

Ruft den App-Installationsstatus für einen bestimmten Benutzer ab.

<!-- library-status:start -->
    Prüfstatus: Ungeprüft
    Windows- und Tenant-Abnahme ausstehend; keine pauschale Produktionsfreigabe.

    <!-- library-status:end -->

    Liest paginierte Graph-beta-Daten und liefert Objekte. App-Statusberichte erfassen hier Windows-Win32/MSI/Edge-Apps; andere App-Typen separat pruefen.
    Graph-Scopes: DeviceManagementApps.Read.All.
    Hilfslogik ist enthalten. Benoetigt Microsoft.Graph.Authentication.
    Alle Abfragen sind vollstaendig paginiert; nicht eindeutige Geraetenamen brechen den Lauf ab.

## Prüfung

Keine fachliche Freigabe aus der Katalogerstellung ableiten.

- static: aktueller erfolgreicher Nachweis fehlt
- pester: aktueller erfolgreicher Nachweis fehlt
- windows: aktueller erfolgreicher Nachweis fehlt
- tenant: aktueller erfolgreicher Nachweis fehlt

## Voraussetzungen

- Module: Microsoft.Graph.Authentication
- Dokumentierte Graph-Scopes: DeviceManagementApps.Read.All
- Hilfsdateien: Keine lokale Hilfsdatei erkannt.

## Verwendung

```powershell
./02_App_Management/19_Get-UserAppInstallStatus.ps1 -UserPrincipalName ""test@example.com""
```

## Quelle

[PowerShell-Datei auf GitHub](https://github.com/Kaffeeundcode/Intune-Scripts/blob/main/02_App_Management/19_Get-UserAppInstallStatus.ps1)

Prüfungen gelten nur für den dokumentierten Quellstand und Testumfang.
","02_App_Management","02_App_Management/19_Get-UserAppInstallStatus.ps1","unreviewed","Ungeprüft","false","elevated"
"get-app-protection-policies","Get-AppProtectionPolicies","# Get-AppProtectionPolicies

**Prüfstatus: Ungeprüft**

Listet App-Schutzrichtlinien (MAM) auf.

<!-- library-status:start -->
    Prüfstatus: Ungeprüft
    Windows- und Tenant-Abnahme ausstehend; keine pauschale Produktionsfreigabe.

    <!-- library-status:end -->

    Liest paginierte Graph-beta-Daten und liefert weiterverarbeitbare Objekte.
    Graph-Scopes: DeviceManagementApps.Read.All.
    Hilfslogik ist enthalten. Benoetigt Microsoft.Graph.Authentication.
    Alle Abfragen sind vollstaendig paginiert; nicht eindeutige Geraetenamen brechen den Lauf ab.

## Prüfung

Keine fachliche Freigabe aus der Katalogerstellung ableiten.

- static: aktueller erfolgreicher Nachweis fehlt
- pester: aktueller erfolgreicher Nachweis fehlt
- windows: aktueller erfolgreicher Nachweis fehlt
- tenant: aktueller erfolgreicher Nachweis fehlt

## Voraussetzungen

- Module: Microsoft.Graph.Authentication
- Dokumentierte Graph-Scopes: DeviceManagementApps.Read.All
- Hilfsdateien: Keine lokale Hilfsdatei erkannt.

## Verwendung

```powershell
./02_App_Management/20_Get-AppProtectionPolicies.ps1
```

## Quelle

[PowerShell-Datei auf GitHub](https://github.com/Kaffeeundcode/Intune-Scripts/blob/main/02_App_Management/20_Get-AppProtectionPolicies.ps1)

Prüfungen gelten nur für den dokumentierten Quellstand und Testumfang.
","02_App_Management","02_App_Management/20_Get-AppProtectionPolicies.ps1","unreviewed","Ungeprüft","false","elevated"
"get-entra-idpimalerts","Get-EntraIDPIMAlerts","# Get-EntraIDPIMAlerts

**Prüfstatus: Ungeprüft**

Ruft aktive PIM (Privileged Identity Management) Alerts ab.

<!-- library-status:start -->
    Prüfstatus: Ungeprüft
    Windows- und Tenant-Abnahme ausstehend; keine pauschale Produktionsfreigabe.

    <!-- library-status:end -->

    Zeigt Sicherheitswarnungen aus PIM an, z.B. wenn Administratoren keine MFA nutzen
    oder Rollen außerhalb von PIM zugewiesen wurden.
    Benötigt Microsoft.Graph.Identity.Governance Modul.

    Parameter:
    - AlertLevel: (Optional) Filtert nach Schweregrad (High, Medium, Low). Default: Alle.

## Prüfung

Keine fachliche Freigabe aus der Katalogerstellung ableiten.

- static: aktueller erfolgreicher Nachweis fehlt
- pester: aktueller erfolgreicher Nachweis fehlt
- windows: aktueller erfolgreicher Nachweis fehlt
- tenant: aktueller erfolgreicher Nachweis fehlt

## Voraussetzungen

- Module: Microsoft.Graph.Authentication
- Dokumentierte Graph-Scopes: Nicht angegeben; vor Tenant-Nutzung prüfen.
- Hilfsdateien: Keine lokale Hilfsdatei erkannt.

## Verwendung

Noch kein geprüftes Aufrufbeispiel dokumentiert. Parameter mit `Get-Help './02_EntraID_Governance/021_Get-EntraIDPIMAlerts.ps1' -Full` lesen.

## Quelle

[PowerShell-Datei auf GitHub](https://github.com/Kaffeeundcode/Intune-Scripts/blob/main/02_EntraID_Governance/021_Get-EntraIDPIMAlerts.ps1)

Prüfungen gelten nur für den dokumentierten Quellstand und Testumfang.
","02_EntraID_Governance","02_EntraID_Governance/021_Get-EntraIDPIMAlerts.ps1","unreviewed","Ungeprüft","false","normal"
"new-entra-idaccess-review","New-EntraIDAccessReview","# New-EntraIDAccessReview

**Prüfstatus: Ungeprüft**

Erstellt eine neue Access Review für eine Entra ID Gruppe.

<!-- library-status:start -->
    Prüfstatus: Ungeprüft
    Windows- und Tenant-Abnahme ausstehend; keine pauschale Produktionsfreigabe.

    <!-- library-status:end -->

    Access Reviews zwingen Gruppenbesitzer, die Mitgliedschaften regelmäßig zu bestätigen.
    Dieses Skript erstellt eine Review für eine spezifische Gruppe.

    Parameter:
    - DisplayName: Name der Review
    - GroupId: ID der zu prüfenden Gruppe
    - ReviewerType: Wer prüft? (GroupOwner, SelectedUsers, Self)
    - DurationDays: Dauer in Tagen

## Prüfung

Keine fachliche Freigabe aus der Katalogerstellung ableiten.

- static: aktueller erfolgreicher Nachweis fehlt
- pester: aktueller erfolgreicher Nachweis fehlt
- windows: aktueller erfolgreicher Nachweis fehlt
- tenant: aktueller erfolgreicher Nachweis fehlt

## Voraussetzungen

- Module: Skript prüfen; keine Cloud-Module erkannt.
- Dokumentierte Graph-Scopes: Nicht angegeben; vor Tenant-Nutzung prüfen.
- Hilfsdateien: Keine lokale Hilfsdatei erkannt.

## Verwendung

Noch kein geprüftes Aufrufbeispiel dokumentiert. Parameter mit `Get-Help './02_EntraID_Governance/022_New-EntraIDAccessReview.ps1' -Full` lesen.

## Quelle

[PowerShell-Datei auf GitHub](https://github.com/Kaffeeundcode/Intune-Scripts/blob/main/02_EntraID_Governance/022_New-EntraIDAccessReview.ps1)

Prüfungen gelten nur für den dokumentierten Quellstand und Testumfang.
","02_EntraID_Governance","02_EntraID_Governance/022_New-EntraIDAccessReview.ps1","unreviewed","Ungeprüft","false","normal"
"get-entra-idguest-user-last-sign-in","Get-EntraIDGuestUserLastSignIn","# Get-EntraIDGuestUserLastSignIn

**Prüfstatus: Ungeprüft**

Findet inaktive Gast-Benutzer basierend auf dem letzten Login.

<!-- library-status:start -->
    Prüfstatus: Ungeprüft
    Windows- und Tenant-Abnahme ausstehend; keine pauschale Produktionsfreigabe.

    <!-- library-status:end -->

    Listet alle Guest-User, die sich seit X Tagen nicht angemeldet haben.
    Wichtig für Lizenz-Management und Sicherheit.

    Parameter:
    - DaysInactive: Anzahl der Tage (Default: 90)

## Prüfung

Keine fachliche Freigabe aus der Katalogerstellung ableiten.

- static: aktueller erfolgreicher Nachweis fehlt
- pester: aktueller erfolgreicher Nachweis fehlt
- windows: aktueller erfolgreicher Nachweis fehlt
- tenant: aktueller erfolgreicher Nachweis fehlt

## Voraussetzungen

- Module: Microsoft.Graph.Authentication, Microsoft.Graph (passende SDK-Untermodule)
- Dokumentierte Graph-Scopes: Nicht angegeben; vor Tenant-Nutzung prüfen.
- Hilfsdateien: Keine lokale Hilfsdatei erkannt.

## Verwendung

Noch kein geprüftes Aufrufbeispiel dokumentiert. Parameter mit `Get-Help './02_EntraID_Governance/023_Get-EntraIDGuestUserLastSignIn.ps1' -Full` lesen.

## Quelle

[PowerShell-Datei auf GitHub](https://github.com/Kaffeeundcode/Intune-Scripts/blob/main/02_EntraID_Governance/023_Get-EntraIDGuestUserLastSignIn.ps1)

Prüfungen gelten nur für den dokumentierten Quellstand und Testumfang.
","02_EntraID_Governance","02_EntraID_Governance/023_Get-EntraIDGuestUserLastSignIn.ps1","unreviewed","Ungeprüft","false","normal"
"set-entra-idbreak-glass-account-alert","Set-EntraIDBreakGlassAccountAlert","# Set-EntraIDBreakGlassAccountAlert

**Prüfstatus: Ungeprüft**

Erstellt eine Log Analytics Alert Rule für Login-Versuche des Break-Glass Accounts.

<!-- library-status:start -->
    Prüfstatus: Ungeprüft
    Windows- und Tenant-Abnahme ausstehend; keine pauschale Produktionsfreigabe.

    <!-- library-status:end -->

    Der ""Notfall-Admin"" (Break Glass) sollte niemals genutzt werden. Wenn doch, muss sofort Alarm geschlagen werden.
    Dieses Skript erstellt eine Alert Rule in Azure Monitor.

    Parameter:
    - BreakGlassUPN: UPN des Notfall-Admins
    - WorkspaceId: Log Analytics Workspace ID

## Prüfung

Keine fachliche Freigabe aus der Katalogerstellung ableiten.

- static: aktueller erfolgreicher Nachweis fehlt
- pester: aktueller erfolgreicher Nachweis fehlt
- windows: aktueller erfolgreicher Nachweis fehlt
- tenant: aktueller erfolgreicher Nachweis fehlt

## Voraussetzungen

- Module: Skript prüfen; keine Cloud-Module erkannt.
- Dokumentierte Graph-Scopes: Nicht angegeben; vor Tenant-Nutzung prüfen.
- Hilfsdateien: Keine lokale Hilfsdatei erkannt.

## Verwendung

Noch kein geprüftes Aufrufbeispiel dokumentiert. Parameter mit `Get-Help './02_EntraID_Governance/024_Set-EntraIDBreakGlassAccountAlert.ps1' -Full` lesen.

## Quelle

[PowerShell-Datei auf GitHub](https://github.com/Kaffeeundcode/Intune-Scripts/blob/main/02_EntraID_Governance/024_Set-EntraIDBreakGlassAccountAlert.ps1)

Prüfungen gelten nur für den dokumentierten Quellstand und Testumfang.
","02_EntraID_Governance","02_EntraID_Governance/024_Set-EntraIDBreakGlassAccountAlert.ps1","unreviewed","Ungeprüft","false","normal"
"get-entra-idapp-role-assignments","Get-EntraIDAppRoleAssignments","# Get-EntraIDAppRoleAssignments

**Prüfstatus: Ungeprüft**

Listet alle Benutzer und Gruppen auf, die einer Enterprise App zugewiesen sind.

<!-- library-status:start -->
    Prüfstatus: Ungeprüft
    Windows- und Tenant-Abnahme ausstehend; keine pauschale Produktionsfreigabe.

    <!-- library-status:end -->

    Zeigt, wer Zugriff auf eine bestimmte App hat.

    Parameter:
    - AppParams: Name der Applikation (DisplayName)

## Prüfung

Keine fachliche Freigabe aus der Katalogerstellung ableiten.

- static: aktueller erfolgreicher Nachweis fehlt
- pester: aktueller erfolgreicher Nachweis fehlt
- windows: aktueller erfolgreicher Nachweis fehlt
- tenant: aktueller erfolgreicher Nachweis fehlt

## Voraussetzungen

- Module: Microsoft.Graph.Authentication, Microsoft.Graph (passende SDK-Untermodule)
- Dokumentierte Graph-Scopes: Nicht angegeben; vor Tenant-Nutzung prüfen.
- Hilfsdateien: Keine lokale Hilfsdatei erkannt.

## Verwendung

Noch kein geprüftes Aufrufbeispiel dokumentiert. Parameter mit `Get-Help './02_EntraID_Governance/025_Get-EntraIDAppRoleAssignments.ps1' -Full` lesen.

## Quelle

[PowerShell-Datei auf GitHub](https://github.com/Kaffeeundcode/Intune-Scripts/blob/main/02_EntraID_Governance/025_Get-EntraIDAppRoleAssignments.ps1)

Prüfungen gelten nur für den dokumentierten Quellstand und Testumfang.
","02_EntraID_Governance","02_EntraID_Governance/025_Get-EntraIDAppRoleAssignments.ps1","unreviewed","Ungeprüft","false","normal"
"remove-entra-idstale-devices","Remove-EntraIDStaleDevices","# Remove-EntraIDStaleDevices

**Prüfstatus: Ungeprüft**

Löscht verwaiste Geräte aus Entra ID (fka Azure AD) basierend auf dem 'ApproximateLastLogonTimeStamp'.

<!-- library-status:start -->
    Prüfstatus: Ungeprüft
    Windows- und Tenant-Abnahme ausstehend; keine pauschale Produktionsfreigabe.

    <!-- library-status:end -->

    Entra ID Geräte müssen separat von Intune bereinigt werden.
    Dieses Skript identifiziert Geräte, die sich seit X Tagen nicht angemeldet haben.

    ACHTUNG: Löscht Geräte unwiderruflich!

    Parameter:
    - DaysInactive: Tage seit letztem Login (Default: 180)
    - Delete: Schalter zum Löschen. Ohne Switch nur Report.

## Prüfung

Keine fachliche Freigabe aus der Katalogerstellung ableiten.

- static: aktueller erfolgreicher Nachweis fehlt
- pester: aktueller erfolgreicher Nachweis fehlt
- windows: aktueller erfolgreicher Nachweis fehlt
- tenant: aktueller erfolgreicher Nachweis fehlt

## Voraussetzungen

- Module: Microsoft.Graph.Authentication, Microsoft.Graph (passende SDK-Untermodule)
- Dokumentierte Graph-Scopes: Nicht angegeben; vor Tenant-Nutzung prüfen.
- Hilfsdateien: Keine lokale Hilfsdatei erkannt.

## Verwendung

Noch kein geprüftes Aufrufbeispiel dokumentiert. Parameter mit `Get-Help './02_EntraID_Governance/026_Remove-EntraIDStaleDevices.ps1' -Full` lesen.

## Quelle

[PowerShell-Datei auf GitHub](https://github.com/Kaffeeundcode/Intune-Scripts/blob/main/02_EntraID_Governance/026_Remove-EntraIDStaleDevices.ps1)

Prüfungen gelten nur für den dokumentierten Quellstand und Testumfang.
","02_EntraID_Governance","02_EntraID_Governance/026_Remove-EntraIDStaleDevices.ps1","unreviewed","Ungeprüft","false","elevated"
"get-entra-idbranding","Get-EntraIDBranding","# Get-EntraIDBranding

**Prüfstatus: Ungeprüft**

Lädt die aktuellen Branding-Einstellungen des Tenants herunter.

<!-- library-status:start -->
    Prüfstatus: Ungeprüft
    Windows- und Tenant-Abnahme ausstehend; keine pauschale Produktionsfreigabe.

    <!-- library-status:end -->

    Exportiert Informationen wie Hintergrundbild-URL, Logo, Sign-In Text etc.
    Dient zur Dokumentation des Corporate Identitiy Status.

## Prüfung

Keine fachliche Freigabe aus der Katalogerstellung ableiten.

- static: aktueller erfolgreicher Nachweis fehlt
- pester: aktueller erfolgreicher Nachweis fehlt
- windows: aktueller erfolgreicher Nachweis fehlt
- tenant: aktueller erfolgreicher Nachweis fehlt

## Voraussetzungen

- Module: Microsoft.Graph.Authentication, Microsoft.Graph (passende SDK-Untermodule)
- Dokumentierte Graph-Scopes: Nicht angegeben; vor Tenant-Nutzung prüfen.
- Hilfsdateien: Keine lokale Hilfsdatei erkannt.

## Verwendung

Noch kein geprüftes Aufrufbeispiel dokumentiert. Parameter mit `Get-Help './02_EntraID_Governance/027_Get-EntraIDBranding.ps1' -Full` lesen.

## Quelle

[PowerShell-Datei auf GitHub](https://github.com/Kaffeeundcode/Intune-Scripts/blob/main/02_EntraID_Governance/027_Get-EntraIDBranding.ps1)

Prüfungen gelten nur für den dokumentierten Quellstand und Testumfang.
","02_EntraID_Governance","02_EntraID_Governance/027_Get-EntraIDBranding.ps1","unreviewed","Ungeprüft","false","normal"
"get-entra-idauth-strength-policy","Get-EntraIDAuthStrengthPolicy","# Get-EntraIDAuthStrengthPolicy

**Prüfstatus: Ungeprüft**

Listet alle Authentication Strength Policies (FIDO2, MFA, etc.) auf.

<!-- library-status:start -->
    Prüfstatus: Ungeprüft
    Windows- und Tenant-Abnahme ausstehend; keine pauschale Produktionsfreigabe.

    <!-- library-status:end -->

    Authentication Strengths sind Teil der neuen Conditional Access Features.
    Dieses Skript zeigt, welche Policies definiert sind und welche Methoden sie erlauben.

## Prüfung

Keine fachliche Freigabe aus der Katalogerstellung ableiten.

- static: aktueller erfolgreicher Nachweis fehlt
- pester: aktueller erfolgreicher Nachweis fehlt
- windows: aktueller erfolgreicher Nachweis fehlt
- tenant: aktueller erfolgreicher Nachweis fehlt

## Voraussetzungen

- Module: Microsoft.Graph.Authentication, Microsoft.Graph (passende SDK-Untermodule)
- Dokumentierte Graph-Scopes: Nicht angegeben; vor Tenant-Nutzung prüfen.
- Hilfsdateien: Keine lokale Hilfsdatei erkannt.

## Verwendung

Noch kein geprüftes Aufrufbeispiel dokumentiert. Parameter mit `Get-Help './02_EntraID_Governance/028_Get-EntraIDAuthStrengthPolicy.ps1' -Full` lesen.

## Quelle

[PowerShell-Datei auf GitHub](https://github.com/Kaffeeundcode/Intune-Scripts/blob/main/02_EntraID_Governance/028_Get-EntraIDAuthStrengthPolicy.ps1)

Prüfungen gelten nur für den dokumentierten Quellstand und Testumfang.
","02_EntraID_Governance","02_EntraID_Governance/028_Get-EntraIDAuthStrengthPolicy.ps1","unreviewed","Ungeprüft","false","normal"
"get-entra-idrole-eligible-assignments","Get-EntraIDRoleEligibleAssignments","# Get-EntraIDRoleEligibleAssignments

**Prüfstatus: Ungeprüft**

Zeigt an, welche Benutzer für Admin-Rollen ""Berechtigt"" (Eligible) sind (PIM).

<!-- library-status:start -->
    Prüfstatus: Ungeprüft
    Windows- und Tenant-Abnahme ausstehend; keine pauschale Produktionsfreigabe.

    <!-- library-status:end -->

    Wichtig für PIM-Validierung. Zeigt nicht die aktiven, sondern die möglichen Rollen.
    Benötigt PIM-Rechte.

    Parameter:
    - UserEmail: (Optional) Filter auf einen User.

## Prüfung

Keine fachliche Freigabe aus der Katalogerstellung ableiten.

- static: aktueller erfolgreicher Nachweis fehlt
- pester: aktueller erfolgreicher Nachweis fehlt
- windows: aktueller erfolgreicher Nachweis fehlt
- tenant: aktueller erfolgreicher Nachweis fehlt

## Voraussetzungen

- Module: Microsoft.Graph.Authentication, Microsoft.Graph (passende SDK-Untermodule)
- Dokumentierte Graph-Scopes: Nicht angegeben; vor Tenant-Nutzung prüfen.
- Hilfsdateien: Keine lokale Hilfsdatei erkannt.

## Verwendung

Noch kein geprüftes Aufrufbeispiel dokumentiert. Parameter mit `Get-Help './02_EntraID_Governance/029_Get-EntraIDRoleEligibleAssignments.ps1' -Full` lesen.

## Quelle

[PowerShell-Datei auf GitHub](https://github.com/Kaffeeundcode/Intune-Scripts/blob/main/02_EntraID_Governance/029_Get-EntraIDRoleEligibleAssignments.ps1)

Prüfungen gelten nur für den dokumentierten Quellstand und Testumfang.
","02_EntraID_Governance","02_EntraID_Governance/029_Get-EntraIDRoleEligibleAssignments.ps1","unreviewed","Ungeprüft","false","normal"
"get-entra-idrisky-users","Get-EntraIDRiskyUsers","# Get-EntraIDRiskyUsers

**Prüfstatus: Ungeprüft**

Listet Benutzer mit erhöhtem Risiko-Level (Identity Protection).

<!-- library-status:start -->
    Prüfstatus: Ungeprüft
    Windows- und Tenant-Abnahme ausstehend; keine pauschale Produktionsfreigabe.

    <!-- library-status:end -->

    High Risk User sind wahrscheinlich kompromittiert.
    Dieses Skript filtert Benutzer nach 'RiskLevel'.

    Parameter:
    - MinRiskLevel: low, medium, high (Default: medium)

## Prüfung

Keine fachliche Freigabe aus der Katalogerstellung ableiten.

- static: aktueller erfolgreicher Nachweis fehlt
- pester: aktueller erfolgreicher Nachweis fehlt
- windows: aktueller erfolgreicher Nachweis fehlt
- tenant: aktueller erfolgreicher Nachweis fehlt

## Voraussetzungen

- Module: Microsoft.Graph.Authentication, Microsoft.Graph (passende SDK-Untermodule)
- Dokumentierte Graph-Scopes: Nicht angegeben; vor Tenant-Nutzung prüfen.
- Hilfsdateien: Keine lokale Hilfsdatei erkannt.

## Verwendung

Noch kein geprüftes Aufrufbeispiel dokumentiert. Parameter mit `Get-Help './02_EntraID_Governance/030_Get-EntraIDRiskyUsers.ps1' -Full` lesen.

## Quelle

[PowerShell-Datei auf GitHub](https://github.com/Kaffeeundcode/Intune-Scripts/blob/main/02_EntraID_Governance/030_Get-EntraIDRiskyUsers.ps1)

Prüfungen gelten nur für den dokumentierten Quellstand und Testumfang.
","02_EntraID_Governance","02_EntraID_Governance/030_Get-EntraIDRiskyUsers.ps1","unreviewed","Ungeprüft","false","normal"
"revoke-entra-iduser-all-refresh-tokens","Revoke-EntraIDUserAllRefreshTokens","# Revoke-EntraIDUserAllRefreshTokens

**Prüfstatus: Ungeprüft**

Widerruft alle Refresh Tokens eines Benutzers (Zwangsabmeldung).

<!-- library-status:start -->
    Prüfstatus: Ungeprüft
    Windows- und Tenant-Abnahme ausstehend; keine pauschale Produktionsfreigabe.

    <!-- library-status:end -->

    Nützlich bei Verdacht auf Kompromittierung oder bei Verlust eines Geräts.
    Zwingt den Benutzer zur erneuten Anmeldung auf allen Geräten/Apps.

    Parameter:
    - UserPrincipalName: Der betroffene Benutzer.

## Prüfung

Keine fachliche Freigabe aus der Katalogerstellung ableiten.

- static: aktueller erfolgreicher Nachweis fehlt
- pester: aktueller erfolgreicher Nachweis fehlt
- windows: aktueller erfolgreicher Nachweis fehlt
- tenant: aktueller erfolgreicher Nachweis fehlt

## Voraussetzungen

- Module: Microsoft.Graph.Authentication, Microsoft.Graph (passende SDK-Untermodule)
- Dokumentierte Graph-Scopes: Nicht angegeben; vor Tenant-Nutzung prüfen.
- Hilfsdateien: Keine lokale Hilfsdatei erkannt.

## Verwendung

Noch kein geprüftes Aufrufbeispiel dokumentiert. Parameter mit `Get-Help './02_EntraID_Governance/031_Revoke-EntraIDUserAllRefreshTokens.ps1' -Full` lesen.

## Quelle

[PowerShell-Datei auf GitHub](https://github.com/Kaffeeundcode/Intune-Scripts/blob/main/02_EntraID_Governance/031_Revoke-EntraIDUserAllRefreshTokens.ps1)

Prüfungen gelten nur für den dokumentierten Quellstand und Testumfang.
","02_EntraID_Governance","02_EntraID_Governance/031_Revoke-EntraIDUserAllRefreshTokens.ps1","unreviewed","Ungeprüft","false","elevated"
"get-entra-idapplication-expiry","Get-EntraIDApplicationExpiry","# Get-EntraIDApplicationExpiry

**Prüfstatus: Ungeprüft**

Prüft Ablaufdaten von Secrets und Zertifikaten bei App Registrations.

<!-- library-status:start -->
    Prüfstatus: Ungeprüft
    Windows- und Tenant-Abnahme ausstehend; keine pauschale Produktionsfreigabe.

    <!-- library-status:end -->

    Listet alle Apps auf, deren Credentials in den nächsten X Tagen ablaufen.

    Parameter:
    - DaysWarning: Warnschwelle in Tagen (Default: 30)

## Prüfung

Keine fachliche Freigabe aus der Katalogerstellung ableiten.

- static: aktueller erfolgreicher Nachweis fehlt
- pester: aktueller erfolgreicher Nachweis fehlt
- windows: aktueller erfolgreicher Nachweis fehlt
- tenant: aktueller erfolgreicher Nachweis fehlt

## Voraussetzungen

- Module: Microsoft.Graph.Authentication, Microsoft.Graph (passende SDK-Untermodule)
- Dokumentierte Graph-Scopes: Nicht angegeben; vor Tenant-Nutzung prüfen.
- Hilfsdateien: Keine lokale Hilfsdatei erkannt.

## Verwendung

Noch kein geprüftes Aufrufbeispiel dokumentiert. Parameter mit `Get-Help './02_EntraID_Governance/032_Get-EntraIDApplicationExpiry.ps1' -Full` lesen.

## Quelle

[PowerShell-Datei auf GitHub](https://github.com/Kaffeeundcode/Intune-Scripts/blob/main/02_EntraID_Governance/032_Get-EntraIDApplicationExpiry.ps1)

Prüfungen gelten nur für den dokumentierten Quellstand und Testumfang.
","02_EntraID_Governance","02_EntraID_Governance/032_Get-EntraIDApplicationExpiry.ps1","unreviewed","Ungeprüft","false","normal"
"new-entra-idconditional-access-policy-json","New-EntraIDConditionalAccessPolicyJson","# New-EntraIDConditionalAccessPolicyJson

**Prüfstatus: Ungeprüft**

Exportiert alle Conditional Access Policies als JSON-Dateien (Backup).

<!-- library-status:start -->
    Prüfstatus: Ungeprüft
    Windows- und Tenant-Abnahme ausstehend; keine pauschale Produktionsfreigabe.

    <!-- library-status:end -->

    Sichert die CA-Regelwerke lokal, um sie zu dokumentieren oder wiederherzustellen.

    Parameter:
    - OutputFolder: Zielordner (Default: Desktop/CA-Backup)

## Prüfung

Keine fachliche Freigabe aus der Katalogerstellung ableiten.

- static: aktueller erfolgreicher Nachweis fehlt
- pester: aktueller erfolgreicher Nachweis fehlt
- windows: aktueller erfolgreicher Nachweis fehlt
- tenant: aktueller erfolgreicher Nachweis fehlt

## Voraussetzungen

- Module: Microsoft.Graph.Authentication, Microsoft.Graph (passende SDK-Untermodule)
- Dokumentierte Graph-Scopes: Nicht angegeben; vor Tenant-Nutzung prüfen.
- Hilfsdateien: Keine lokale Hilfsdatei erkannt.

## Verwendung

Noch kein geprüftes Aufrufbeispiel dokumentiert. Parameter mit `Get-Help './02_EntraID_Governance/033_New-EntraIDConditionalAccessPolicyJson.ps1' -Full` lesen.

## Quelle

[PowerShell-Datei auf GitHub](https://github.com/Kaffeeundcode/Intune-Scripts/blob/main/02_EntraID_Governance/033_New-EntraIDConditionalAccessPolicyJson.ps1)

Prüfungen gelten nur für den dokumentierten Quellstand und Testumfang.
","02_EntraID_Governance","02_EntraID_Governance/033_New-EntraIDConditionalAccessPolicyJson.ps1","unreviewed","Ungeprüft","false","elevated"
"get-entra-idgroup-member-count","Get-EntraIDGroupMemberCount","# Get-EntraIDGroupMemberCount

**Prüfstatus: Ungeprüft**

Zählt die Mitglieder aller Gruppen und warnt bei sehr großen Gruppen.

<!-- library-status:start -->
    Prüfstatus: Ungeprüft
    Windows- und Tenant-Abnahme ausstehend; keine pauschale Produktionsfreigabe.

    <!-- library-status:end -->

    Hilft, ""Monster-Gruppen"" zu finden, die ggf. Governance-Probleme verursachen.

    Parameter:
    - Limit: Warnschwelle (Default: 500)

## Prüfung

Keine fachliche Freigabe aus der Katalogerstellung ableiten.

- static: aktueller erfolgreicher Nachweis fehlt
- pester: aktueller erfolgreicher Nachweis fehlt
- windows: aktueller erfolgreicher Nachweis fehlt
- tenant: aktueller erfolgreicher Nachweis fehlt

## Voraussetzungen

- Module: Microsoft.Graph.Authentication, Microsoft.Graph (passende SDK-Untermodule)
- Dokumentierte Graph-Scopes: Nicht angegeben; vor Tenant-Nutzung prüfen.
- Hilfsdateien: Keine lokale Hilfsdatei erkannt.

## Verwendung

Noch kein geprüftes Aufrufbeispiel dokumentiert. Parameter mit `Get-Help './02_EntraID_Governance/034_Get-EntraIDGroupMemberCount.ps1' -Full` lesen.

## Quelle

[PowerShell-Datei auf GitHub](https://github.com/Kaffeeundcode/Intune-Scripts/blob/main/02_EntraID_Governance/034_Get-EntraIDGroupMemberCount.ps1)

Prüfungen gelten nur für den dokumentierten Quellstand und Testumfang.
","02_EntraID_Governance","02_EntraID_Governance/034_Get-EntraIDGroupMemberCount.ps1","unreviewed","Ungeprüft","false","normal"
"get-entra-iduser-mfa-status","Get-EntraIDUserMfaStatus","# Get-EntraIDUserMfaStatus

**Prüfstatus: Ungeprüft**

Report über registrierte MFA-Methoden pro Benutzer (nur Legacy/Per-User MFA Status).

<!-- library-status:start -->
    Prüfstatus: Ungeprüft
    Windows- und Tenant-Abnahme ausstehend; keine pauschale Produktionsfreigabe.

    <!-- library-status:end -->

    Zeigt an, ob MFA ""Enabled"" oder ""Enforced"" ist (Legacy Portal Einstellung).
    Für modernes Authentication Methods Reporting (Graph) wird ein anderes Cmdlet benötigt, welches komplexer ist.
    Dies hier ist für den schnellen Überblick über den ""alten"" Status hilfreich.

## Prüfung

Keine fachliche Freigabe aus der Katalogerstellung ableiten.

- static: aktueller erfolgreicher Nachweis fehlt
- pester: aktueller erfolgreicher Nachweis fehlt
- windows: aktueller erfolgreicher Nachweis fehlt
- tenant: aktueller erfolgreicher Nachweis fehlt

## Voraussetzungen

- Module: Microsoft.Graph.Authentication, Microsoft.Graph (passende SDK-Untermodule)
- Dokumentierte Graph-Scopes: Nicht angegeben; vor Tenant-Nutzung prüfen.
- Hilfsdateien: Keine lokale Hilfsdatei erkannt.

## Verwendung

Noch kein geprüftes Aufrufbeispiel dokumentiert. Parameter mit `Get-Help './02_EntraID_Governance/035_Get-EntraIDUserMfaStatus.ps1' -Full` lesen.

## Quelle

[PowerShell-Datei auf GitHub](https://github.com/Kaffeeundcode/Intune-Scripts/blob/main/02_EntraID_Governance/035_Get-EntraIDUserMfaStatus.ps1)

Prüfungen gelten nur für den dokumentierten Quellstand und Testumfang.
","02_EntraID_Governance","02_EntraID_Governance/035_Get-EntraIDUserMfaStatus.ps1","unreviewed","Ungeprüft","false","normal"
"remove-entra-idinvited-users-never-signed-in","Remove-EntraIDInvitedUsersNeverSignedIn","# Remove-EntraIDInvitedUsersNeverSignedIn

**Prüfstatus: Ungeprüft**

Löscht eingeladene Gast-Benutzer, die die Einladung nie angenommen haben.

<!-- library-status:start -->
    Prüfstatus: Ungeprüft
    Windows- und Tenant-Abnahme ausstehend; keine pauschale Produktionsfreigabe.

    <!-- library-status:end -->

    Bereinigt das Directory von ""Karteileichen"" (offene Einladungen).
    Löscht Gäste, die im Status ""PendingAcceptance"" sind und älter als X Tage.

    Parameter:
    - DaysPending: Tage seit Einladung (Default: 60)
    - Delete: Lösch-Schalter.

## Prüfung

Keine fachliche Freigabe aus der Katalogerstellung ableiten.

- static: aktueller erfolgreicher Nachweis fehlt
- pester: aktueller erfolgreicher Nachweis fehlt
- windows: aktueller erfolgreicher Nachweis fehlt
- tenant: aktueller erfolgreicher Nachweis fehlt

## Voraussetzungen

- Module: Microsoft.Graph.Authentication, Microsoft.Graph (passende SDK-Untermodule)
- Dokumentierte Graph-Scopes: Nicht angegeben; vor Tenant-Nutzung prüfen.
- Hilfsdateien: Keine lokale Hilfsdatei erkannt.

## Verwendung

Noch kein geprüftes Aufrufbeispiel dokumentiert. Parameter mit `Get-Help './02_EntraID_Governance/036_Remove-EntraIDInvitedUsersNeverSignedIn.ps1' -Full` lesen.

## Quelle

[PowerShell-Datei auf GitHub](https://github.com/Kaffeeundcode/Intune-Scripts/blob/main/02_EntraID_Governance/036_Remove-EntraIDInvitedUsersNeverSignedIn.ps1)

Prüfungen gelten nur für den dokumentierten Quellstand und Testumfang.
","02_EntraID_Governance","02_EntraID_Governance/036_Remove-EntraIDInvitedUsersNeverSignedIn.ps1","unreviewed","Ungeprüft","false","elevated"
"get-entra-idaudit-log-recent-failures","Get-EntraIDAuditLogRecentFailures","# Get-EntraIDAuditLogRecentFailures

**Prüfstatus: Ungeprüft**

Zeigt die häufigsten Anmeldefehler der letzten 24 Stunden.

<!-- library-status:start -->
    Prüfstatus: Ungeprüft
    Windows- und Tenant-Abnahme ausstehend; keine pauschale Produktionsfreigabe.

    <!-- library-status:end -->

    Aggregiert Fehlercodes aus den Sign-In Logs, um Probleme (oder Angriffe) zu erkennen.
    Top 10 Fehlerursachen.

## Prüfung

Keine fachliche Freigabe aus der Katalogerstellung ableiten.

- static: aktueller erfolgreicher Nachweis fehlt
- pester: aktueller erfolgreicher Nachweis fehlt
- windows: aktueller erfolgreicher Nachweis fehlt
- tenant: aktueller erfolgreicher Nachweis fehlt

## Voraussetzungen

- Module: Microsoft.Graph.Authentication, Microsoft.Graph (passende SDK-Untermodule)
- Dokumentierte Graph-Scopes: Nicht angegeben; vor Tenant-Nutzung prüfen.
- Hilfsdateien: Keine lokale Hilfsdatei erkannt.

## Verwendung

Noch kein geprüftes Aufrufbeispiel dokumentiert. Parameter mit `Get-Help './02_EntraID_Governance/037_Get-EntraIDAuditLogRecentFailures.ps1' -Full` lesen.

## Quelle

[PowerShell-Datei auf GitHub](https://github.com/Kaffeeundcode/Intune-Scripts/blob/main/02_EntraID_Governance/037_Get-EntraIDAuditLogRecentFailures.ps1)

Prüfungen gelten nur für den dokumentierten Quellstand und Testumfang.
","02_EntraID_Governance","02_EntraID_Governance/037_Get-EntraIDAuditLogRecentFailures.ps1","unreviewed","Ungeprüft","false","normal"
"get-entra-idpassword-expiry-policy","Get-EntraIDPasswordExpiryPolicy","# Get-EntraIDPasswordExpiryPolicy

**Prüfstatus: Ungeprüft**

Prüft die globale Password Expiration Policy des Tenants.

<!-- library-status:start -->
    Prüfstatus: Ungeprüft
    Windows- und Tenant-Abnahme ausstehend; keine pauschale Produktionsfreigabe.

    <!-- library-status:end -->

    Zeigt an, ob Passwörter ablaufen und nach wie vielen Tagen.
    (Legacy Einstellung für Cloud-Only User).

## Prüfung

Keine fachliche Freigabe aus der Katalogerstellung ableiten.

- static: aktueller erfolgreicher Nachweis fehlt
- pester: aktueller erfolgreicher Nachweis fehlt
- windows: aktueller erfolgreicher Nachweis fehlt
- tenant: aktueller erfolgreicher Nachweis fehlt

## Voraussetzungen

- Module: Microsoft.Graph.Authentication, Microsoft.Graph (passende SDK-Untermodule)
- Dokumentierte Graph-Scopes: Nicht angegeben; vor Tenant-Nutzung prüfen.
- Hilfsdateien: Keine lokale Hilfsdatei erkannt.

## Verwendung

Noch kein geprüftes Aufrufbeispiel dokumentiert. Parameter mit `Get-Help './02_EntraID_Governance/038_Get-EntraIDPasswordExpiryPolicy.ps1' -Full` lesen.

## Quelle

[PowerShell-Datei auf GitHub](https://github.com/Kaffeeundcode/Intune-Scripts/blob/main/02_EntraID_Governance/038_Get-EntraIDPasswordExpiryPolicy.ps1)

Prüfungen gelten nur für den dokumentierten Quellstand und Testumfang.
","02_EntraID_Governance","02_EntraID_Governance/038_Get-EntraIDPasswordExpiryPolicy.ps1","unreviewed","Ungeprüft","false","normal"
"get-entra-iddomains","Get-EntraIDDomains","# Get-EntraIDDomains

**Prüfstatus: Ungeprüft**

Listet alle verifizierten Domains im Tenant auf.

<!-- library-status:start -->
    Prüfstatus: Ungeprüft
    Windows- und Tenant-Abnahme ausstehend; keine pauschale Produktionsfreigabe.

    <!-- library-status:end -->

    Einfacher Report über alle Domains, ihren Status (Verified/Unverified) und Typ (Managed/Federated).

    Parameter:
    - OnlyVerified: Zeigt nur verifizierte Domains.

## Prüfung

Keine fachliche Freigabe aus der Katalogerstellung ableiten.

- static: aktueller erfolgreicher Nachweis fehlt
- pester: aktueller erfolgreicher Nachweis fehlt
- windows: aktueller erfolgreicher Nachweis fehlt
- tenant: aktueller erfolgreicher Nachweis fehlt

## Voraussetzungen

- Module: Microsoft.Graph.Authentication, Microsoft.Graph (passende SDK-Untermodule)
- Dokumentierte Graph-Scopes: Nicht angegeben; vor Tenant-Nutzung prüfen.
- Hilfsdateien: Keine lokale Hilfsdatei erkannt.

## Verwendung

Noch kein geprüftes Aufrufbeispiel dokumentiert. Parameter mit `Get-Help './02_EntraID_Governance/039_Get-EntraIDDomains.ps1' -Full` lesen.

## Quelle

[PowerShell-Datei auf GitHub](https://github.com/Kaffeeundcode/Intune-Scripts/blob/main/02_EntraID_Governance/039_Get-EntraIDDomains.ps1)

Prüfungen gelten nur für den dokumentierten Quellstand und Testumfang.
","02_EntraID_Governance","02_EntraID_Governance/039_Get-EntraIDDomains.ps1","unreviewed","Ungeprüft","false","normal"
"get-entra-idtenant-details","Get-EntraIDTenantDetails","# Get-EntraIDTenantDetails

**Prüfstatus: Ungeprüft**

Zeit Details zum Tenant (ID, Name, Technischer Kontakt) an.

<!-- library-status:start -->
    Prüfstatus: Ungeprüft
    Windows- und Tenant-Abnahme ausstehend; keine pauschale Produktionsfreigabe.

    <!-- library-status:end -->

    Basis-Informationen über den eigenen Tenant. Hilfreich für Dokumentation.

## Prüfung

Keine fachliche Freigabe aus der Katalogerstellung ableiten.

- static: aktueller erfolgreicher Nachweis fehlt
- pester: aktueller erfolgreicher Nachweis fehlt
- windows: aktueller erfolgreicher Nachweis fehlt
- tenant: aktueller erfolgreicher Nachweis fehlt

## Voraussetzungen

- Module: Microsoft.Graph.Authentication, Microsoft.Graph (passende SDK-Untermodule)
- Dokumentierte Graph-Scopes: Nicht angegeben; vor Tenant-Nutzung prüfen.
- Hilfsdateien: Keine lokale Hilfsdatei erkannt.

## Verwendung

Noch kein geprüftes Aufrufbeispiel dokumentiert. Parameter mit `Get-Help './02_EntraID_Governance/040_Get-EntraIDTenantDetails.ps1' -Full` lesen.

## Quelle

[PowerShell-Datei auf GitHub](https://github.com/Kaffeeundcode/Intune-Scripts/blob/main/02_EntraID_Governance/040_Get-EntraIDTenantDetails.ps1)

Prüfungen gelten nur für den dokumentierten Quellstand und Testumfang.
","02_EntraID_Governance","02_EntraID_Governance/040_Get-EntraIDTenantDetails.ps1","unreviewed","Ungeprüft","false","normal"
"get-compliance-policies","Get-CompliancePolicies","# Get-CompliancePolicies

**Prüfstatus: Ungeprüft**

Listet alle Compliance-Richtlinien auf.

<!-- library-status:start -->
    Prüfstatus: Ungeprüft
    Windows- und Tenant-Abnahme ausstehend; keine pauschale Produktionsfreigabe.

    <!-- library-status:end -->

    Ruft eine Liste aller in Intune definierten Compliance-Policies ab (iOS, Android, Windows etc.).
    Erfordert die Berechtigung 'DeviceManagementConfiguration.Read.All'.

## Prüfung

Keine fachliche Freigabe aus der Katalogerstellung ableiten.

- static: aktueller erfolgreicher Nachweis fehlt
- pester: aktueller erfolgreicher Nachweis fehlt
- windows: aktueller erfolgreicher Nachweis fehlt
- tenant: aktueller erfolgreicher Nachweis fehlt

## Voraussetzungen

- Module: Microsoft.Graph.Authentication, Microsoft.Graph (passende SDK-Untermodule)
- Dokumentierte Graph-Scopes: DeviceManagementConfiguration.Read.All
- Hilfsdateien: Keine lokale Hilfsdatei erkannt.

## Verwendung

Noch kein geprüftes Aufrufbeispiel dokumentiert. Parameter mit `Get-Help './03_Compliance_Configuration/21_Get-CompliancePolicies.ps1' -Full` lesen.

## Quelle

[PowerShell-Datei auf GitHub](https://github.com/Kaffeeundcode/Intune-Scripts/blob/main/03_Compliance_Configuration/21_Get-CompliancePolicies.ps1)

Prüfungen gelten nur für den dokumentierten Quellstand und Testumfang.
","03_Compliance_Configuration","03_Compliance_Configuration/21_Get-CompliancePolicies.ps1","unreviewed","Ungeprüft","false","normal"
"get-non-compliant-devices","Get-NonCompliantDevices","# Get-NonCompliantDevices

**Prüfstatus: Ungeprüft**

Findet alle nicht-konformen (Non-Compliant) Geräte.

<!-- library-status:start -->
    Prüfstatus: Ungeprüft
    Windows- und Tenant-Abnahme ausstehend; keine pauschale Produktionsfreigabe.

    <!-- library-status:end -->

    Filtert die Geräteliste nach dem Status 'nonCompliant'.
    Hilfreich für Reports und Alerts.
    Erfordert die Berechtigung 'DeviceManagementManagedDevices.Read.All'.

## Prüfung

Keine fachliche Freigabe aus der Katalogerstellung ableiten.

- static: aktueller erfolgreicher Nachweis fehlt
- pester: aktueller erfolgreicher Nachweis fehlt
- windows: aktueller erfolgreicher Nachweis fehlt
- tenant: aktueller erfolgreicher Nachweis fehlt

## Voraussetzungen

- Module: Microsoft.Graph.Authentication, Microsoft.Graph (passende SDK-Untermodule)
- Dokumentierte Graph-Scopes: DeviceManagementManagedDevices.Read.All
- Hilfsdateien: Keine lokale Hilfsdatei erkannt.

## Verwendung

Noch kein geprüftes Aufrufbeispiel dokumentiert. Parameter mit `Get-Help './03_Compliance_Configuration/22_Get-NonCompliantDevices.ps1' -Full` lesen.

## Quelle

[PowerShell-Datei auf GitHub](https://github.com/Kaffeeundcode/Intune-Scripts/blob/main/03_Compliance_Configuration/22_Get-NonCompliantDevices.ps1)

Prüfungen gelten nur für den dokumentierten Quellstand und Testumfang.
","03_Compliance_Configuration","03_Compliance_Configuration/22_Get-NonCompliantDevices.ps1","unreviewed","Ungeprüft","false","normal"
"create-compliance-policy-windows","Create-CompliancePolicy_Windows","# Create-CompliancePolicy_Windows

**Prüfstatus: Ungeprüft**

Erstellt eine Basis-Compliance-Richtlinie für Windows 10/11.

<!-- library-status:start -->
    Prüfstatus: Ungeprüft
    Windows- und Tenant-Abnahme ausstehend; keine pauschale Produktionsfreigabe.

    <!-- library-status:end -->

    Legt eine neue Policy an, die z.B. BitLocker und Secure Boot erfordert.
    Dies ist ein Beispiel-Template.
    Erfordert die Berechtigung 'DeviceManagementConfiguration.ReadWrite.All'.

## Prüfung

Keine fachliche Freigabe aus der Katalogerstellung ableiten.

- static: aktueller erfolgreicher Nachweis fehlt
- pester: aktueller erfolgreicher Nachweis fehlt
- windows: aktueller erfolgreicher Nachweis fehlt
- tenant: aktueller erfolgreicher Nachweis fehlt

## Voraussetzungen

- Module: Microsoft.Graph.Authentication, Microsoft.Graph (passende SDK-Untermodule)
- Dokumentierte Graph-Scopes: DeviceManagementConfiguration.ReadWrite.All
- Hilfsdateien: Keine lokale Hilfsdatei erkannt.

## Verwendung

Noch kein geprüftes Aufrufbeispiel dokumentiert. Parameter mit `Get-Help './03_Compliance_Configuration/23_Create-CompliancePolicy_Windows.ps1' -Full` lesen.

## Quelle

[PowerShell-Datei auf GitHub](https://github.com/Kaffeeundcode/Intune-Scripts/blob/main/03_Compliance_Configuration/23_Create-CompliancePolicy_Windows.ps1)

Prüfungen gelten nur für den dokumentierten Quellstand und Testumfang.
","03_Compliance_Configuration","03_Compliance_Configuration/23_Create-CompliancePolicy_Windows.ps1","unreviewed","Ungeprüft","false","elevated"
"get-configuration-profiles","Get-ConfigurationProfiles","# Get-ConfigurationProfiles

**Prüfstatus: Ungeprüft**

Listet alle Konfigurationsprofile (Device Configuration) auf.

<!-- library-status:start -->
    Prüfstatus: Ungeprüft
    Windows- und Tenant-Abnahme ausstehend; keine pauschale Produktionsfreigabe.

    <!-- library-status:end -->

    Ruft alle Konfigurationsprofile ab, inkl. Settings Catalog und Admin Templates.
    Erfordert die Berechtigung 'DeviceManagementConfiguration.Read.All'.

## Prüfung

Keine fachliche Freigabe aus der Katalogerstellung ableiten.

- static: aktueller erfolgreicher Nachweis fehlt
- pester: aktueller erfolgreicher Nachweis fehlt
- windows: aktueller erfolgreicher Nachweis fehlt
- tenant: aktueller erfolgreicher Nachweis fehlt

## Voraussetzungen

- Module: Microsoft.Graph.Authentication, Microsoft.Graph (passende SDK-Untermodule)
- Dokumentierte Graph-Scopes: DeviceManagementConfiguration.Read.All
- Hilfsdateien: Keine lokale Hilfsdatei erkannt.

## Verwendung

Noch kein geprüftes Aufrufbeispiel dokumentiert. Parameter mit `Get-Help './03_Compliance_Configuration/24_Get-ConfigurationProfiles.ps1' -Full` lesen.

## Quelle

[PowerShell-Datei auf GitHub](https://github.com/Kaffeeundcode/Intune-Scripts/blob/main/03_Compliance_Configuration/24_Get-ConfigurationProfiles.ps1)

Prüfungen gelten nur für den dokumentierten Quellstand und Testumfang.
","03_Compliance_Configuration","03_Compliance_Configuration/24_Get-ConfigurationProfiles.ps1","unreviewed","Ungeprüft","false","normal"
"backup-configuration-profiles","Backup-ConfigurationProfiles","# Backup-ConfigurationProfiles

**Prüfstatus: Ungeprüft**

Erstellt ein Backup (JSON Export) aller Konfigurationsprofile.

<!-- library-status:start -->
    Prüfstatus: Ungeprüft
    Windows- und Tenant-Abnahme ausstehend; keine pauschale Produktionsfreigabe.

    <!-- library-status:end -->

    Exportiert die Definition jedes Profils als JSON-Datei in einen lokalen Ordner.
    Nützlich für Disaster Recovery oder Dokumentation.
    Erfordert die Berechtigung 'DeviceManagementConfiguration.Read.All'.

## Prüfung

Keine fachliche Freigabe aus der Katalogerstellung ableiten.

- static: aktueller erfolgreicher Nachweis fehlt
- pester: aktueller erfolgreicher Nachweis fehlt
- windows: aktueller erfolgreicher Nachweis fehlt
- tenant: aktueller erfolgreicher Nachweis fehlt

## Voraussetzungen

- Module: Microsoft.Graph.Authentication, Microsoft.Graph (passende SDK-Untermodule)
- Dokumentierte Graph-Scopes: DeviceManagementConfiguration.Read.All
- Hilfsdateien: Keine lokale Hilfsdatei erkannt.

## Verwendung

Noch kein geprüftes Aufrufbeispiel dokumentiert. Parameter mit `Get-Help './03_Compliance_Configuration/25_Backup-ConfigurationProfiles.ps1' -Full` lesen.

## Quelle

[PowerShell-Datei auf GitHub](https://github.com/Kaffeeundcode/Intune-Scripts/blob/main/03_Compliance_Configuration/25_Backup-ConfigurationProfiles.ps1)

Prüfungen gelten nur für den dokumentierten Quellstand und Testumfang.
","03_Compliance_Configuration","03_Compliance_Configuration/25_Backup-ConfigurationProfiles.ps1","unreviewed","Ungeprüft","false","elevated"
"assign-config-profile","Assign-ConfigProfile","# Assign-ConfigProfile

**Prüfstatus: Ungeprüft**

Weist ein Konfigurationsprofil einer Gruppe zu.

<!-- library-status:start -->
    Prüfstatus: Ungeprüft
    Windows- und Tenant-Abnahme ausstehend; keine pauschale Produktionsfreigabe.

    <!-- library-status:end -->

    Setzt eine Zuweisung für ein bestimmtes Profil.
    Erfordert die Berechtigung 'DeviceManagementConfiguration.ReadWrite.All'.

## Prüfung

Keine fachliche Freigabe aus der Katalogerstellung ableiten.

- static: aktueller erfolgreicher Nachweis fehlt
- pester: aktueller erfolgreicher Nachweis fehlt
- windows: aktueller erfolgreicher Nachweis fehlt
- tenant: aktueller erfolgreicher Nachweis fehlt

## Voraussetzungen

- Module: Microsoft.Graph.Authentication, Microsoft.Graph (passende SDK-Untermodule)
- Dokumentierte Graph-Scopes: DeviceManagementConfiguration.ReadWrite.All
- Hilfsdateien: Keine lokale Hilfsdatei erkannt.

## Verwendung

Noch kein geprüftes Aufrufbeispiel dokumentiert. Parameter mit `Get-Help './03_Compliance_Configuration/26_Assign-ConfigProfile.ps1' -Full` lesen.

## Quelle

[PowerShell-Datei auf GitHub](https://github.com/Kaffeeundcode/Intune-Scripts/blob/main/03_Compliance_Configuration/26_Assign-ConfigProfile.ps1)

Prüfungen gelten nur für den dokumentierten Quellstand und Testumfang.
","03_Compliance_Configuration","03_Compliance_Configuration/26_Assign-ConfigProfile.ps1","unreviewed","Ungeprüft","false","elevated"
"get-device-compliance-details","Get-DeviceComplianceDetails","# Get-DeviceComplianceDetails

**Prüfstatus: Ungeprüft**

Zeigt Details zur Compliance eines bestimmten Geräts.

<!-- library-status:start -->
    Prüfstatus: Ungeprüft
    Windows- und Tenant-Abnahme ausstehend; keine pauschale Produktionsfreigabe.

    <!-- library-status:end -->

    Listet auf, welche Compliance-Policies auf das Gerät angewendet wurden und deren Status (Success/Error/NonCompliant).
    Erfordert die Berechtigung 'DeviceManagementManagedDevices.Read.All'.

## Prüfung

Keine fachliche Freigabe aus der Katalogerstellung ableiten.

- static: aktueller erfolgreicher Nachweis fehlt
- pester: aktueller erfolgreicher Nachweis fehlt
- windows: aktueller erfolgreicher Nachweis fehlt
- tenant: aktueller erfolgreicher Nachweis fehlt

## Voraussetzungen

- Module: Microsoft.Graph.Authentication, Microsoft.Graph (passende SDK-Untermodule)
- Dokumentierte Graph-Scopes: DeviceManagementManagedDevices.Read.All
- Hilfsdateien: Keine lokale Hilfsdatei erkannt.

## Verwendung

Noch kein geprüftes Aufrufbeispiel dokumentiert. Parameter mit `Get-Help './03_Compliance_Configuration/27_Get-DeviceComplianceDetails.ps1' -Full` lesen.

## Quelle

[PowerShell-Datei auf GitHub](https://github.com/Kaffeeundcode/Intune-Scripts/blob/main/03_Compliance_Configuration/27_Get-DeviceComplianceDetails.ps1)

Prüfungen gelten nur für den dokumentierten Quellstand und Testumfang.
","03_Compliance_Configuration","03_Compliance_Configuration/27_Get-DeviceComplianceDetails.ps1","unreviewed","Ungeprüft","false","normal"
"get-device-config-status","Get-DeviceConfigStatus","# Get-DeviceConfigStatus

**Prüfstatus: Ungeprüft**

Zeigt den Status von Konfigurationsprofilen auf einem Gerät.

<!-- library-status:start -->
    Prüfstatus: Ungeprüft
    Windows- und Tenant-Abnahme ausstehend; keine pauschale Produktionsfreigabe.

    <!-- library-status:end -->

    Analysiert, welche Config-Profile erfolgreich angewendet wurden oder Fehler melden.
    Erfordert die Berechtigung 'DeviceManagementConfiguration.Read.All'.

## Prüfung

Keine fachliche Freigabe aus der Katalogerstellung ableiten.

- static: aktueller erfolgreicher Nachweis fehlt
- pester: aktueller erfolgreicher Nachweis fehlt
- windows: aktueller erfolgreicher Nachweis fehlt
- tenant: aktueller erfolgreicher Nachweis fehlt

## Voraussetzungen

- Module: Microsoft.Graph.Authentication, Microsoft.Graph (passende SDK-Untermodule)
- Dokumentierte Graph-Scopes: DeviceManagementConfiguration.Read.All, DeviceManagementManagedDevices.Read.All
- Hilfsdateien: Keine lokale Hilfsdatei erkannt.

## Verwendung

Noch kein geprüftes Aufrufbeispiel dokumentiert. Parameter mit `Get-Help './03_Compliance_Configuration/28_Get-DeviceConfigStatus.ps1' -Full` lesen.

## Quelle

[PowerShell-Datei auf GitHub](https://github.com/Kaffeeundcode/Intune-Scripts/blob/main/03_Compliance_Configuration/28_Get-DeviceConfigStatus.ps1)

Prüfungen gelten nur für den dokumentierten Quellstand und Testumfang.
","03_Compliance_Configuration","03_Compliance_Configuration/28_Get-DeviceConfigStatus.ps1","unreviewed","Ungeprüft","false","normal"
"find-profile-by-name","Find-ProfileByName","# Find-ProfileByName

**Prüfstatus: Ungeprüft**

Sucht ein Konfigurationsprofil nach Name.

<!-- library-status:start -->
    Prüfstatus: Ungeprüft
    Windows- und Tenant-Abnahme ausstehend; keine pauschale Produktionsfreigabe.

    <!-- library-status:end -->

    Hilft, die ID eines Profils zu finden, wenn man nur den Namen kennt.
    Erfordert die Berechtigung 'DeviceManagementConfiguration.Read.All'.

## Prüfung

Keine fachliche Freigabe aus der Katalogerstellung ableiten.

- static: aktueller erfolgreicher Nachweis fehlt
- pester: aktueller erfolgreicher Nachweis fehlt
- windows: aktueller erfolgreicher Nachweis fehlt
- tenant: aktueller erfolgreicher Nachweis fehlt

## Voraussetzungen

- Module: Microsoft.Graph.Authentication, Microsoft.Graph (passende SDK-Untermodule)
- Dokumentierte Graph-Scopes: DeviceManagementConfiguration.Read.All
- Hilfsdateien: Keine lokale Hilfsdatei erkannt.

## Verwendung

Noch kein geprüftes Aufrufbeispiel dokumentiert. Parameter mit `Get-Help './03_Compliance_Configuration/29_Find-ProfileByName.ps1' -Full` lesen.

## Quelle

[PowerShell-Datei auf GitHub](https://github.com/Kaffeeundcode/Intune-Scripts/blob/main/03_Compliance_Configuration/29_Find-ProfileByName.ps1)

Prüfungen gelten nur für den dokumentierten Quellstand und Testumfang.
","03_Compliance_Configuration","03_Compliance_Configuration/29_Find-ProfileByName.ps1","unreviewed","Ungeprüft","false","normal"
"duplicate-compliance-policy","Duplicate-CompliancePolicy","# Duplicate-CompliancePolicy

**Prüfstatus: Beispiel**

Dupliziert eine vorhandene Compliance-Policy.

<!-- library-status:start -->
    Prüfstatus: Beispiel
    Enthaelt Beispiel-/Platzhalterlogik; kein abgeschlossener Betriebsablauf.

    <!-- library-status:end -->

    Erstellt eine Kopie einer Policy mit dem Suffix '_Copy'.
    Erfordert die Berechtigung 'DeviceManagementConfiguration.ReadWrite.All'.

## Prüfung

- Enthaelt Beispiel-/Platzhalterlogik; kein abgeschlossener Betriebsablauf.

- static: aktueller erfolgreicher Nachweis fehlt
- pester: aktueller erfolgreicher Nachweis fehlt
- windows: aktueller erfolgreicher Nachweis fehlt
- tenant: aktueller erfolgreicher Nachweis fehlt

## Voraussetzungen

- Module: Microsoft.Graph.Authentication, Microsoft.Graph (passende SDK-Untermodule)
- Dokumentierte Graph-Scopes: DeviceManagementConfiguration.ReadWrite.All
- Hilfsdateien: Keine lokale Hilfsdatei erkannt.

## Verwendung

Noch kein geprüftes Aufrufbeispiel dokumentiert. Parameter mit `Get-Help './03_Compliance_Configuration/30_Duplicate-CompliancePolicy.ps1' -Full` lesen.

## Quelle

[PowerShell-Datei auf GitHub](https://github.com/Kaffeeundcode/Intune-Scripts/blob/main/03_Compliance_Configuration/30_Duplicate-CompliancePolicy.ps1)

Prüfungen gelten nur für den dokumentierten Quellstand und Testumfang.
","03_Compliance_Configuration","03_Compliance_Configuration/30_Duplicate-CompliancePolicy.ps1","example","Beispiel","false","normal"
"detect-disk-space","Detect-DiskSpace","# Detect-DiskSpace

**Prüfstatus: Ungeprüft**

Erkennt, ob der freie Speicherplatz auf C: unter einem Schwellenwert liegt.
    (Intune Detection Script)

<!-- library-status:start -->
    Prüfstatus: Ungeprüft
    Windows- und Tenant-Abnahme ausstehend; keine pauschale Produktionsfreigabe.

    <!-- library-status:end -->

    Ausgabe ""NonCompliant"", wenn Speicher < Threshold.
    Sonst ""Compliant"".

    Parameter:
    - ThresholdPercent: Warnschwelle in % (Default: 10)

## Prüfung

Keine fachliche Freigabe aus der Katalogerstellung ableiten.

- static: aktueller erfolgreicher Nachweis fehlt
- pester: aktueller erfolgreicher Nachweis fehlt
- windows: aktueller erfolgreicher Nachweis fehlt

## Voraussetzungen

- Module: Skript prüfen; keine Cloud-Module erkannt.
- Dokumentierte Graph-Scopes: Nicht angegeben; vor Tenant-Nutzung prüfen.
- Hilfsdateien: Keine lokale Hilfsdatei erkannt.

## Verwendung

Noch kein geprüftes Aufrufbeispiel dokumentiert. Parameter mit `Get-Help './03_Intune_Remediations/041_Detect-DiskSpace.ps1' -Full` lesen.

## Quelle

[PowerShell-Datei auf GitHub](https://github.com/Kaffeeundcode/Intune-Scripts/blob/main/03_Intune_Remediations/041_Detect-DiskSpace.ps1)

Prüfungen gelten nur für den dokumentierten Quellstand und Testumfang.
","03_Intune_Remediations","03_Intune_Remediations/041_Detect-DiskSpace.ps1","unreviewed","Ungeprüft","false","normal"
"remediate-disk-space","Remediate-DiskSpace","# Remediate-DiskSpace

**Prüfstatus: Ungeprüft**

Bereinigt temporäre Dateien, um Speicherplatz freizugeben.
    (Intune Remediation Script)

<!-- library-status:start -->
    Prüfstatus: Ungeprüft
    Windows- und Tenant-Abnahme ausstehend; keine pauschale Produktionsfreigabe.

    <!-- library-status:end -->

    Löscht C:\Windows\Temp und %TEMP% Inhalte.
    Leert den Papierkorb.

## Prüfung

Keine fachliche Freigabe aus der Katalogerstellung ableiten.

- static: aktueller erfolgreicher Nachweis fehlt
- pester: aktueller erfolgreicher Nachweis fehlt
- windows: aktueller erfolgreicher Nachweis fehlt

## Voraussetzungen

- Module: Skript prüfen; keine Cloud-Module erkannt.
- Dokumentierte Graph-Scopes: Nicht angegeben; vor Tenant-Nutzung prüfen.
- Hilfsdateien: Keine lokale Hilfsdatei erkannt.

## Verwendung

Noch kein geprüftes Aufrufbeispiel dokumentiert. Parameter mit `Get-Help './03_Intune_Remediations/042_Remediate-DiskSpace.ps1' -Full` lesen.

## Quelle

[PowerShell-Datei auf GitHub](https://github.com/Kaffeeundcode/Intune-Scripts/blob/main/03_Intune_Remediations/042_Remediate-DiskSpace.ps1)

Prüfungen gelten nur für den dokumentierten Quellstand und Testumfang.
","03_Intune_Remediations","03_Intune_Remediations/042_Remediate-DiskSpace.ps1","unreviewed","Ungeprüft","false","elevated"
"detect-old-certificates","Detect-OldCertificates","# Detect-OldCertificates

**Prüfstatus: Ungeprüft**

Erkennen von abgelaufenen Zertifikaten im 'Personal' Store.
    (Intune Detection Script)

<!-- library-status:start -->
    Prüfstatus: Ungeprüft
    Windows- und Tenant-Abnahme ausstehend; keine pauschale Produktionsfreigabe.

    <!-- library-status:end -->

    Prüft, ob Zertifikate vorhanden sind, die abgelaufen sind.

## Prüfung

Keine fachliche Freigabe aus der Katalogerstellung ableiten.

- static: aktueller erfolgreicher Nachweis fehlt
- pester: aktueller erfolgreicher Nachweis fehlt
- windows: aktueller erfolgreicher Nachweis fehlt

## Voraussetzungen

- Module: Skript prüfen; keine Cloud-Module erkannt.
- Dokumentierte Graph-Scopes: Nicht angegeben; vor Tenant-Nutzung prüfen.
- Hilfsdateien: Keine lokale Hilfsdatei erkannt.

## Verwendung

Noch kein geprüftes Aufrufbeispiel dokumentiert. Parameter mit `Get-Help './03_Intune_Remediations/043_Detect-OldCertificates.ps1' -Full` lesen.

## Quelle

[PowerShell-Datei auf GitHub](https://github.com/Kaffeeundcode/Intune-Scripts/blob/main/03_Intune_Remediations/043_Detect-OldCertificates.ps1)

Prüfungen gelten nur für den dokumentierten Quellstand und Testumfang.
","03_Intune_Remediations","03_Intune_Remediations/043_Detect-OldCertificates.ps1","unreviewed","Ungeprüft","false","normal"
"remediate-old-certificates","Remediate-OldCertificates","# Remediate-OldCertificates

**Prüfstatus: Ungeprüft**

Löscht abgelaufene Zertifikate aus dem 'Personal' Store.
    (Intune Remediation Script)

<!-- library-status:start -->
    Prüfstatus: Ungeprüft
    Windows- und Tenant-Abnahme ausstehend; keine pauschale Produktionsfreigabe.

    <!-- library-status:end -->

    Entfernt Zertifikate, die abgelaufen sind, um Warnmeldungen zu vermeiden.
    VORSICHT: Nur für abgelaufene Zertifikate!

## Prüfung

Keine fachliche Freigabe aus der Katalogerstellung ableiten.

- static: aktueller erfolgreicher Nachweis fehlt
- pester: aktueller erfolgreicher Nachweis fehlt
- windows: aktueller erfolgreicher Nachweis fehlt

## Voraussetzungen

- Module: Skript prüfen; keine Cloud-Module erkannt.
- Dokumentierte Graph-Scopes: Nicht angegeben; vor Tenant-Nutzung prüfen.
- Hilfsdateien: Keine lokale Hilfsdatei erkannt.

## Verwendung

Noch kein geprüftes Aufrufbeispiel dokumentiert. Parameter mit `Get-Help './03_Intune_Remediations/044_Remediate-OldCertificates.ps1' -Full` lesen.

## Quelle

[PowerShell-Datei auf GitHub](https://github.com/Kaffeeundcode/Intune-Scripts/blob/main/03_Intune_Remediations/044_Remediate-OldCertificates.ps1)

Prüfungen gelten nur für den dokumentierten Quellstand und Testumfang.
","03_Intune_Remediations","03_Intune_Remediations/044_Remediate-OldCertificates.ps1","unreviewed","Ungeprüft","false","elevated"
"detect-local-admin","Detect-LocalAdmin","# Detect-LocalAdmin

**Prüfstatus: Ungeprüft**

Prüft, ob unerwünschte Benutzer in der lokalen Administratorengruppe sind.
    (Intune Detection Script)

<!-- library-status:start -->
    Prüfstatus: Ungeprüft
    Windows- und Tenant-Abnahme ausstehend; keine pauschale Produktionsfreigabe.

    <!-- library-status:end -->

    Vergleicht die Mitglieder der Gruppe ""Administrators"" mit einer Allowed-List.
    NonCompliant, wenn Unbekannte gefunden werden.

    Parameter:
    - AllowedUsers: Kommagetrennte Liste von erlaubten Usern/SIDs (z.B. Administrator,Domain Admins).

## Prüfung

Keine fachliche Freigabe aus der Katalogerstellung ableiten.

- static: aktueller erfolgreicher Nachweis fehlt
- pester: aktueller erfolgreicher Nachweis fehlt
- windows: aktueller erfolgreicher Nachweis fehlt

## Voraussetzungen

- Module: Skript prüfen; keine Cloud-Module erkannt.
- Dokumentierte Graph-Scopes: Nicht angegeben; vor Tenant-Nutzung prüfen.
- Hilfsdateien: Keine lokale Hilfsdatei erkannt.

## Verwendung

Noch kein geprüftes Aufrufbeispiel dokumentiert. Parameter mit `Get-Help './03_Intune_Remediations/045_Detect-LocalAdmin.ps1' -Full` lesen.

## Quelle

[PowerShell-Datei auf GitHub](https://github.com/Kaffeeundcode/Intune-Scripts/blob/main/03_Intune_Remediations/045_Detect-LocalAdmin.ps1)

Prüfungen gelten nur für den dokumentierten Quellstand und Testumfang.
","03_Intune_Remediations","03_Intune_Remediations/045_Detect-LocalAdmin.ps1","unreviewed","Ungeprüft","false","normal"
"remediate-remove-local-admin","Remediate-RemoveLocalAdmin","# Remediate-RemoveLocalAdmin

**Prüfstatus: Ungeprüft**

Entfernt unerwünschte lokale Administratoren.
    (Intune Remediation Script)

<!-- library-status:start -->
    Prüfstatus: Ungeprüft
    Windows- und Tenant-Abnahme ausstehend; keine pauschale Produktionsfreigabe.

    <!-- library-status:end -->

    Entfernt alle User aus der Admin-Gruppe, die nicht auf der Allowed-Liste stehen.
    VORSICHT: Kann Admin-Rechte entziehen!

    Parameter:
    - AllowedUsers: Liste der User, die BLEIBEN dürfen.

## Prüfung

Keine fachliche Freigabe aus der Katalogerstellung ableiten.

- static: aktueller erfolgreicher Nachweis fehlt
- pester: aktueller erfolgreicher Nachweis fehlt
- windows: aktueller erfolgreicher Nachweis fehlt

## Voraussetzungen

- Module: Skript prüfen; keine Cloud-Module erkannt.
- Dokumentierte Graph-Scopes: Nicht angegeben; vor Tenant-Nutzung prüfen.
- Hilfsdateien: Keine lokale Hilfsdatei erkannt.

## Verwendung

Noch kein geprüftes Aufrufbeispiel dokumentiert. Parameter mit `Get-Help './03_Intune_Remediations/046_Remediate-RemoveLocalAdmin.ps1' -Full` lesen.

## Quelle

[PowerShell-Datei auf GitHub](https://github.com/Kaffeeundcode/Intune-Scripts/blob/main/03_Intune_Remediations/046_Remediate-RemoveLocalAdmin.ps1)

Prüfungen gelten nur für den dokumentierten Quellstand und Testumfang.
","03_Intune_Remediations","03_Intune_Remediations/046_Remediate-RemoveLocalAdmin.ps1","unreviewed","Ungeprüft","false","elevated"
"detect-service-status","Detect-ServiceStatus","# Detect-ServiceStatus

**Prüfstatus: Ungeprüft**

Prüft, ob ein wichtiger Windows-Dienst läuft.
    (Intune Detection Script)

<!-- library-status:start -->
    Prüfstatus: Ungeprüft
    Windows- und Tenant-Abnahme ausstehend; keine pauschale Produktionsfreigabe.

    <!-- library-status:end -->

    NonCompliant, wenn der Dienst nicht 'Running' ist.

    Parameter:
    - ServiceName: Name des Dienstes (z.B. Spooler, W32Time)

## Prüfung

Keine fachliche Freigabe aus der Katalogerstellung ableiten.

- static: aktueller erfolgreicher Nachweis fehlt
- pester: aktueller erfolgreicher Nachweis fehlt
- windows: aktueller erfolgreicher Nachweis fehlt

## Voraussetzungen

- Module: Skript prüfen; keine Cloud-Module erkannt.
- Dokumentierte Graph-Scopes: Nicht angegeben; vor Tenant-Nutzung prüfen.
- Hilfsdateien: Keine lokale Hilfsdatei erkannt.

## Verwendung

Noch kein geprüftes Aufrufbeispiel dokumentiert. Parameter mit `Get-Help './03_Intune_Remediations/047_Detect-ServiceStatus.ps1' -Full` lesen.

## Quelle

[PowerShell-Datei auf GitHub](https://github.com/Kaffeeundcode/Intune-Scripts/blob/main/03_Intune_Remediations/047_Detect-ServiceStatus.ps1)

Prüfungen gelten nur für den dokumentierten Quellstand und Testumfang.
","03_Intune_Remediations","03_Intune_Remediations/047_Detect-ServiceStatus.ps1","unreviewed","Ungeprüft","false","normal"
"remediate-service-start","Remediate-ServiceStart","# Remediate-ServiceStart

**Prüfstatus: Ungeprüft**

Startet einen gestoppten Dienst.
    (Intune Remediation Script)

<!-- library-status:start -->
    Prüfstatus: Ungeprüft
    Windows- und Tenant-Abnahme ausstehend; keine pauschale Produktionsfreigabe.

    <!-- library-status:end -->

    Versucht, den Dienst zu starten und setzt den Starttyp auf 'Automatic'.

    Parameter:
    - ServiceName: Name des Dienstes

## Prüfung

Keine fachliche Freigabe aus der Katalogerstellung ableiten.

- static: aktueller erfolgreicher Nachweis fehlt
- pester: aktueller erfolgreicher Nachweis fehlt
- windows: aktueller erfolgreicher Nachweis fehlt

## Voraussetzungen

- Module: Skript prüfen; keine Cloud-Module erkannt.
- Dokumentierte Graph-Scopes: Nicht angegeben; vor Tenant-Nutzung prüfen.
- Hilfsdateien: Keine lokale Hilfsdatei erkannt.

## Verwendung

Noch kein geprüftes Aufrufbeispiel dokumentiert. Parameter mit `Get-Help './03_Intune_Remediations/048_Remediate-ServiceStart.ps1' -Full` lesen.

## Quelle

[PowerShell-Datei auf GitHub](https://github.com/Kaffeeundcode/Intune-Scripts/blob/main/03_Intune_Remediations/048_Remediate-ServiceStart.ps1)

Prüfungen gelten nur für den dokumentierten Quellstand und Testumfang.
","03_Intune_Remediations","03_Intune_Remediations/048_Remediate-ServiceStart.ps1","unreviewed","Ungeprüft","false","elevated"
"detect-pending-reboot","Detect-PendingReboot","# Detect-PendingReboot

**Prüfstatus: Ungeprüft**

Prüft, ob ein Neustart ausstehend ist (Pending Reboot).
    (Intune Detection Script)

<!-- library-status:start -->
    Prüfstatus: Ungeprüft
    Windows- und Tenant-Abnahme ausstehend; keine pauschale Produktionsfreigabe.

    <!-- library-status:end -->

    Prüft diverse Registry-Keys (Component Based Servicing, Windows Update, Session Manager).
    NonCompliant wenn ein Reboot nötig ist.

## Prüfung

Keine fachliche Freigabe aus der Katalogerstellung ableiten.

- static: aktueller erfolgreicher Nachweis fehlt
- pester: aktueller erfolgreicher Nachweis fehlt
- windows: aktueller erfolgreicher Nachweis fehlt

## Voraussetzungen

- Module: Skript prüfen; keine Cloud-Module erkannt.
- Dokumentierte Graph-Scopes: Nicht angegeben; vor Tenant-Nutzung prüfen.
- Hilfsdateien: Keine lokale Hilfsdatei erkannt.

## Verwendung

Noch kein geprüftes Aufrufbeispiel dokumentiert. Parameter mit `Get-Help './03_Intune_Remediations/049_Detect-PendingReboot.ps1' -Full` lesen.

## Quelle

[PowerShell-Datei auf GitHub](https://github.com/Kaffeeundcode/Intune-Scripts/blob/main/03_Intune_Remediations/049_Detect-PendingReboot.ps1)

Prüfungen gelten nur für den dokumentierten Quellstand und Testumfang.
","03_Intune_Remediations","03_Intune_Remediations/049_Detect-PendingReboot.ps1","unreviewed","Ungeprüft","false","normal"
"remediate-pending-reboot","Remediate-PendingReboot","# Remediate-PendingReboot

**Prüfstatus: Beispiel**

Triggered eine Benachrichtigung oder einen Reboot.
    (Intune Remediation Script)

<!-- library-status:start -->
    Prüfstatus: Beispiel
    Enthaelt Beispiel-/Platzhalterlogik; kein abgeschlossener Betriebsablauf.

    <!-- library-status:end -->

    Da ein direkter Neustart den User stören würde, gibt dieses Skript idealerweise nur eine Meldung aus
    oder nutzt 'shutdown.exe' mit langem Timeout.

    Hier: Triggered ein Toast Notification Script (Platzhalter) oder loggt den Bedarf.

## Prüfung

- Enthaelt Beispiel-/Platzhalterlogik; kein abgeschlossener Betriebsablauf.

- static: aktueller erfolgreicher Nachweis fehlt
- pester: aktueller erfolgreicher Nachweis fehlt
- windows: aktueller erfolgreicher Nachweis fehlt

## Voraussetzungen

- Module: Skript prüfen; keine Cloud-Module erkannt.
- Dokumentierte Graph-Scopes: Nicht angegeben; vor Tenant-Nutzung prüfen.
- Hilfsdateien: Keine lokale Hilfsdatei erkannt.

## Verwendung

Noch kein geprüftes Aufrufbeispiel dokumentiert. Parameter mit `Get-Help './03_Intune_Remediations/050_Remediate-PendingReboot.ps1' -Full` lesen.

## Quelle

[PowerShell-Datei auf GitHub](https://github.com/Kaffeeundcode/Intune-Scripts/blob/main/03_Intune_Remediations/050_Remediate-PendingReboot.ps1)

Prüfungen gelten nur für den dokumentierten Quellstand und Testumfang.
","03_Intune_Remediations","03_Intune_Remediations/050_Remediate-PendingReboot.ps1","example","Beispiel","false","normal"
"detect-old-app-version","Detect-OldAppVersion","# Detect-OldAppVersion

**Prüfstatus: Ungeprüft**

Prüft, ob eine Applikation in einer veralteten Version installiert ist.
    (Intune Detection Script)

<!-- library-status:start -->
    Prüfstatus: Ungeprüft
    Windows- und Tenant-Abnahme ausstehend; keine pauschale Produktionsfreigabe.

    <!-- library-status:end -->

    Verleicht DisplayVersion aus der Registry mit einer Mindestversion.

    Parameter:
    - AppName: Name der Anwendung (Wildcard Match)
    - MinVersion: Mindestversion (z.B. 1.0.5)

## Prüfung

Keine fachliche Freigabe aus der Katalogerstellung ableiten.

- static: aktueller erfolgreicher Nachweis fehlt
- pester: aktueller erfolgreicher Nachweis fehlt
- windows: aktueller erfolgreicher Nachweis fehlt

## Voraussetzungen

- Module: Skript prüfen; keine Cloud-Module erkannt.
- Dokumentierte Graph-Scopes: Nicht angegeben; vor Tenant-Nutzung prüfen.
- Hilfsdateien: Keine lokale Hilfsdatei erkannt.

## Verwendung

Noch kein geprüftes Aufrufbeispiel dokumentiert. Parameter mit `Get-Help './03_Intune_Remediations/051_Detect-OldAppVersion.ps1' -Full` lesen.

## Quelle

[PowerShell-Datei auf GitHub](https://github.com/Kaffeeundcode/Intune-Scripts/blob/main/03_Intune_Remediations/051_Detect-OldAppVersion.ps1)

Prüfungen gelten nur für den dokumentierten Quellstand und Testumfang.
","03_Intune_Remediations","03_Intune_Remediations/051_Detect-OldAppVersion.ps1","unreviewed","Ungeprüft","false","normal"
"remediate-update-app","Remediate-UpdateApp","# Remediate-UpdateApp

**Prüfstatus: Beispiel**

Platzhalter für einen App-Update Trigger.
    (Intune Remediation Script)

<!-- library-status:start -->
    Prüfstatus: Beispiel
    Enthaelt Beispiel-/Platzhalterlogik; kein abgeschlossener Betriebsablauf.

    <!-- library-status:end -->

    Da Updates app-spezifisch sind (MSI exec, Winget, Chocolatey), dient dieses Skript als Template.
    Beispiel: Nutzung von Winget zum Upgrade.

    Parameter:
    - AppId: Winget ID (z.B. Google.Chrome)

## Prüfung

- Enthaelt Beispiel-/Platzhalterlogik; kein abgeschlossener Betriebsablauf.

- static: aktueller erfolgreicher Nachweis fehlt
- pester: aktueller erfolgreicher Nachweis fehlt
- windows: aktueller erfolgreicher Nachweis fehlt

## Voraussetzungen

- Module: Skript prüfen; keine Cloud-Module erkannt.
- Dokumentierte Graph-Scopes: Nicht angegeben; vor Tenant-Nutzung prüfen.
- Hilfsdateien: Keine lokale Hilfsdatei erkannt.

## Verwendung

Noch kein geprüftes Aufrufbeispiel dokumentiert. Parameter mit `Get-Help './03_Intune_Remediations/052_Remediate-UpdateApp.ps1' -Full` lesen.

## Quelle

[PowerShell-Datei auf GitHub](https://github.com/Kaffeeundcode/Intune-Scripts/blob/main/03_Intune_Remediations/052_Remediate-UpdateApp.ps1)

Prüfungen gelten nur für den dokumentierten Quellstand und Testumfang.
","03_Intune_Remediations","03_Intune_Remediations/052_Remediate-UpdateApp.ps1","example","Beispiel","false","normal"
"detect-firewall-profile","Detect-FirewallProfile","# Detect-FirewallProfile

**Prüfstatus: Ungeprüft**

Prüft, ob die Windows Firewall für alle Profile aktiviert ist.
    (Intune Detection Script)

<!-- library-status:start -->
    Prüfstatus: Ungeprüft
    Windows- und Tenant-Abnahme ausstehend; keine pauschale Produktionsfreigabe.

    <!-- library-status:end -->

    NonCompliant, wenn Domain, Public oder Private Profile deaktiviert sind.

## Prüfung

Keine fachliche Freigabe aus der Katalogerstellung ableiten.

- static: aktueller erfolgreicher Nachweis fehlt
- pester: aktueller erfolgreicher Nachweis fehlt
- windows: aktueller erfolgreicher Nachweis fehlt

## Voraussetzungen

- Module: Skript prüfen; keine Cloud-Module erkannt.
- Dokumentierte Graph-Scopes: Nicht angegeben; vor Tenant-Nutzung prüfen.
- Hilfsdateien: Keine lokale Hilfsdatei erkannt.

## Verwendung

Noch kein geprüftes Aufrufbeispiel dokumentiert. Parameter mit `Get-Help './03_Intune_Remediations/053_Detect-FirewallProfile.ps1' -Full` lesen.

## Quelle

[PowerShell-Datei auf GitHub](https://github.com/Kaffeeundcode/Intune-Scripts/blob/main/03_Intune_Remediations/053_Detect-FirewallProfile.ps1)

Prüfungen gelten nur für den dokumentierten Quellstand und Testumfang.
","03_Intune_Remediations","03_Intune_Remediations/053_Detect-FirewallProfile.ps1","unreviewed","Ungeprüft","false","normal"
"remediate-enable-firewall","Remediate-EnableFirewall","# Remediate-EnableFirewall

**Prüfstatus: Ungeprüft**

Aktiviert alle Windows Firewall Profile.
    (Intune Remediation Script)

<!-- library-status:start -->
    Prüfstatus: Ungeprüft
    Windows- und Tenant-Abnahme ausstehend; keine pauschale Produktionsfreigabe.

    <!-- library-status:end -->

    Setzt Domain, Public und Private Profile auf 'Enabled'.

## Prüfung

Keine fachliche Freigabe aus der Katalogerstellung ableiten.

- static: aktueller erfolgreicher Nachweis fehlt
- pester: aktueller erfolgreicher Nachweis fehlt
- windows: aktueller erfolgreicher Nachweis fehlt

## Voraussetzungen

- Module: Skript prüfen; keine Cloud-Module erkannt.
- Dokumentierte Graph-Scopes: Nicht angegeben; vor Tenant-Nutzung prüfen.
- Hilfsdateien: Keine lokale Hilfsdatei erkannt.

## Verwendung

Noch kein geprüftes Aufrufbeispiel dokumentiert. Parameter mit `Get-Help './03_Intune_Remediations/054_Remediate-EnableFirewall.ps1' -Full` lesen.

## Quelle

[PowerShell-Datei auf GitHub](https://github.com/Kaffeeundcode/Intune-Scripts/blob/main/03_Intune_Remediations/054_Remediate-EnableFirewall.ps1)

Prüfungen gelten nur für den dokumentierten Quellstand und Testumfang.
","03_Intune_Remediations","03_Intune_Remediations/054_Remediate-EnableFirewall.ps1","unreviewed","Ungeprüft","false","elevated"
"detect-missing-file","Detect-MissingFile","# Detect-MissingFile

**Prüfstatus: Ungeprüft**

Prüft, ob eine bestimmte Datei existiert.
    (Intune Detection Script)

<!-- library-status:start -->
    Prüfstatus: Ungeprüft
    Windows- und Tenant-Abnahme ausstehend; keine pauschale Produktionsfreigabe.

    <!-- library-status:end -->

    Nützlich, um sicherzustellen, dass Config-Files oder Tools verteilt wurden.

    Parameter:
    - FilePath: Pfad zur Datei.

## Prüfung

Keine fachliche Freigabe aus der Katalogerstellung ableiten.

- static: aktueller erfolgreicher Nachweis fehlt
- pester: aktueller erfolgreicher Nachweis fehlt
- windows: aktueller erfolgreicher Nachweis fehlt

## Voraussetzungen

- Module: Skript prüfen; keine Cloud-Module erkannt.
- Dokumentierte Graph-Scopes: Nicht angegeben; vor Tenant-Nutzung prüfen.
- Hilfsdateien: Keine lokale Hilfsdatei erkannt.

## Verwendung

Noch kein geprüftes Aufrufbeispiel dokumentiert. Parameter mit `Get-Help './03_Intune_Remediations/055_Detect-MissingFile.ps1' -Full` lesen.

## Quelle

[PowerShell-Datei auf GitHub](https://github.com/Kaffeeundcode/Intune-Scripts/blob/main/03_Intune_Remediations/055_Detect-MissingFile.ps1)

Prüfungen gelten nur für den dokumentierten Quellstand und Testumfang.
","03_Intune_Remediations","03_Intune_Remediations/055_Detect-MissingFile.ps1","unreviewed","Ungeprüft","false","normal"
"remediate-copy-file","Remediate-CopyFile","# Remediate-CopyFile

**Prüfstatus: Ungeprüft**

Kopiert eine Datei von einem Source-Pfad, falls sie fehlt.
    (Intune Remediation Script)

<!-- library-status:start -->
    Prüfstatus: Ungeprüft
    Windows- und Tenant-Abnahme ausstehend; keine pauschale Produktionsfreigabe.

    <!-- library-status:end -->

    Source kann ein Netzwerk-Share oder ein temporär abgelegtes File durch ein Win32 App Paket sein.

    Parameter:
    - SourcePath: Quelle
    - DestinationPath: Ziel

## Prüfung

Keine fachliche Freigabe aus der Katalogerstellung ableiten.

- static: aktueller erfolgreicher Nachweis fehlt
- pester: aktueller erfolgreicher Nachweis fehlt
- windows: aktueller erfolgreicher Nachweis fehlt

## Voraussetzungen

- Module: Skript prüfen; keine Cloud-Module erkannt.
- Dokumentierte Graph-Scopes: Nicht angegeben; vor Tenant-Nutzung prüfen.
- Hilfsdateien: Keine lokale Hilfsdatei erkannt.

## Verwendung

Noch kein geprüftes Aufrufbeispiel dokumentiert. Parameter mit `Get-Help './03_Intune_Remediations/056_Remediate-CopyFile.ps1' -Full` lesen.

## Quelle

[PowerShell-Datei auf GitHub](https://github.com/Kaffeeundcode/Intune-Scripts/blob/main/03_Intune_Remediations/056_Remediate-CopyFile.ps1)

Prüfungen gelten nur für den dokumentierten Quellstand und Testumfang.
","03_Intune_Remediations","03_Intune_Remediations/056_Remediate-CopyFile.ps1","unreviewed","Ungeprüft","false","normal"
"detect-registry-value","Detect-RegistryValue","# Detect-RegistryValue

**Prüfstatus: Ungeprüft**

Prüft einen spezifischen Registry-Wert auf Compliance.
    (Intune Detection Script)

<!-- library-status:start -->
    Prüfstatus: Ungeprüft
    Windows- und Tenant-Abnahme ausstehend; keine pauschale Produktionsfreigabe.

    <!-- library-status:end -->

    Vergleicht Ist-Wert mit Soll-Wert.

    Parameter:
    - Path: Registry Pfad (HKLM:\...)
    - Name: Value Name
    - ExpectedValue: Erwarteter Wert

## Prüfung

Keine fachliche Freigabe aus der Katalogerstellung ableiten.

- static: aktueller erfolgreicher Nachweis fehlt
- pester: aktueller erfolgreicher Nachweis fehlt
- windows: aktueller erfolgreicher Nachweis fehlt

## Voraussetzungen

- Module: Skript prüfen; keine Cloud-Module erkannt.
- Dokumentierte Graph-Scopes: Nicht angegeben; vor Tenant-Nutzung prüfen.
- Hilfsdateien: Keine lokale Hilfsdatei erkannt.

## Verwendung

Noch kein geprüftes Aufrufbeispiel dokumentiert. Parameter mit `Get-Help './03_Intune_Remediations/057_Detect-RegistryValue.ps1' -Full` lesen.

## Quelle

[PowerShell-Datei auf GitHub](https://github.com/Kaffeeundcode/Intune-Scripts/blob/main/03_Intune_Remediations/057_Detect-RegistryValue.ps1)

Prüfungen gelten nur für den dokumentierten Quellstand und Testumfang.
","03_Intune_Remediations","03_Intune_Remediations/057_Detect-RegistryValue.ps1","unreviewed","Ungeprüft","false","normal"
"remediate-set-registry-value","Remediate-SetRegistryValue","# Remediate-SetRegistryValue

**Prüfstatus: Ungeprüft**

Setzt einen Registry-Wert.
    (Intune Remediation Script)

<!-- library-status:start -->
    Prüfstatus: Ungeprüft
    Windows- und Tenant-Abnahme ausstehend; keine pauschale Produktionsfreigabe.

    <!-- library-status:end -->

    Erstellt den Key falls nötig und setzt den Wert.

    Parameter:
    - Path: Registry Pfad
    - Name: Value Name
    - Value: Der zu setzende Wert
    - Type: PropertyType (String, DWord etc.) - Default: String

## Prüfung

Keine fachliche Freigabe aus der Katalogerstellung ableiten.

- static: aktueller erfolgreicher Nachweis fehlt
- pester: aktueller erfolgreicher Nachweis fehlt
- windows: aktueller erfolgreicher Nachweis fehlt

## Voraussetzungen

- Module: Skript prüfen; keine Cloud-Module erkannt.
- Dokumentierte Graph-Scopes: Nicht angegeben; vor Tenant-Nutzung prüfen.
- Hilfsdateien: Keine lokale Hilfsdatei erkannt.

## Verwendung

Noch kein geprüftes Aufrufbeispiel dokumentiert. Parameter mit `Get-Help './03_Intune_Remediations/058_Remediate-SetRegistryValue.ps1' -Full` lesen.

## Quelle

[PowerShell-Datei auf GitHub](https://github.com/Kaffeeundcode/Intune-Scripts/blob/main/03_Intune_Remediations/058_Remediate-SetRegistryValue.ps1)

Prüfungen gelten nur für den dokumentierten Quellstand und Testumfang.
","03_Intune_Remediations","03_Intune_Remediations/058_Remediate-SetRegistryValue.ps1","unreviewed","Ungeprüft","false","elevated"
"detect-bit-locker-suspended","Detect-BitLockerSuspended","# Detect-BitLockerSuspended

**Prüfstatus: Ungeprüft**

Prüft, ob der BitLocker-Schutz angehalten (suspended) ist.
    (Intune Detection Script)

<!-- library-status:start -->
    Prüfstatus: Ungeprüft
    Windows- und Tenant-Abnahme ausstehend; keine pauschale Produktionsfreigabe.

    <!-- library-status:end -->

    NonCompliant, wenn ProtectionStatus 'Off' ist auf Laufwerk C:.

## Prüfung

Keine fachliche Freigabe aus der Katalogerstellung ableiten.

- static: aktueller erfolgreicher Nachweis fehlt
- pester: aktueller erfolgreicher Nachweis fehlt
- windows: aktueller erfolgreicher Nachweis fehlt

## Voraussetzungen

- Module: Skript prüfen; keine Cloud-Module erkannt.
- Dokumentierte Graph-Scopes: Nicht angegeben; vor Tenant-Nutzung prüfen.
- Hilfsdateien: Keine lokale Hilfsdatei erkannt.

## Verwendung

Noch kein geprüftes Aufrufbeispiel dokumentiert. Parameter mit `Get-Help './03_Intune_Remediations/059_Detect-BitLockerSuspended.ps1' -Full` lesen.

## Quelle

[PowerShell-Datei auf GitHub](https://github.com/Kaffeeundcode/Intune-Scripts/blob/main/03_Intune_Remediations/059_Detect-BitLockerSuspended.ps1)

Prüfungen gelten nur für den dokumentierten Quellstand und Testumfang.
","03_Intune_Remediations","03_Intune_Remediations/059_Detect-BitLockerSuspended.ps1","unreviewed","Ungeprüft","false","normal"
"remediate-bit-locker-resume","Remediate-BitLockerResume","# Remediate-BitLockerResume

**Prüfstatus: Ungeprüft**

Aktiviert (Resumed) den BitLocker-Schutz wieder.
    (Intune Remediation Script)

<!-- library-status:start -->
    Prüfstatus: Ungeprüft
    Windows- und Tenant-Abnahme ausstehend; keine pauschale Produktionsfreigabe.

    <!-- library-status:end -->

    Führt Resume-BitLocker aus.

## Prüfung

Keine fachliche Freigabe aus der Katalogerstellung ableiten.

- static: aktueller erfolgreicher Nachweis fehlt
- pester: aktueller erfolgreicher Nachweis fehlt
- windows: aktueller erfolgreicher Nachweis fehlt

## Voraussetzungen

- Module: Skript prüfen; keine Cloud-Module erkannt.
- Dokumentierte Graph-Scopes: Nicht angegeben; vor Tenant-Nutzung prüfen.
- Hilfsdateien: Keine lokale Hilfsdatei erkannt.

## Verwendung

Noch kein geprüftes Aufrufbeispiel dokumentiert. Parameter mit `Get-Help './03_Intune_Remediations/060_Remediate-BitLockerResume.ps1' -Full` lesen.

## Quelle

[PowerShell-Datei auf GitHub](https://github.com/Kaffeeundcode/Intune-Scripts/blob/main/03_Intune_Remediations/060_Remediate-BitLockerResume.ps1)

Prüfungen gelten nur für den dokumentierten Quellstand und Testumfang.
","03_Intune_Remediations","03_Intune_Remediations/060_Remediate-BitLockerResume.ps1","unreviewed","Ungeprüft","false","normal"
"get-exo-mailbox-forwarding-rules","Get-ExoMailboxForwardingRules","# Get-ExoMailboxForwardingRules

**Prüfstatus: Ungeprüft**

Prüft alle Mailboxen auf Weiterleitungsregeln (Inbox Rules).

<!-- library-status:start -->
    Prüfstatus: Ungeprüft
    Windows- und Tenant-Abnahme ausstehend; keine pauschale Produktionsfreigabe.

    <!-- library-status:end -->

    Weiterleitungen sind ein Sicherheitsrisiko (Data Exfiltration).
    Dieses Skript listet alle Regeln auf, die ""ForwardTo"" oder ""RedirectTo"" nutzen.
    Benötigt ExchangeOnlineManagement Modul (Connect-ExchangeOnline).

    Parameter:
    - UserPrincipalName: (Optional) Nur eine Mailbox prüfen.

## Prüfung

Keine fachliche Freigabe aus der Katalogerstellung ableiten.

- static: aktueller erfolgreicher Nachweis fehlt
- pester: aktueller erfolgreicher Nachweis fehlt
- windows: aktueller erfolgreicher Nachweis fehlt
- tenant: aktueller erfolgreicher Nachweis fehlt

## Voraussetzungen

- Module: ExchangeOnlineManagement
- Dokumentierte Graph-Scopes: Nicht angegeben; vor Tenant-Nutzung prüfen.
- Hilfsdateien: Keine lokale Hilfsdatei erkannt.

## Verwendung

Noch kein geprüftes Aufrufbeispiel dokumentiert. Parameter mit `Get-Help './04_M365_Exchange/061_Get-ExoMailboxForwardingRules.ps1' -Full` lesen.

## Quelle

[PowerShell-Datei auf GitHub](https://github.com/Kaffeeundcode/Intune-Scripts/blob/main/04_M365_Exchange/061_Get-ExoMailboxForwardingRules.ps1)

Prüfungen gelten nur für den dokumentierten Quellstand und Testumfang.
","04_M365_Exchange","04_M365_Exchange/061_Get-ExoMailboxForwardingRules.ps1","unreviewed","Ungeprüft","false","normal"
"set-teams-meeting-policy-bulk","Set-TeamsMeetingPolicyBulk","# Set-TeamsMeetingPolicyBulk

**Prüfstatus: Ungeprüft**

Weist eine Teams Meeting Policy einer Liste von Benutzern zu.

<!-- library-status:start -->
    Prüfstatus: Ungeprüft
    Windows- und Tenant-Abnahme ausstehend; keine pauschale Produktionsfreigabe.

    <!-- library-status:end -->

    Bulk-Assignment von Policies ist oft schneller via PowerShell als im Admin Center.

    Parameter:
    - PolicyName: Name der Policy (z.B. ""Global"" oder Custom Name)
    - UserList: Array von UPNs (oder aus CSV importiert vor dem Aufruf).

## Prüfung

Keine fachliche Freigabe aus der Katalogerstellung ableiten.

- static: aktueller erfolgreicher Nachweis fehlt
- pester: aktueller erfolgreicher Nachweis fehlt
- windows: aktueller erfolgreicher Nachweis fehlt
- tenant: aktueller erfolgreicher Nachweis fehlt

## Voraussetzungen

- Module: Skript prüfen; keine Cloud-Module erkannt.
- Dokumentierte Graph-Scopes: Nicht angegeben; vor Tenant-Nutzung prüfen.
- Hilfsdateien: Keine lokale Hilfsdatei erkannt.

## Verwendung

Noch kein geprüftes Aufrufbeispiel dokumentiert. Parameter mit `Get-Help './04_M365_Exchange/062_Set-TeamsMeetingPolicyBulk.ps1' -Full` lesen.

## Quelle

[PowerShell-Datei auf GitHub](https://github.com/Kaffeeundcode/Intune-Scripts/blob/main/04_M365_Exchange/062_Set-TeamsMeetingPolicyBulk.ps1)

Prüfungen gelten nur für den dokumentierten Quellstand und Testumfang.
","04_M365_Exchange","04_M365_Exchange/062_Set-TeamsMeetingPolicyBulk.ps1","unreviewed","Ungeprüft","false","elevated"
"get-sposite-storage-high-usage","Get-SPOSiteStorageHighUsage","# Get-SPOSiteStorageHighUsage

**Prüfstatus: Ungeprüft**

Listet SharePoint Sites auf, deren Speicher fast voll ist.

<!-- library-status:start -->
    Prüfstatus: Ungeprüft
    Windows- und Tenant-Abnahme ausstehend; keine pauschale Produktionsfreigabe.

    <!-- library-status:end -->

    Prüft alle Site Collections und berechnet die Auslastung.
    Benötigt SharePoint Online Management Shell.

    Parameter:
    - WarnPercent: Warnschwelle in % (Default: 90)

## Prüfung

Keine fachliche Freigabe aus der Katalogerstellung ableiten.

- static: aktueller erfolgreicher Nachweis fehlt
- pester: aktueller erfolgreicher Nachweis fehlt
- windows: aktueller erfolgreicher Nachweis fehlt
- tenant: aktueller erfolgreicher Nachweis fehlt

## Voraussetzungen

- Module: Skript prüfen; keine Cloud-Module erkannt.
- Dokumentierte Graph-Scopes: Nicht angegeben; vor Tenant-Nutzung prüfen.
- Hilfsdateien: Keine lokale Hilfsdatei erkannt.

## Verwendung

Noch kein geprüftes Aufrufbeispiel dokumentiert. Parameter mit `Get-Help './04_M365_Exchange/063_Get-SPOSiteStorageHighUsage.ps1' -Full` lesen.

## Quelle

[PowerShell-Datei auf GitHub](https://github.com/Kaffeeundcode/Intune-Scripts/blob/main/04_M365_Exchange/063_Get-SPOSiteStorageHighUsage.ps1)

Prüfungen gelten nur für den dokumentierten Quellstand und Testumfang.
","04_M365_Exchange","04_M365_Exchange/063_Get-SPOSiteStorageHighUsage.ps1","unreviewed","Ungeprüft","false","normal"
"new-exo-shared-mailbox-automation","New-ExoSharedMailboxAutomation","# New-ExoSharedMailboxAutomation

**Prüfstatus: Ungeprüft**

Erstellt eine Shared Mailbox und weist direkt Vollzugriff zu.

<!-- library-status:start -->
    Prüfstatus: Ungeprüft
    Windows- und Tenant-Abnahme ausstehend; keine pauschale Produktionsfreigabe.

    <!-- library-status:end -->

    Standardisiert die Erstellung von Shared Mailboxes.

    Parameter:
    - Name: Display Name
    - Email: Primäre SMTP Adresse
    - FullAccessUsers: Liste von UPNs für Full Access

## Prüfung

Keine fachliche Freigabe aus der Katalogerstellung ableiten.

- static: aktueller erfolgreicher Nachweis fehlt
- pester: aktueller erfolgreicher Nachweis fehlt
- windows: aktueller erfolgreicher Nachweis fehlt
- tenant: aktueller erfolgreicher Nachweis fehlt

## Voraussetzungen

- Module: Skript prüfen; keine Cloud-Module erkannt.
- Dokumentierte Graph-Scopes: Nicht angegeben; vor Tenant-Nutzung prüfen.
- Hilfsdateien: Keine lokale Hilfsdatei erkannt.

## Verwendung

Noch kein geprüftes Aufrufbeispiel dokumentiert. Parameter mit `Get-Help './04_M365_Exchange/064_New-ExoSharedMailboxAutomation.ps1' -Full` lesen.

## Quelle

[PowerShell-Datei auf GitHub](https://github.com/Kaffeeundcode/Intune-Scripts/blob/main/04_M365_Exchange/064_New-ExoSharedMailboxAutomation.ps1)

Prüfungen gelten nur für den dokumentierten Quellstand und Testumfang.
","04_M365_Exchange","04_M365_Exchange/064_New-ExoSharedMailboxAutomation.ps1","unreviewed","Ungeprüft","false","elevated"
"get-teams-guest-access-settings","Get-TeamsGuestAccessSettings","# Get-TeamsGuestAccessSettings

**Prüfstatus: Ungeprüft**

Prüft die globalen Gast-Einstellungen in Teams.

<!-- library-status:start -->
    Prüfstatus: Ungeprüft
    Windows- und Tenant-Abnahme ausstehend; keine pauschale Produktionsfreigabe.

    <!-- library-status:end -->

    Gibt aus, ob Gäste in Teams erlaubt sind und was sie dürfen (Löschen, Editieren etc.).

## Prüfung

Keine fachliche Freigabe aus der Katalogerstellung ableiten.

- static: aktueller erfolgreicher Nachweis fehlt
- pester: aktueller erfolgreicher Nachweis fehlt
- windows: aktueller erfolgreicher Nachweis fehlt
- tenant: aktueller erfolgreicher Nachweis fehlt

## Voraussetzungen

- Module: MicrosoftTeams
- Dokumentierte Graph-Scopes: Nicht angegeben; vor Tenant-Nutzung prüfen.
- Hilfsdateien: Keine lokale Hilfsdatei erkannt.

## Verwendung

Noch kein geprüftes Aufrufbeispiel dokumentiert. Parameter mit `Get-Help './04_M365_Exchange/065_Get-TeamsGuestAccessSettings.ps1' -Full` lesen.

## Quelle

[PowerShell-Datei auf GitHub](https://github.com/Kaffeeundcode/Intune-Scripts/blob/main/04_M365_Exchange/065_Get-TeamsGuestAccessSettings.ps1)

Prüfungen gelten nur für den dokumentierten Quellstand und Testumfang.
","04_M365_Exchange","04_M365_Exchange/065_Get-TeamsGuestAccessSettings.ps1","unreviewed","Ungeprüft","false","normal"
"set-exo-mailbox-calendar-permissions","Set-ExoMailboxCalendarPermissions","# Set-ExoMailboxCalendarPermissions

**Prüfstatus: Ungeprüft**

Setzt Kalenderberechtigungen für eine Mailbox.

<!-- library-status:start -->
    Prüfstatus: Ungeprüft
    Windows- und Tenant-Abnahme ausstehend; keine pauschale Produktionsfreigabe.

    <!-- library-status:end -->

    Häufiger Anwendungsfall: Assistent/in benötigt Zugriff auf Kalender von Chef/in.

    Parameter:
    - Identity: Mailbox (UPN)
    - User: Wer bekommt Zugriff?
    - AccessRights: Berechtigung (Reviewer, Editor, AvailabilityOnly)

## Prüfung

Keine fachliche Freigabe aus der Katalogerstellung ableiten.

- static: aktueller erfolgreicher Nachweis fehlt
- pester: aktueller erfolgreicher Nachweis fehlt
- windows: aktueller erfolgreicher Nachweis fehlt
- tenant: aktueller erfolgreicher Nachweis fehlt

## Voraussetzungen

- Module: ExchangeOnlineManagement
- Dokumentierte Graph-Scopes: Nicht angegeben; vor Tenant-Nutzung prüfen.
- Hilfsdateien: Keine lokale Hilfsdatei erkannt.

## Verwendung

Noch kein geprüftes Aufrufbeispiel dokumentiert. Parameter mit `Get-Help './04_M365_Exchange/066_Set-ExoMailboxCalendarPermissions.ps1' -Full` lesen.

## Quelle

[PowerShell-Datei auf GitHub](https://github.com/Kaffeeundcode/Intune-Scripts/blob/main/04_M365_Exchange/066_Set-ExoMailboxCalendarPermissions.ps1)

Prüfungen gelten nur für den dokumentierten Quellstand und Testumfang.
","04_M365_Exchange","04_M365_Exchange/066_Set-ExoMailboxCalendarPermissions.ps1","unreviewed","Ungeprüft","false","elevated"
"get-m365-licensing-granular-details","Get-M365LicensingGranularDetails","# Get-M365LicensingGranularDetails

**Prüfstatus: Ungeprüft**

Zeigt detaillierte Lizenzinformationen (welche Service Pläne sind aktiv) für einen User.

<!-- library-status:start -->
    Prüfstatus: Ungeprüft
    Windows- und Tenant-Abnahme ausstehend; keine pauschale Produktionsfreigabe.

    <!-- library-status:end -->

    Eine ""E5"" Lizenz hat viele Unterkomponenten (Intune, Exchange, Teams...).
    Dieses Skript zeigt genau, welche Dienste für einen User AKTIViert sind.

    Parameter:
    - UserPrincipalName: Der Benutzer.

## Prüfung

Keine fachliche Freigabe aus der Katalogerstellung ableiten.

- static: aktueller erfolgreicher Nachweis fehlt
- pester: aktueller erfolgreicher Nachweis fehlt
- windows: aktueller erfolgreicher Nachweis fehlt
- tenant: aktueller erfolgreicher Nachweis fehlt

## Voraussetzungen

- Module: Microsoft.Graph.Authentication, Microsoft.Graph (passende SDK-Untermodule)
- Dokumentierte Graph-Scopes: Nicht angegeben; vor Tenant-Nutzung prüfen.
- Hilfsdateien: Keine lokale Hilfsdatei erkannt.

## Verwendung

Noch kein geprüftes Aufrufbeispiel dokumentiert. Parameter mit `Get-Help './04_M365_Exchange/067_Get-M365LicensingGranularDetails.ps1' -Full` lesen.

## Quelle

[PowerShell-Datei auf GitHub](https://github.com/Kaffeeundcode/Intune-Scripts/blob/main/04_M365_Exchange/067_Get-M365LicensingGranularDetails.ps1)

Prüfungen gelten nur für den dokumentierten Quellstand und Testumfang.
","04_M365_Exchange","04_M365_Exchange/067_Get-M365LicensingGranularDetails.ps1","unreviewed","Ungeprüft","false","normal"
"remove-exo-disconnected-mailboxes","Remove-ExoDisconnectedMailboxes","# Remove-ExoDisconnectedMailboxes

**Prüfstatus: Ungeprüft**

Entfernt ""Disconnected"" (gelöschte) Mailboxen endgültig.

<!-- library-status:start -->
    Prüfstatus: Ungeprüft
    Windows- und Tenant-Abnahme ausstehend; keine pauschale Produktionsfreigabe.

    <!-- library-status:end -->

    Nach dem Löschen eines Users bleibt die Mailbox soft-deleted.
    Dieses Skript bereinigt diese sofort (Purge).
    VORSICHT: Daten sind dann weg!

## Prüfung

Keine fachliche Freigabe aus der Katalogerstellung ableiten.

- static: aktueller erfolgreicher Nachweis fehlt
- pester: aktueller erfolgreicher Nachweis fehlt
- windows: aktueller erfolgreicher Nachweis fehlt
- tenant: aktueller erfolgreicher Nachweis fehlt

## Voraussetzungen

- Module: ExchangeOnlineManagement
- Dokumentierte Graph-Scopes: Nicht angegeben; vor Tenant-Nutzung prüfen.
- Hilfsdateien: Keine lokale Hilfsdatei erkannt.

## Verwendung

Noch kein geprüftes Aufrufbeispiel dokumentiert. Parameter mit `Get-Help './04_M365_Exchange/068_Remove-ExoDisconnectedMailboxes.ps1' -Full` lesen.

## Quelle

[PowerShell-Datei auf GitHub](https://github.com/Kaffeeundcode/Intune-Scripts/blob/main/04_M365_Exchange/068_Remove-ExoDisconnectedMailboxes.ps1)

Prüfungen gelten nur für den dokumentierten Quellstand und Testumfang.
","04_M365_Exchange","04_M365_Exchange/068_Remove-ExoDisconnectedMailboxes.ps1","unreviewed","Ungeprüft","false","elevated"
"set-exo-clutter-junk-settings","Set-ExoClutterJunkSettings","# Set-ExoClutterJunkSettings

**Prüfstatus: Ungeprüft**

Konfiguriert die Junk-Email Konfiguration für einen Benutzer.

<!-- library-status:start -->
    Prüfstatus: Ungeprüft
    Windows- und Tenant-Abnahme ausstehend; keine pauschale Produktionsfreigabe.

    <!-- library-status:end -->

    Aktiviert/Deaktiviert Junk-Filter und fügt Safe Senders hinzu.

    Parameter:
    - Identity: Mailbox
    - EnableJunkConfig: $true/$false
    - TrustedSenders: Liste von Domains/Adressen

## Prüfung

Keine fachliche Freigabe aus der Katalogerstellung ableiten.

- static: aktueller erfolgreicher Nachweis fehlt
- pester: aktueller erfolgreicher Nachweis fehlt
- windows: aktueller erfolgreicher Nachweis fehlt
- tenant: aktueller erfolgreicher Nachweis fehlt

## Voraussetzungen

- Module: Skript prüfen; keine Cloud-Module erkannt.
- Dokumentierte Graph-Scopes: Nicht angegeben; vor Tenant-Nutzung prüfen.
- Hilfsdateien: Keine lokale Hilfsdatei erkannt.

## Verwendung

Noch kein geprüftes Aufrufbeispiel dokumentiert. Parameter mit `Get-Help './04_M365_Exchange/069_Set-ExoClutterJunkSettings.ps1' -Full` lesen.

## Quelle

[PowerShell-Datei auf GitHub](https://github.com/Kaffeeundcode/Intune-Scripts/blob/main/04_M365_Exchange/069_Set-ExoClutterJunkSettings.ps1)

Prüfungen gelten nur für den dokumentierten Quellstand und Testumfang.
","04_M365_Exchange","04_M365_Exchange/069_Set-ExoClutterJunkSettings.ps1","unreviewed","Ungeprüft","false","elevated"
"get-exo-mobile-device-statistics","Get-ExoMobileDeviceStatistics","# Get-ExoMobileDeviceStatistics

**Prüfstatus: Ungeprüft**

Listet alle mobilen Geräte (ActiveSync) auf, die mit Exchange verbunden sind.

<!-- library-status:start -->
    Prüfstatus: Ungeprüft
    Windows- und Tenant-Abnahme ausstehend; keine pauschale Produktionsfreigabe.

    <!-- library-status:end -->

    Zeigt DeviceModel, OS und letzten Sync-Zeitpunkt.
    Unabhängig von Intune (nur Exchange ActiveSync Sicht).

    Parameter:
    - UserPrincipalName: (Optional) Filter auf User.

## Prüfung

Keine fachliche Freigabe aus der Katalogerstellung ableiten.

- static: aktueller erfolgreicher Nachweis fehlt
- pester: aktueller erfolgreicher Nachweis fehlt
- windows: aktueller erfolgreicher Nachweis fehlt
- tenant: aktueller erfolgreicher Nachweis fehlt

## Voraussetzungen

- Module: Skript prüfen; keine Cloud-Module erkannt.
- Dokumentierte Graph-Scopes: Nicht angegeben; vor Tenant-Nutzung prüfen.
- Hilfsdateien: Keine lokale Hilfsdatei erkannt.

## Verwendung

Noch kein geprüftes Aufrufbeispiel dokumentiert. Parameter mit `Get-Help './04_M365_Exchange/070_Get-ExoMobileDeviceStatistics.ps1' -Full` lesen.

## Quelle

[PowerShell-Datei auf GitHub](https://github.com/Kaffeeundcode/Intune-Scripts/blob/main/04_M365_Exchange/070_Get-ExoMobileDeviceStatistics.ps1)

Prüfungen gelten nur für den dokumentierten Quellstand und Testumfang.
","04_M365_Exchange","04_M365_Exchange/070_Get-ExoMobileDeviceStatistics.ps1","unreviewed","Ungeprüft","false","normal"
"get-exo-mail-traffic-report","Get-ExoMailTrafficReport","# Get-ExoMailTrafficReport

**Prüfstatus: Ungeprüft**

Erstellt einen Bericht über gesendete/empfangene E-Mails pro Tag.

<!-- library-status:start -->
    Prüfstatus: Ungeprüft
    Windows- und Tenant-Abnahme ausstehend; keine pauschale Produktionsfreigabe.

    <!-- library-status:end -->

    Hilft, das Mailaufkommen zu analysieren.
    Nutzt Get-MailTrafficSummaryReport (Exchange Online).

    Parameter:
    - Days: Betrachtungszeitraum (Default: 7)

## Prüfung

Keine fachliche Freigabe aus der Katalogerstellung ableiten.

- static: aktueller erfolgreicher Nachweis fehlt
- pester: aktueller erfolgreicher Nachweis fehlt
- windows: aktueller erfolgreicher Nachweis fehlt
- tenant: aktueller erfolgreicher Nachweis fehlt

## Voraussetzungen

- Module: Skript prüfen; keine Cloud-Module erkannt.
- Dokumentierte Graph-Scopes: Nicht angegeben; vor Tenant-Nutzung prüfen.
- Hilfsdateien: Keine lokale Hilfsdatei erkannt.

## Verwendung

Noch kein geprüftes Aufrufbeispiel dokumentiert. Parameter mit `Get-Help './04_M365_Exchange/071_Get-ExoMailTrafficReport.ps1' -Full` lesen.

## Quelle

[PowerShell-Datei auf GitHub](https://github.com/Kaffeeundcode/Intune-Scripts/blob/main/04_M365_Exchange/071_Get-ExoMailTrafficReport.ps1)

Prüfungen gelten nur für den dokumentierten Quellstand und Testumfang.
","04_M365_Exchange","04_M365_Exchange/071_Get-ExoMailTrafficReport.ps1","unreviewed","Ungeprüft","false","normal"
"add-teams-channel-user","Add-TeamsChannelUser","# Add-TeamsChannelUser

**Prüfstatus: Ungeprüft**

Fügt einem Private Channel in Teams einen Benutzer hinzu.

<!-- library-status:start -->
    Prüfstatus: Ungeprüft
    Windows- und Tenant-Abnahme ausstehend; keine pauschale Produktionsfreigabe.

    <!-- library-status:end -->

    Private Channels haben eigene Mitgliederlisten.
    Dieses Skript fügt User hinzu.

    Parameter:
    - GroupId: Team ID
    - ChannelName: Kanal Name
    - UserEmail: User UPN
    - Role: Owner oder Member

## Prüfung

Keine fachliche Freigabe aus der Katalogerstellung ableiten.

- static: aktueller erfolgreicher Nachweis fehlt
- pester: aktueller erfolgreicher Nachweis fehlt
- windows: aktueller erfolgreicher Nachweis fehlt
- tenant: aktueller erfolgreicher Nachweis fehlt

## Voraussetzungen

- Module: Skript prüfen; keine Cloud-Module erkannt.
- Dokumentierte Graph-Scopes: Nicht angegeben; vor Tenant-Nutzung prüfen.
- Hilfsdateien: Keine lokale Hilfsdatei erkannt.

## Verwendung

Noch kein geprüftes Aufrufbeispiel dokumentiert. Parameter mit `Get-Help './04_M365_Exchange/072_Add-TeamsChannelUser.ps1' -Full` lesen.

## Quelle

[PowerShell-Datei auf GitHub](https://github.com/Kaffeeundcode/Intune-Scripts/blob/main/04_M365_Exchange/072_Add-TeamsChannelUser.ps1)

Prüfungen gelten nur für den dokumentierten Quellstand und Testumfang.
","04_M365_Exchange","04_M365_Exchange/072_Add-TeamsChannelUser.ps1","unreviewed","Ungeprüft","false","normal"
"get-exo-distribution-group-members","Get-ExoDistributionGroupMembers","# Get-ExoDistributionGroupMembers

**Prüfstatus: Ungeprüft**

Exportiert Mitglieder aller Verteilerlisten in eine CSV.

<!-- library-status:start -->
    Prüfstatus: Ungeprüft
    Windows- und Tenant-Abnahme ausstehend; keine pauschale Produktionsfreigabe.

    <!-- library-status:end -->

    Erstellt eine Übersicht, wer in welchen Distribution Groups ist.

    Parameter:
    - OutputFile: Pfad zur CSV (Default: Desktop)

## Prüfung

Keine fachliche Freigabe aus der Katalogerstellung ableiten.

- static: aktueller erfolgreicher Nachweis fehlt
- pester: aktueller erfolgreicher Nachweis fehlt
- windows: aktueller erfolgreicher Nachweis fehlt
- tenant: aktueller erfolgreicher Nachweis fehlt

## Voraussetzungen

- Module: Skript prüfen; keine Cloud-Module erkannt.
- Dokumentierte Graph-Scopes: Nicht angegeben; vor Tenant-Nutzung prüfen.
- Hilfsdateien: Keine lokale Hilfsdatei erkannt.

## Verwendung

Noch kein geprüftes Aufrufbeispiel dokumentiert. Parameter mit `Get-Help './04_M365_Exchange/073_Get-ExoDistributionGroupMembers.ps1' -Full` lesen.

## Quelle

[PowerShell-Datei auf GitHub](https://github.com/Kaffeeundcode/Intune-Scripts/blob/main/04_M365_Exchange/073_Get-ExoDistributionGroupMembers.ps1)

Prüfungen gelten nur für den dokumentierten Quellstand und Testumfang.
","04_M365_Exchange","04_M365_Exchange/073_Get-ExoDistributionGroupMembers.ps1","unreviewed","Ungeprüft","false","normal"
"set-exo-oof-message-graph","Set-ExoOofMessageGraph","# Set-ExoOofMessageGraph

**Prüfstatus: Ungeprüft**

Setzt eine Abwesenheitsnotiz (Out of Office) via Graph API.

<!-- library-status:start -->
    Prüfstatus: Ungeprüft
    Windows- und Tenant-Abnahme ausstehend; keine pauschale Produktionsfreigabe.

    <!-- library-status:end -->

    Alternativ zu Set-MailboxAutoReplyConfiguration (wenn kein EXO V2 verfügbar).
    Setzt Internal und External Message.

    Parameter:
    - UserPrincipalName: Ziel-User
    - Message: Nachrichtentext
    - StartTime/EndTime: Zeitraum

## Prüfung

Keine fachliche Freigabe aus der Katalogerstellung ableiten.

- static: aktueller erfolgreicher Nachweis fehlt
- pester: aktueller erfolgreicher Nachweis fehlt
- windows: aktueller erfolgreicher Nachweis fehlt
- tenant: aktueller erfolgreicher Nachweis fehlt

## Voraussetzungen

- Module: Microsoft.Graph (passende SDK-Untermodule)
- Dokumentierte Graph-Scopes: Nicht angegeben; vor Tenant-Nutzung prüfen.
- Hilfsdateien: Keine lokale Hilfsdatei erkannt.

## Verwendung

Noch kein geprüftes Aufrufbeispiel dokumentiert. Parameter mit `Get-Help './04_M365_Exchange/074_Set-ExoOofMessageGraph.ps1' -Full` lesen.

## Quelle

[PowerShell-Datei auf GitHub](https://github.com/Kaffeeundcode/Intune-Scripts/blob/main/04_M365_Exchange/074_Set-ExoOofMessageGraph.ps1)

Prüfungen gelten nur für den dokumentierten Quellstand und Testumfang.
","04_M365_Exchange","04_M365_Exchange/074_Set-ExoOofMessageGraph.ps1","unreviewed","Ungeprüft","false","elevated"
"get-teams-device-usage","Get-TeamsDeviceUsage","# Get-TeamsDeviceUsage

**Prüfstatus: Ungeprüft**

Report über in Teams verwendete Geräte (Windows, Mac, iOS, Android).

<!-- library-status:start -->
    Prüfstatus: Ungeprüft
    Windows- und Tenant-Abnahme ausstehend; keine pauschale Produktionsfreigabe.

    <!-- library-status:end -->

    Basiert auf Microsoft Graph ""getTeamsDeviceUsageUserDetail"".
    Zeigt, wer mit welchem Gerätetyp Teams nutzt.

    Parameter:
    - Period: D7, D30, D90, D180 (Default: D30)

## Prüfung

Keine fachliche Freigabe aus der Katalogerstellung ableiten.

- static: aktueller erfolgreicher Nachweis fehlt
- pester: aktueller erfolgreicher Nachweis fehlt
- windows: aktueller erfolgreicher Nachweis fehlt
- tenant: aktueller erfolgreicher Nachweis fehlt

## Voraussetzungen

- Module: Skript prüfen; keine Cloud-Module erkannt.
- Dokumentierte Graph-Scopes: Nicht angegeben; vor Tenant-Nutzung prüfen.
- Hilfsdateien: Keine lokale Hilfsdatei erkannt.

## Verwendung

Noch kein geprüftes Aufrufbeispiel dokumentiert. Parameter mit `Get-Help './04_M365_Exchange/075_Get-TeamsDeviceUsage.ps1' -Full` lesen.

## Quelle

[PowerShell-Datei auf GitHub](https://github.com/Kaffeeundcode/Intune-Scripts/blob/main/04_M365_Exchange/075_Get-TeamsDeviceUsage.ps1)

Prüfungen gelten nur für den dokumentierten Quellstand und Testumfang.
","04_M365_Exchange","04_M365_Exchange/075_Get-TeamsDeviceUsage.ps1","unreviewed","Ungeprüft","false","elevated"
"get-one-drive-usage-report","Get-OneDriveUsageReport","# Get-OneDriveUsageReport

**Prüfstatus: Ungeprüft**

Report über OneDrive Nutzung (Storage, File Count).

<!-- library-status:start -->
    Prüfstatus: Ungeprüft
    Windows- und Tenant-Abnahme ausstehend; keine pauschale Produktionsfreigabe.

    <!-- library-status:end -->

    Nutzt Graph API Report ""getOneDriveUsageUserDetail"".
    Zeigt, wer wie viel Speicher in OneDrive for Business belegt.

    Parameter:
    - Period: D7, D30, D90 (Default: D30)

## Prüfung

Keine fachliche Freigabe aus der Katalogerstellung ableiten.

- static: aktueller erfolgreicher Nachweis fehlt
- pester: aktueller erfolgreicher Nachweis fehlt
- windows: aktueller erfolgreicher Nachweis fehlt
- tenant: aktueller erfolgreicher Nachweis fehlt

## Voraussetzungen

- Module: Skript prüfen; keine Cloud-Module erkannt.
- Dokumentierte Graph-Scopes: Nicht angegeben; vor Tenant-Nutzung prüfen.
- Hilfsdateien: Keine lokale Hilfsdatei erkannt.

## Verwendung

Noch kein geprüftes Aufrufbeispiel dokumentiert. Parameter mit `Get-Help './04_M365_Exchange/076_Get-OneDriveUsageReport.ps1' -Full` lesen.

## Quelle

[PowerShell-Datei auf GitHub](https://github.com/Kaffeeundcode/Intune-Scripts/blob/main/04_M365_Exchange/076_Get-OneDriveUsageReport.ps1)

Prüfungen gelten nur für den dokumentierten Quellstand und Testumfang.
","04_M365_Exchange","04_M365_Exchange/076_Get-OneDriveUsageReport.ps1","unreviewed","Ungeprüft","false","elevated"
"new-exo-room-list","New-ExoRoomList","# New-ExoRoomList

**Prüfstatus: Ungeprüft**

Erstellt eine Room List und fügt Räume hinzu.

<!-- library-status:start -->
    Prüfstatus: Ungeprüft
    Windows- und Tenant-Abnahme ausstehend; keine pauschale Produktionsfreigabe.

    <!-- library-status:end -->

    Room Lists helfen im Outlook ""Room Finder"", Räume nach Standort/Gebäude zu gruppieren.

    Parameter:
    - ListName: Name der Liste (z.B. ""Gebäude A"")
    - ListEmail: E-Mail der Liste
    - Rooms: Array von Raum-Mailboxen zum Hinzufügen.

## Prüfung

Keine fachliche Freigabe aus der Katalogerstellung ableiten.

- static: aktueller erfolgreicher Nachweis fehlt
- pester: aktueller erfolgreicher Nachweis fehlt
- windows: aktueller erfolgreicher Nachweis fehlt
- tenant: aktueller erfolgreicher Nachweis fehlt

## Voraussetzungen

- Module: Skript prüfen; keine Cloud-Module erkannt.
- Dokumentierte Graph-Scopes: Nicht angegeben; vor Tenant-Nutzung prüfen.
- Hilfsdateien: Keine lokale Hilfsdatei erkannt.

## Verwendung

Noch kein geprüftes Aufrufbeispiel dokumentiert. Parameter mit `Get-Help './04_M365_Exchange/077_New-ExoRoomList.ps1' -Full` lesen.

## Quelle

[PowerShell-Datei auf GitHub](https://github.com/Kaffeeundcode/Intune-Scripts/blob/main/04_M365_Exchange/077_New-ExoRoomList.ps1)

Prüfungen gelten nur für den dokumentierten Quellstand und Testumfang.
","04_M365_Exchange","04_M365_Exchange/077_New-ExoRoomList.ps1","unreviewed","Ungeprüft","false","elevated"
"set-exo-calendar-processing","Set-ExoCalendarProcessing","# Set-ExoCalendarProcessing

**Prüfstatus: Ungeprüft**

Konfiguriert die automatische Verarbeitung von Raumbuchungen.

<!-- library-status:start -->
    Prüfstatus: Ungeprüft
    Windows- und Tenant-Abnahme ausstehend; keine pauschale Produktionsfreigabe.

    <!-- library-status:end -->

    Stellt sicher, dass Raumpostfächer Einladungen automatisch annehmen (AutoAccept).
    Entfernt außerdem den Betreff, wenn gewünscht (Privacy).

    Parameter:
    - Identity: Raumpostfach
    - AutoAccept: $true (Default)
    - AddOrganizerToSubject: $false (Default, Privacy)

## Prüfung

Keine fachliche Freigabe aus der Katalogerstellung ableiten.

- static: aktueller erfolgreicher Nachweis fehlt
- pester: aktueller erfolgreicher Nachweis fehlt
- windows: aktueller erfolgreicher Nachweis fehlt
- tenant: aktueller erfolgreicher Nachweis fehlt

## Voraussetzungen

- Module: Skript prüfen; keine Cloud-Module erkannt.
- Dokumentierte Graph-Scopes: Nicht angegeben; vor Tenant-Nutzung prüfen.
- Hilfsdateien: Keine lokale Hilfsdatei erkannt.

## Verwendung

Noch kein geprüftes Aufrufbeispiel dokumentiert. Parameter mit `Get-Help './04_M365_Exchange/078_Set-ExoCalendarProcessing.ps1' -Full` lesen.

## Quelle

[PowerShell-Datei auf GitHub](https://github.com/Kaffeeundcode/Intune-Scripts/blob/main/04_M365_Exchange/078_Set-ExoCalendarProcessing.ps1)

Prüfungen gelten nur für den dokumentierten Quellstand und Testumfang.
","04_M365_Exchange","04_M365_Exchange/078_Set-ExoCalendarProcessing.ps1","unreviewed","Ungeprüft","false","elevated"
"clear-teams-cache","Clear-TeamsCache","# Clear-TeamsCache

**Prüfstatus: Ungeprüft**

Löscht den lokalen Teams-Cache (Client-Side).

<!-- library-status:start -->
    Prüfstatus: Ungeprüft
    Windows- und Tenant-Abnahme ausstehend; keine pauschale Produktionsfreigabe.

    <!-- library-status:end -->

    Behebt häufige Login- oder Anzeigeprobleme im Teams Desktop Client.
    Muss im User-Kontext ausgeführt werden. Beendet Teams vor dem Löschen.

## Prüfung

Keine fachliche Freigabe aus der Katalogerstellung ableiten.

- static: aktueller erfolgreicher Nachweis fehlt
- pester: aktueller erfolgreicher Nachweis fehlt
- windows: aktueller erfolgreicher Nachweis fehlt
- tenant: aktueller erfolgreicher Nachweis fehlt

## Voraussetzungen

- Module: Skript prüfen; keine Cloud-Module erkannt.
- Dokumentierte Graph-Scopes: Nicht angegeben; vor Tenant-Nutzung prüfen.
- Hilfsdateien: Keine lokale Hilfsdatei erkannt.

## Verwendung

Noch kein geprüftes Aufrufbeispiel dokumentiert. Parameter mit `Get-Help './04_M365_Exchange/079_Clear-TeamsCache.ps1' -Full` lesen.

## Quelle

[PowerShell-Datei auf GitHub](https://github.com/Kaffeeundcode/Intune-Scripts/blob/main/04_M365_Exchange/079_Clear-TeamsCache.ps1)

Prüfungen gelten nur für den dokumentierten Quellstand und Testumfang.
","04_M365_Exchange","04_M365_Exchange/079_Clear-TeamsCache.ps1","unreviewed","Ungeprüft","false","elevated"
"get-exo-inactive-teams","Get-ExoInactiveTeams","# Get-ExoInactiveTeams

**Prüfstatus: Ungeprüft**

Findet Microsoft Teams, die seit X Tagen keine Aktivität hatten.

<!-- library-status:start -->
    Prüfstatus: Ungeprüft
    Windows- und Tenant-Abnahme ausstehend; keine pauschale Produktionsfreigabe.

    <!-- library-status:end -->

    Basierend auf Group Renewal / Activity Reports.
    Hilft beim Aufräumen von ungenutzten Teams.

    Parameter:
    - DaysInactive: Tage (Default: 90)

## Prüfung

Keine fachliche Freigabe aus der Katalogerstellung ableiten.

- static: aktueller erfolgreicher Nachweis fehlt
- pester: aktueller erfolgreicher Nachweis fehlt
- windows: aktueller erfolgreicher Nachweis fehlt
- tenant: aktueller erfolgreicher Nachweis fehlt

## Voraussetzungen

- Module: Microsoft.Graph.Authentication, Microsoft.Graph (passende SDK-Untermodule)
- Dokumentierte Graph-Scopes: Nicht angegeben; vor Tenant-Nutzung prüfen.
- Hilfsdateien: Keine lokale Hilfsdatei erkannt.

## Verwendung

Noch kein geprüftes Aufrufbeispiel dokumentiert. Parameter mit `Get-Help './04_M365_Exchange/080_Get-ExoInactiveTeams.ps1' -Full` lesen.

## Quelle

[PowerShell-Datei auf GitHub](https://github.com/Kaffeeundcode/Intune-Scripts/blob/main/04_M365_Exchange/080_Get-ExoInactiveTeams.ps1)

Prüfungen gelten nur für den dokumentierten Quellstand und Testumfang.
","04_M365_Exchange","04_M365_Exchange/080_Get-ExoInactiveTeams.ps1","unreviewed","Ungeprüft","false","normal"
"get-all-users","Get-AllUsers","# Get-AllUsers

**Prüfstatus: Ungeprüft**

Listet alle Benutzer im Tenant auf.

<!-- library-status:start -->
    Prüfstatus: Ungeprüft
    Windows- und Tenant-Abnahme ausstehend; keine pauschale Produktionsfreigabe.

    <!-- library-status:end -->

    Ruft alle Azure AD Benutzer ab.
    Erfordert die Berechtigung 'User.Read.All'.

## Prüfung

Keine fachliche Freigabe aus der Katalogerstellung ableiten.

- static: aktueller erfolgreicher Nachweis fehlt
- pester: aktueller erfolgreicher Nachweis fehlt
- windows: aktueller erfolgreicher Nachweis fehlt
- tenant: aktueller erfolgreicher Nachweis fehlt

## Voraussetzungen

- Module: Microsoft.Graph.Authentication, Microsoft.Graph (passende SDK-Untermodule)
- Dokumentierte Graph-Scopes: User.Read.All
- Hilfsdateien: Keine lokale Hilfsdatei erkannt.

## Verwendung

Noch kein geprüftes Aufrufbeispiel dokumentiert. Parameter mit `Get-Help './04_Users_Groups/31_Get-AllUsers.ps1' -Full` lesen.

## Quelle

[PowerShell-Datei auf GitHub](https://github.com/Kaffeeundcode/Intune-Scripts/blob/main/04_Users_Groups/31_Get-AllUsers.ps1)

Prüfungen gelten nur für den dokumentierten Quellstand und Testumfang.
","04_Users_Groups","04_Users_Groups/31_Get-AllUsers.ps1","unreviewed","Ungeprüft","false","normal"
"find-user","Find-User","# Find-User

**Prüfstatus: Ungeprüft**

Findet einen Benutzer anhand des Namens oder UPN.

<!-- library-status:start -->
    Prüfstatus: Ungeprüft
    Windows- und Tenant-Abnahme ausstehend; keine pauschale Produktionsfreigabe.

    <!-- library-status:end -->

    Sucht nach Benutzern, deren Name oder UPN mit dem Suchbegriff beginnt.
    Erfordert die Berechtigung 'User.Read.All'.

## Prüfung

Keine fachliche Freigabe aus der Katalogerstellung ableiten.

- static: aktueller erfolgreicher Nachweis fehlt
- pester: aktueller erfolgreicher Nachweis fehlt
- windows: aktueller erfolgreicher Nachweis fehlt
- tenant: aktueller erfolgreicher Nachweis fehlt

## Voraussetzungen

- Module: Microsoft.Graph.Authentication, Microsoft.Graph (passende SDK-Untermodule)
- Dokumentierte Graph-Scopes: User.Read.All
- Hilfsdateien: Keine lokale Hilfsdatei erkannt.

## Verwendung

Noch kein geprüftes Aufrufbeispiel dokumentiert. Parameter mit `Get-Help './04_Users_Groups/32_Find-User.ps1' -Full` lesen.

## Quelle

[PowerShell-Datei auf GitHub](https://github.com/Kaffeeundcode/Intune-Scripts/blob/main/04_Users_Groups/32_Find-User.ps1)

Prüfungen gelten nur für den dokumentierten Quellstand und Testumfang.
","04_Users_Groups","04_Users_Groups/32_Find-User.ps1","unreviewed","Ungeprüft","false","normal"
"get-user-groups","Get-UserGroups","# Get-UserGroups

**Prüfstatus: Ungeprüft**

Listet Gruppenmitgliedschaften eines Benutzers auf.

<!-- library-status:start -->
    Prüfstatus: Ungeprüft
    Windows- und Tenant-Abnahme ausstehend; keine pauschale Produktionsfreigabe.

    <!-- library-status:end -->

    Zeigt alle Gruppen an, in denen der angegebene Benutzer Mitglied ist.
    Erfordert die Berechtigung 'User.Read.All'.

## Prüfung

Keine fachliche Freigabe aus der Katalogerstellung ableiten.

- static: aktueller erfolgreicher Nachweis fehlt
- pester: aktueller erfolgreicher Nachweis fehlt
- windows: aktueller erfolgreicher Nachweis fehlt
- tenant: aktueller erfolgreicher Nachweis fehlt

## Voraussetzungen

- Module: Microsoft.Graph.Authentication, Microsoft.Graph (passende SDK-Untermodule)
- Dokumentierte Graph-Scopes: User.Read.All
- Hilfsdateien: Keine lokale Hilfsdatei erkannt.

## Verwendung

Noch kein geprüftes Aufrufbeispiel dokumentiert. Parameter mit `Get-Help './04_Users_Groups/33_Get-UserGroups.ps1' -Full` lesen.

## Quelle

[PowerShell-Datei auf GitHub](https://github.com/Kaffeeundcode/Intune-Scripts/blob/main/04_Users_Groups/33_Get-UserGroups.ps1)

Prüfungen gelten nur für den dokumentierten Quellstand und Testumfang.
","04_Users_Groups","04_Users_Groups/33_Get-UserGroups.ps1","unreviewed","Ungeprüft","false","normal"
"add-user-to-group","Add-UserToGroup","# Add-UserToGroup

**Prüfstatus: Ungeprüft**

Fügt einen Benutzer einer Gruppe hinzu.

<!-- library-status:start -->
    Prüfstatus: Ungeprüft
    Windows- und Tenant-Abnahme ausstehend; keine pauschale Produktionsfreigabe.

    <!-- library-status:end -->

    Nimmt einen Benutzer in eine (Sicherheits-)Gruppe auf.
    Erfordert die Berechtigung 'GroupMember.ReadWrite.All'.

## Prüfung

Keine fachliche Freigabe aus der Katalogerstellung ableiten.

- static: aktueller erfolgreicher Nachweis fehlt
- pester: aktueller erfolgreicher Nachweis fehlt
- windows: aktueller erfolgreicher Nachweis fehlt
- tenant: aktueller erfolgreicher Nachweis fehlt

## Voraussetzungen

- Module: Microsoft.Graph.Authentication, Microsoft.Graph (passende SDK-Untermodule)
- Dokumentierte Graph-Scopes: GroupMember.ReadWrite.All
- Hilfsdateien: Keine lokale Hilfsdatei erkannt.

## Verwendung

Noch kein geprüftes Aufrufbeispiel dokumentiert. Parameter mit `Get-Help './04_Users_Groups/34_Add-UserToGroup.ps1' -Full` lesen.

## Quelle

[PowerShell-Datei auf GitHub](https://github.com/Kaffeeundcode/Intune-Scripts/blob/main/04_Users_Groups/34_Add-UserToGroup.ps1)

Prüfungen gelten nur für den dokumentierten Quellstand und Testumfang.
","04_Users_Groups","04_Users_Groups/34_Add-UserToGroup.ps1","unreviewed","Ungeprüft","false","elevated"
"remove-user-from-group","Remove-UserFromGroup","# Remove-UserFromGroup

**Prüfstatus: Ungeprüft**

Entfernt einen Benutzer aus einer Gruppe.

<!-- library-status:start -->
    Prüfstatus: Ungeprüft
    Windows- und Tenant-Abnahme ausstehend; keine pauschale Produktionsfreigabe.

    <!-- library-status:end -->

    Löscht die Mitgliedschaft eines Benutzers in einer Gruppe.
    Erfordert die Berechtigung 'GroupMember.ReadWrite.All'.

## Prüfung

Keine fachliche Freigabe aus der Katalogerstellung ableiten.

- static: aktueller erfolgreicher Nachweis fehlt
- pester: aktueller erfolgreicher Nachweis fehlt
- windows: aktueller erfolgreicher Nachweis fehlt
- tenant: aktueller erfolgreicher Nachweis fehlt

## Voraussetzungen

- Module: Microsoft.Graph.Authentication, Microsoft.Graph (passende SDK-Untermodule)
- Dokumentierte Graph-Scopes: GroupMember.ReadWrite.All
- Hilfsdateien: Keine lokale Hilfsdatei erkannt.

## Verwendung

Noch kein geprüftes Aufrufbeispiel dokumentiert. Parameter mit `Get-Help './04_Users_Groups/35_Remove-UserFromGroup.ps1' -Full` lesen.

## Quelle

[PowerShell-Datei auf GitHub](https://github.com/Kaffeeundcode/Intune-Scripts/blob/main/04_Users_Groups/35_Remove-UserFromGroup.ps1)

Prüfungen gelten nur für den dokumentierten Quellstand und Testumfang.
","04_Users_Groups","04_Users_Groups/35_Remove-UserFromGroup.ps1","unreviewed","Ungeprüft","false","elevated"
"get-group-members","Get-GroupMembers","# Get-GroupMembers

**Prüfstatus: Ungeprüft**

Listet Mitglieder einer Gruppe auf.

<!-- library-status:start -->
    Prüfstatus: Ungeprüft
    Windows- und Tenant-Abnahme ausstehend; keine pauschale Produktionsfreigabe.

    <!-- library-status:end -->

    Zeigt alle Benutzer (und Geräte), die Mitglied einer spezifischen Gruppe sind.
    Erfordert die Berechtigung 'GroupMember.Read.All'.

## Prüfung

Keine fachliche Freigabe aus der Katalogerstellung ableiten.

- static: aktueller erfolgreicher Nachweis fehlt
- pester: aktueller erfolgreicher Nachweis fehlt
- windows: aktueller erfolgreicher Nachweis fehlt
- tenant: aktueller erfolgreicher Nachweis fehlt

## Voraussetzungen

- Module: Microsoft.Graph.Authentication, Microsoft.Graph (passende SDK-Untermodule)
- Dokumentierte Graph-Scopes: GroupMember.Read.All
- Hilfsdateien: Keine lokale Hilfsdatei erkannt.

## Verwendung

Noch kein geprüftes Aufrufbeispiel dokumentiert. Parameter mit `Get-Help './04_Users_Groups/36_Get-GroupMembers.ps1' -Full` lesen.

## Quelle

[PowerShell-Datei auf GitHub](https://github.com/Kaffeeundcode/Intune-Scripts/blob/main/04_Users_Groups/36_Get-GroupMembers.ps1)

Prüfungen gelten nur für den dokumentierten Quellstand und Testumfang.
","04_Users_Groups","04_Users_Groups/36_Get-GroupMembers.ps1","unreviewed","Ungeprüft","false","normal"
"create-intune-group","Create-IntuneGroup","# Create-IntuneGroup

**Prüfstatus: Ungeprüft**

Erstellt eine neue Sicherheitsgruppe für Intune.

<!-- library-status:start -->
    Prüfstatus: Ungeprüft
    Windows- und Tenant-Abnahme ausstehend; keine pauschale Produktionsfreigabe.

    <!-- library-status:end -->

    Legt eine neue Azure AD Security Group an.
    Erfordert die Berechtigung 'Group.ReadWrite.All'.

## Prüfung

Keine fachliche Freigabe aus der Katalogerstellung ableiten.

- static: aktueller erfolgreicher Nachweis fehlt
- pester: aktueller erfolgreicher Nachweis fehlt
- windows: aktueller erfolgreicher Nachweis fehlt
- tenant: aktueller erfolgreicher Nachweis fehlt

## Voraussetzungen

- Module: Microsoft.Graph.Authentication, Microsoft.Graph (passende SDK-Untermodule)
- Dokumentierte Graph-Scopes: Group.ReadWrite.All
- Hilfsdateien: Keine lokale Hilfsdatei erkannt.

## Verwendung

Noch kein geprüftes Aufrufbeispiel dokumentiert. Parameter mit `Get-Help './04_Users_Groups/37_Create-IntuneGroup.ps1' -Full` lesen.

## Quelle

[PowerShell-Datei auf GitHub](https://github.com/Kaffeeundcode/Intune-Scripts/blob/main/04_Users_Groups/37_Create-IntuneGroup.ps1)

Prüfungen gelten nur für den dokumentierten Quellstand und Testumfang.
","04_Users_Groups","04_Users_Groups/37_Create-IntuneGroup.ps1","unreviewed","Ungeprüft","false","elevated"
"assign-license-to-user","Assign-LicenseToUser","# Assign-LicenseToUser

**Prüfstatus: Ungeprüft**

Weist einem Benutzer eine Lizenz zu.

<!-- library-status:start -->
    Prüfstatus: Ungeprüft
    Windows- und Tenant-Abnahme ausstehend; keine pauschale Produktionsfreigabe.

    <!-- library-status:end -->

    Fügt dem Benutzer Lizenzen hinzu (SKU ID).
    Erfordert die Berechtigung 'User.ReadWrite.All'.

## Prüfung

Keine fachliche Freigabe aus der Katalogerstellung ableiten.

- static: aktueller erfolgreicher Nachweis fehlt
- pester: aktueller erfolgreicher Nachweis fehlt
- windows: aktueller erfolgreicher Nachweis fehlt
- tenant: aktueller erfolgreicher Nachweis fehlt

## Voraussetzungen

- Module: Microsoft.Graph.Authentication
- Dokumentierte Graph-Scopes: User.ReadWrite.All
- Hilfsdateien: Keine lokale Hilfsdatei erkannt.

## Verwendung

Noch kein geprüftes Aufrufbeispiel dokumentiert. Parameter mit `Get-Help './04_Users_Groups/38_Assign-LicenseToUser.ps1' -Full` lesen.

## Quelle

[PowerShell-Datei auf GitHub](https://github.com/Kaffeeundcode/Intune-Scripts/blob/main/04_Users_Groups/38_Assign-LicenseToUser.ps1)

Prüfungen gelten nur für den dokumentierten Quellstand und Testumfang.
","04_Users_Groups","04_Users_Groups/38_Assign-LicenseToUser.ps1","unreviewed","Ungeprüft","false","elevated"
"get-user-devices","Get-UserDevices","# Get-UserDevices

**Prüfstatus: Ungeprüft**

Listet alle Geräte eines Benutzers auf.

<!-- library-status:start -->
    Prüfstatus: Ungeprüft
    Windows- und Tenant-Abnahme ausstehend; keine pauschale Produktionsfreigabe.

    <!-- library-status:end -->

    Ruft alle Managed Devices ab, die einem bestimmten Benutzer zugeordnet sind.
    Erfordert die Berechtigung 'DeviceManagementManagedDevices.Read.All'.

## Prüfung

Keine fachliche Freigabe aus der Katalogerstellung ableiten.

- static: aktueller erfolgreicher Nachweis fehlt
- pester: aktueller erfolgreicher Nachweis fehlt
- windows: aktueller erfolgreicher Nachweis fehlt
- tenant: aktueller erfolgreicher Nachweis fehlt

## Voraussetzungen

- Module: Microsoft.Graph.Authentication, Microsoft.Graph (passende SDK-Untermodule)
- Dokumentierte Graph-Scopes: DeviceManagementManagedDevices.Read.All
- Hilfsdateien: Keine lokale Hilfsdatei erkannt.

## Verwendung

Noch kein geprüftes Aufrufbeispiel dokumentiert. Parameter mit `Get-Help './04_Users_Groups/39_Get-UserDevices.ps1' -Full` lesen.

## Quelle

[PowerShell-Datei auf GitHub](https://github.com/Kaffeeundcode/Intune-Scripts/blob/main/04_Users_Groups/39_Get-UserDevices.ps1)

Prüfungen gelten nur für den dokumentierten Quellstand und Testumfang.
","04_Users_Groups","04_Users_Groups/39_Get-UserDevices.ps1","unreviewed","Ungeprüft","false","normal"
"get-group-details","Get-GroupDetails","# Get-GroupDetails

**Prüfstatus: Ungeprüft**

Ruft Details zu einer Gruppe ab (ID, Typ etc.).

<!-- library-status:start -->
    Prüfstatus: Ungeprüft
    Windows- und Tenant-Abnahme ausstehend; keine pauschale Produktionsfreigabe.

    <!-- library-status:end -->

    Zeigt Eigenschaften einer Gruppe anhand des Namens an.
    Erfordert die Berechtigung 'Group.Read.All'.

## Prüfung

Keine fachliche Freigabe aus der Katalogerstellung ableiten.

- static: aktueller erfolgreicher Nachweis fehlt
- pester: aktueller erfolgreicher Nachweis fehlt
- windows: aktueller erfolgreicher Nachweis fehlt
- tenant: aktueller erfolgreicher Nachweis fehlt

## Voraussetzungen

- Module: Microsoft.Graph.Authentication, Microsoft.Graph (passende SDK-Untermodule)
- Dokumentierte Graph-Scopes: Group.Read.All
- Hilfsdateien: Keine lokale Hilfsdatei erkannt.

## Verwendung

Noch kein geprüftes Aufrufbeispiel dokumentiert. Parameter mit `Get-Help './04_Users_Groups/40_Get-GroupDetails.ps1' -Full` lesen.

## Quelle

[PowerShell-Datei auf GitHub](https://github.com/Kaffeeundcode/Intune-Scripts/blob/main/04_Users_Groups/40_Get-GroupDetails.ps1)

Prüfungen gelten nur für den dokumentierten Quellstand und Testumfang.
","04_Users_Groups","04_Users_Groups/40_Get-GroupDetails.ps1","unreviewed","Ungeprüft","false","normal"
"get-az-log-analytics-retention","Get-AzLogAnalyticsRetention","# Get-AzLogAnalyticsRetention

**Prüfstatus: Ungeprüft**

Prüft die Aufbewahrungsdauer (Retention) von Log Analytics Workspaces.

<!-- library-status:start -->
    Prüfstatus: Ungeprüft
    Windows- und Tenant-Abnahme ausstehend; keine pauschale Produktionsfreigabe.

    <!-- library-status:end -->

    Eine zu lange Retention kann hohe Kosten verursachen.
    Dieses Skript listet alle Workspaces und deren Retention in Tagen auf.

## Prüfung

Keine fachliche Freigabe aus der Katalogerstellung ableiten.

- static: aktueller erfolgreicher Nachweis fehlt
- pester: aktueller erfolgreicher Nachweis fehlt
- windows: aktueller erfolgreicher Nachweis fehlt
- tenant: aktueller erfolgreicher Nachweis fehlt

## Voraussetzungen

- Module: Az
- Dokumentierte Graph-Scopes: Nicht angegeben; vor Tenant-Nutzung prüfen.
- Hilfsdateien: Keine lokale Hilfsdatei erkannt.

## Verwendung

Noch kein geprüftes Aufrufbeispiel dokumentiert. Parameter mit `Get-Help './05_Azure_Automation/081_Get-AzLogAnalyticsRetention.ps1' -Full` lesen.

## Quelle

[PowerShell-Datei auf GitHub](https://github.com/Kaffeeundcode/Intune-Scripts/blob/main/05_Azure_Automation/081_Get-AzLogAnalyticsRetention.ps1)

Prüfungen gelten nur für den dokumentierten Quellstand und Testumfang.
","05_Azure_Automation","05_Azure_Automation/081_Get-AzLogAnalyticsRetention.ps1","unreviewed","Ungeprüft","false","normal"
"new-az-automation-runbook-import","New-AzAutomationRunbookImport","# New-AzAutomationRunbookImport

**Prüfstatus: Ungeprüft**

Importiert ein lokales PowerShell-Skript als Runbook in Azure Automation.

<!-- library-status:start -->
    Prüfstatus: Ungeprüft
    Windows- und Tenant-Abnahme ausstehend; keine pauschale Produktionsfreigabe.

    <!-- library-status:end -->

    Automatisierter Deployment-Prozess für Runbooks.

    Parameter:
    - ResourceGroupName: RG Name
    - AutomationAccountName: Automation Account Name
    - Path: Pfad zur lokalen .ps1 Datei
    - RunbookName: Name in Azure (Default: Dateiname ohne .ps1)

## Prüfung

Keine fachliche Freigabe aus der Katalogerstellung ableiten.

- static: aktueller erfolgreicher Nachweis fehlt
- pester: aktueller erfolgreicher Nachweis fehlt
- windows: aktueller erfolgreicher Nachweis fehlt
- tenant: aktueller erfolgreicher Nachweis fehlt

## Voraussetzungen

- Module: Skript prüfen; keine Cloud-Module erkannt.
- Dokumentierte Graph-Scopes: Nicht angegeben; vor Tenant-Nutzung prüfen.
- Hilfsdateien: Keine lokale Hilfsdatei erkannt.

## Verwendung

Noch kein geprüftes Aufrufbeispiel dokumentiert. Parameter mit `Get-Help './05_Azure_Automation/082_New-AzAutomationRunbookImport.ps1' -Full` lesen.

## Quelle

[PowerShell-Datei auf GitHub](https://github.com/Kaffeeundcode/Intune-Scripts/blob/main/05_Azure_Automation/082_New-AzAutomationRunbookImport.ps1)

Prüfungen gelten nur für den dokumentierten Quellstand und Testumfang.
","05_Azure_Automation","05_Azure_Automation/082_New-AzAutomationRunbookImport.ps1","unreviewed","Ungeprüft","false","normal"
"get-az-monitor-alert-rules","Get-AzMonitorAlertRules","# Get-AzMonitorAlertRules

**Prüfstatus: Ungeprüft**

Listet alle aktivierten Monitor Alert Rules auf.

<!-- library-status:start -->
    Prüfstatus: Ungeprüft
    Windows- und Tenant-Abnahme ausstehend; keine pauschale Produktionsfreigabe.

    <!-- library-status:end -->

    Zeigt, welche Alerts (Metrik oder Log) aktiv sind.

    Parameter:
    - ResourceGroupName: (Optional) Filter

## Prüfung

Keine fachliche Freigabe aus der Katalogerstellung ableiten.

- static: aktueller erfolgreicher Nachweis fehlt
- pester: aktueller erfolgreicher Nachweis fehlt
- windows: aktueller erfolgreicher Nachweis fehlt
- tenant: aktueller erfolgreicher Nachweis fehlt

## Voraussetzungen

- Module: Az
- Dokumentierte Graph-Scopes: Nicht angegeben; vor Tenant-Nutzung prüfen.
- Hilfsdateien: Keine lokale Hilfsdatei erkannt.

## Verwendung

Noch kein geprüftes Aufrufbeispiel dokumentiert. Parameter mit `Get-Help './05_Azure_Automation/083_Get-AzMonitorAlertRules.ps1' -Full` lesen.

## Quelle

[PowerShell-Datei auf GitHub](https://github.com/Kaffeeundcode/Intune-Scripts/blob/main/05_Azure_Automation/083_Get-AzMonitorAlertRules.ps1)

Prüfungen gelten nur für den dokumentierten Quellstand und Testumfang.
","05_Azure_Automation","05_Azure_Automation/083_Get-AzMonitorAlertRules.ps1","unreviewed","Ungeprüft","false","normal"
"set-az-logic-app-recurrence","Set-AzLogicAppRecurrence","# Set-AzLogicAppRecurrence

**Prüfstatus: Ungeprüft**

Aktiviert/Deaktiviert einen Logic App Trigger (Recurrence).

<!-- library-status:start -->
    Prüfstatus: Ungeprüft
    Windows- und Tenant-Abnahme ausstehend; keine pauschale Produktionsfreigabe.

    <!-- library-status:end -->

    Hilfreich um Logic Apps temporär zu stoppen (Wartung) oder zu starten.

    Parameter:
    - ResourceGroupName: RG Name
    - LogicAppName: Name der App
    - State: Enabled/Disabled

## Prüfung

Keine fachliche Freigabe aus der Katalogerstellung ableiten.

- static: aktueller erfolgreicher Nachweis fehlt
- pester: aktueller erfolgreicher Nachweis fehlt
- windows: aktueller erfolgreicher Nachweis fehlt
- tenant: aktueller erfolgreicher Nachweis fehlt

## Voraussetzungen

- Module: Az
- Dokumentierte Graph-Scopes: Nicht angegeben; vor Tenant-Nutzung prüfen.
- Hilfsdateien: Keine lokale Hilfsdatei erkannt.

## Verwendung

Noch kein geprüftes Aufrufbeispiel dokumentiert. Parameter mit `Get-Help './05_Azure_Automation/084_Set-AzLogicAppRecurrence.ps1' -Full` lesen.

## Quelle

[PowerShell-Datei auf GitHub](https://github.com/Kaffeeundcode/Intune-Scripts/blob/main/05_Azure_Automation/084_Set-AzLogicAppRecurrence.ps1)

Prüfungen gelten nur für den dokumentierten Quellstand und Testumfang.
","05_Azure_Automation","05_Azure_Automation/084_Set-AzLogicAppRecurrence.ps1","unreviewed","Ungeprüft","false","elevated"
"get-az-metric-alert-status","Get-AzMetricAlertStatus","# Get-AzMetricAlertStatus

**Prüfstatus: Ungeprüft**

Prüft, ob Metrik-Alerts gefeuert (Fired) haben.

<!-- library-status:start -->
    Prüfstatus: Ungeprüft
    Windows- und Tenant-Abnahme ausstehend; keine pauschale Produktionsfreigabe.

    <!-- library-status:end -->

    Listet alle ""Fired"" Alerts in einer Subscription.

    Parameter:
    - TimeRange: Stunden zurück (Default: 24)

## Prüfung

Keine fachliche Freigabe aus der Katalogerstellung ableiten.

- static: aktueller erfolgreicher Nachweis fehlt
- pester: aktueller erfolgreicher Nachweis fehlt
- windows: aktueller erfolgreicher Nachweis fehlt
- tenant: aktueller erfolgreicher Nachweis fehlt

## Voraussetzungen

- Module: Az
- Dokumentierte Graph-Scopes: Nicht angegeben; vor Tenant-Nutzung prüfen.
- Hilfsdateien: Keine lokale Hilfsdatei erkannt.

## Verwendung

Noch kein geprüftes Aufrufbeispiel dokumentiert. Parameter mit `Get-Help './05_Azure_Automation/085_Get-AzMetricAlertStatus.ps1' -Full` lesen.

## Quelle

[PowerShell-Datei auf GitHub](https://github.com/Kaffeeundcode/Intune-Scripts/blob/main/05_Azure_Automation/085_Get-AzMetricAlertStatus.ps1)

Prüfungen gelten nur für den dokumentierten Quellstand und Testumfang.
","05_Azure_Automation","05_Azure_Automation/085_Get-AzMetricAlertStatus.ps1","unreviewed","Ungeprüft","false","normal"
"export-az-automation-job-output","Export-AzAutomationJobOutput","# Export-AzAutomationJobOutput

**Prüfstatus: Ungeprüft**

Exportiert den Output eines bestimmten Automation Jobs.

<!-- library-status:start -->
    Prüfstatus: Ungeprüft
    Windows- und Tenant-Abnahme ausstehend; keine pauschale Produktionsfreigabe.

    <!-- library-status:end -->

    Hilft beim Debugging von fehlgeschlagenen Runbook-Jobs.

    Parameter:
    - ResourceGroupName: RG Name
    - AutomationAccountName: Account Name
    - JobId: GUID des Jobs

## Prüfung

Keine fachliche Freigabe aus der Katalogerstellung ableiten.

- static: aktueller erfolgreicher Nachweis fehlt
- pester: aktueller erfolgreicher Nachweis fehlt
- windows: aktueller erfolgreicher Nachweis fehlt
- tenant: aktueller erfolgreicher Nachweis fehlt

## Voraussetzungen

- Module: Az
- Dokumentierte Graph-Scopes: Nicht angegeben; vor Tenant-Nutzung prüfen.
- Hilfsdateien: Keine lokale Hilfsdatei erkannt.

## Verwendung

Noch kein geprüftes Aufrufbeispiel dokumentiert. Parameter mit `Get-Help './05_Azure_Automation/086_Export-AzAutomationJobOutput.ps1' -Full` lesen.

## Quelle

[PowerShell-Datei auf GitHub](https://github.com/Kaffeeundcode/Intune-Scripts/blob/main/05_Azure_Automation/086_Export-AzAutomationJobOutput.ps1)

Prüfungen gelten nur für den dokumentierten Quellstand und Testumfang.
","05_Azure_Automation","05_Azure_Automation/086_Export-AzAutomationJobOutput.ps1","unreviewed","Ungeprüft","false","normal"
"new-az-event-grid-topic","New-AzEventGridTopic","# New-AzEventGridTopic

**Prüfstatus: Ungeprüft**

Erstellt ein neues Custom Event Grid Topic.

<!-- library-status:start -->
    Prüfstatus: Ungeprüft
    Windows- und Tenant-Abnahme ausstehend; keine pauschale Produktionsfreigabe.

    <!-- library-status:end -->

    Event Grid ermöglicht ereignisbasierte Architekturen.

    Parameter:
    - ResourceGroupName: RG Name
    - TopicName: Name des Topics
    - Location: Region

## Prüfung

Keine fachliche Freigabe aus der Katalogerstellung ableiten.

- static: aktueller erfolgreicher Nachweis fehlt
- pester: aktueller erfolgreicher Nachweis fehlt
- windows: aktueller erfolgreicher Nachweis fehlt
- tenant: aktueller erfolgreicher Nachweis fehlt

## Voraussetzungen

- Module: Skript prüfen; keine Cloud-Module erkannt.
- Dokumentierte Graph-Scopes: Nicht angegeben; vor Tenant-Nutzung prüfen.
- Hilfsdateien: Keine lokale Hilfsdatei erkannt.

## Verwendung

Noch kein geprüftes Aufrufbeispiel dokumentiert. Parameter mit `Get-Help './05_Azure_Automation/087_New-AzEventGridTopic.ps1' -Full` lesen.

## Quelle

[PowerShell-Datei auf GitHub](https://github.com/Kaffeeundcode/Intune-Scripts/blob/main/05_Azure_Automation/087_New-AzEventGridTopic.ps1)

Prüfungen gelten nur für den dokumentierten Quellstand und Testumfang.
","05_Azure_Automation","05_Azure_Automation/087_New-AzEventGridTopic.ps1","unreviewed","Ungeprüft","false","elevated"
"get-az-service-health","Get-AzServiceHealth","# Get-AzServiceHealth

**Prüfstatus: Ungeprüft**

Prüft den globalen Azure Service Health Status.

<!-- library-status:start -->
    Prüfstatus: Ungeprüft
    Windows- und Tenant-Abnahme ausstehend; keine pauschale Produktionsfreigabe.

    <!-- library-status:end -->

    Zeigt an, ob es aktuell Störungen in den abonnierten Regionen gibt.

    Parameter:
    - CoreServicesOnly: Filtert auf ""Core"" Services.

## Prüfung

Keine fachliche Freigabe aus der Katalogerstellung ableiten.

- static: aktueller erfolgreicher Nachweis fehlt
- pester: aktueller erfolgreicher Nachweis fehlt
- windows: aktueller erfolgreicher Nachweis fehlt
- tenant: aktueller erfolgreicher Nachweis fehlt

## Voraussetzungen

- Module: Az
- Dokumentierte Graph-Scopes: Nicht angegeben; vor Tenant-Nutzung prüfen.
- Hilfsdateien: Keine lokale Hilfsdatei erkannt.

## Verwendung

Noch kein geprüftes Aufrufbeispiel dokumentiert. Parameter mit `Get-Help './05_Azure_Automation/088_Get-AzServiceHealth.ps1' -Full` lesen.

## Quelle

[PowerShell-Datei auf GitHub](https://github.com/Kaffeeundcode/Intune-Scripts/blob/main/05_Azure_Automation/088_Get-AzServiceHealth.ps1)

Prüfungen gelten nur für den dokumentierten Quellstand und Testumfang.
","05_Azure_Automation","05_Azure_Automation/088_Get-AzServiceHealth.ps1","unreviewed","Ungeprüft","false","normal"
"set-az-key-vault-key-rotation","Set-AzKeyVaultKeyRotation","# Set-AzKeyVaultKeyRotation

**Prüfstatus: Ungeprüft**

Konfiguriert automatisches Key-Rotation Policy Template für einen KeyVault Key.

<!-- library-status:start -->
    Prüfstatus: Ungeprüft
    Windows- und Tenant-Abnahme ausstehend; keine pauschale Produktionsfreigabe.

    <!-- library-status:end -->

    Aktiviert Rotation (z.B. alle 90 Tage).
    Hinweis: Dies ist ein komplexes Feature, dieses Skript setzt eine Standard-Policy.
    Nur für Keys, nicht für Secrets!

    Parameter:
    - VaultName: KeyVault
    - KeyName: Name des Keys

## Prüfung

Keine fachliche Freigabe aus der Katalogerstellung ableiten.

- static: aktueller erfolgreicher Nachweis fehlt
- pester: aktueller erfolgreicher Nachweis fehlt
- windows: aktueller erfolgreicher Nachweis fehlt
- tenant: aktueller erfolgreicher Nachweis fehlt

## Voraussetzungen

- Module: Skript prüfen; keine Cloud-Module erkannt.
- Dokumentierte Graph-Scopes: Nicht angegeben; vor Tenant-Nutzung prüfen.
- Hilfsdateien: Keine lokale Hilfsdatei erkannt.

## Verwendung

Noch kein geprüftes Aufrufbeispiel dokumentiert. Parameter mit `Get-Help './05_Azure_Automation/089_Set-AzKeyVaultKeyRotation.ps1' -Full` lesen.

## Quelle

[PowerShell-Datei auf GitHub](https://github.com/Kaffeeundcode/Intune-Scripts/blob/main/05_Azure_Automation/089_Set-AzKeyVaultKeyRotation.ps1)

Prüfungen gelten nur für den dokumentierten Quellstand und Testumfang.
","05_Azure_Automation","05_Azure_Automation/089_Set-AzKeyVaultKeyRotation.ps1","unreviewed","Ungeprüft","false","elevated"
"invoke-az-runbook-webhook","Invoke-AzRunbookWebhook","# Invoke-AzRunbookWebhook

**Prüfstatus: Ungeprüft**

Triggered ein Azure Automation Runbook per Webhook.

<!-- library-status:start -->
    Prüfstatus: Ungeprüft
    Windows- und Tenant-Abnahme ausstehend; keine pauschale Produktionsfreigabe.

    <!-- library-status:end -->

    Ideal, um Runbooks von extern (z.B. Monitoring Tool, lokales Skript) zu starten.
    Startet den Webhook POST Request.

    Parameter:
    - WebhookUrl: Die geheime URL des Webhooks.
    - Data: (Optional) JSON Payload für das Runbook.

## Prüfung

Keine fachliche Freigabe aus der Katalogerstellung ableiten.

- static: aktueller erfolgreicher Nachweis fehlt
- pester: aktueller erfolgreicher Nachweis fehlt
- windows: aktueller erfolgreicher Nachweis fehlt
- tenant: aktueller erfolgreicher Nachweis fehlt

## Voraussetzungen

- Module: Skript prüfen; keine Cloud-Module erkannt.
- Dokumentierte Graph-Scopes: Nicht angegeben; vor Tenant-Nutzung prüfen.
- Hilfsdateien: Keine lokale Hilfsdatei erkannt.

## Verwendung

Noch kein geprüftes Aufrufbeispiel dokumentiert. Parameter mit `Get-Help './05_Azure_Automation/090_Invoke-AzRunbookWebhook.ps1' -Full` lesen.

## Quelle

[PowerShell-Datei auf GitHub](https://github.com/Kaffeeundcode/Intune-Scripts/blob/main/05_Azure_Automation/090_Invoke-AzRunbookWebhook.ps1)

Prüfungen gelten nur für den dokumentierten Quellstand und Testumfang.
","05_Azure_Automation","05_Azure_Automation/090_Invoke-AzRunbookWebhook.ps1","unreviewed","Ungeprüft","false","normal"
"get-az-automation-variable","Get-AzAutomationVariable","# Get-AzAutomationVariable

**Prüfstatus: Ungeprüft**

Liest eine Variable aus Azure Automation aus (verschlüsselt oder unverschlüsselt).

<!-- library-status:start -->
    Prüfstatus: Ungeprüft
    Windows- und Tenant-Abnahme ausstehend; keine pauschale Produktionsfreigabe.

    <!-- library-status:end -->

    Dient dazu, Konfigurationswerte in Runbooks zu verwenden.

    Parameter:
    - AutomationAccountName: Account
    - ResourceGroupName: RG
    - Name: Variablenname

## Prüfung

Keine fachliche Freigabe aus der Katalogerstellung ableiten.

- static: aktueller erfolgreicher Nachweis fehlt
- pester: aktueller erfolgreicher Nachweis fehlt
- windows: aktueller erfolgreicher Nachweis fehlt
- tenant: aktueller erfolgreicher Nachweis fehlt

## Voraussetzungen

- Module: Az
- Dokumentierte Graph-Scopes: Nicht angegeben; vor Tenant-Nutzung prüfen.
- Hilfsdateien: Keine lokale Hilfsdatei erkannt.

## Verwendung

Noch kein geprüftes Aufrufbeispiel dokumentiert. Parameter mit `Get-Help './05_Azure_Automation/091_Get-AzAutomationVariable.ps1' -Full` lesen.

## Quelle

[PowerShell-Datei auf GitHub](https://github.com/Kaffeeundcode/Intune-Scripts/blob/main/05_Azure_Automation/091_Get-AzAutomationVariable.ps1)

Prüfungen gelten nur für den dokumentierten Quellstand und Testumfang.
","05_Azure_Automation","05_Azure_Automation/091_Get-AzAutomationVariable.ps1","unreviewed","Ungeprüft","false","normal"
"get-az-logic-app-runs","Get-AzLogicAppRuns","# Get-AzLogicAppRuns

**Prüfstatus: Ungeprüft**

Zeigt die letzten Ausführungen einer Logic App an (Success/Failed).

<!-- library-status:start -->
    Prüfstatus: Ungeprüft
    Windows- und Tenant-Abnahme ausstehend; keine pauschale Produktionsfreigabe.

    <!-- library-status:end -->

    Hilft beim Monitoring von Workflows.

    Parameter:
    - ResourceGroupName: RG
    - Name: Logic App Name

## Prüfung

Keine fachliche Freigabe aus der Katalogerstellung ableiten.

- static: aktueller erfolgreicher Nachweis fehlt
- pester: aktueller erfolgreicher Nachweis fehlt
- windows: aktueller erfolgreicher Nachweis fehlt
- tenant: aktueller erfolgreicher Nachweis fehlt

## Voraussetzungen

- Module: Az
- Dokumentierte Graph-Scopes: Nicht angegeben; vor Tenant-Nutzung prüfen.
- Hilfsdateien: Keine lokale Hilfsdatei erkannt.

## Verwendung

Noch kein geprüftes Aufrufbeispiel dokumentiert. Parameter mit `Get-Help './05_Azure_Automation/092_Get-AzLogicAppRuns.ps1' -Full` lesen.

## Quelle

[PowerShell-Datei auf GitHub](https://github.com/Kaffeeundcode/Intune-Scripts/blob/main/05_Azure_Automation/092_Get-AzLogicAppRuns.ps1)

Prüfungen gelten nur für den dokumentierten Quellstand und Testumfang.
","05_Azure_Automation","05_Azure_Automation/092_Get-AzLogicAppRuns.ps1","unreviewed","Ungeprüft","false","normal"
"get-az-monitor-action-group","Get-AzMonitorActionGroup","# Get-AzMonitorActionGroup

**Prüfstatus: Ungeprüft**

Listet alle Action Groups (Alarm-Empfänger) auf.

<!-- library-status:start -->
    Prüfstatus: Ungeprüft
    Windows- und Tenant-Abnahme ausstehend; keine pauschale Produktionsfreigabe.

    <!-- library-status:end -->

    Zeigt, wer benachrichtigt wird (Email, SMS, Webhook), wenn ein Alert feuert.

    Parameter:
    - ResourceGroupName: (Optional)

## Prüfung

Keine fachliche Freigabe aus der Katalogerstellung ableiten.

- static: aktueller erfolgreicher Nachweis fehlt
- pester: aktueller erfolgreicher Nachweis fehlt
- windows: aktueller erfolgreicher Nachweis fehlt
- tenant: aktueller erfolgreicher Nachweis fehlt

## Voraussetzungen

- Module: Az
- Dokumentierte Graph-Scopes: Nicht angegeben; vor Tenant-Nutzung prüfen.
- Hilfsdateien: Keine lokale Hilfsdatei erkannt.

## Verwendung

Noch kein geprüftes Aufrufbeispiel dokumentiert. Parameter mit `Get-Help './05_Azure_Automation/093_Get-AzMonitorActionGroup.ps1' -Full` lesen.

## Quelle

[PowerShell-Datei auf GitHub](https://github.com/Kaffeeundcode/Intune-Scripts/blob/main/05_Azure_Automation/093_Get-AzMonitorActionGroup.ps1)

Prüfungen gelten nur für den dokumentierten Quellstand und Testumfang.
","05_Azure_Automation","05_Azure_Automation/093_Get-AzMonitorActionGroup.ps1","unreviewed","Ungeprüft","false","normal"
"remove-az-diagnostic-setting","Remove-AzDiagnosticSetting","# Remove-AzDiagnosticSetting

**Prüfstatus: Ungeprüft**

Entfernt eine Diagnostic Setting Konfiguration von einer Ressource.

<!-- library-status:start -->
    Prüfstatus: Ungeprüft
    Windows- und Tenant-Abnahme ausstehend; keine pauschale Produktionsfreigabe.

    <!-- library-status:end -->

    Bereinigt alte Log-Forwarding Regeln.

    Parameter:
    - ResourceId: ID der Azure Ressource
    - Name: Name des Diagnostic Settings

## Prüfung

Keine fachliche Freigabe aus der Katalogerstellung ableiten.

- static: aktueller erfolgreicher Nachweis fehlt
- pester: aktueller erfolgreicher Nachweis fehlt
- windows: aktueller erfolgreicher Nachweis fehlt
- tenant: aktueller erfolgreicher Nachweis fehlt

## Voraussetzungen

- Module: Skript prüfen; keine Cloud-Module erkannt.
- Dokumentierte Graph-Scopes: Nicht angegeben; vor Tenant-Nutzung prüfen.
- Hilfsdateien: Keine lokale Hilfsdatei erkannt.

## Verwendung

Noch kein geprüftes Aufrufbeispiel dokumentiert. Parameter mit `Get-Help './05_Azure_Automation/094_Remove-AzDiagnosticSetting.ps1' -Full` lesen.

## Quelle

[PowerShell-Datei auf GitHub](https://github.com/Kaffeeundcode/Intune-Scripts/blob/main/05_Azure_Automation/094_Remove-AzDiagnosticSetting.ps1)

Prüfungen gelten nur für den dokumentierten Quellstand und Testumfang.
","05_Azure_Automation","05_Azure_Automation/094_Remove-AzDiagnosticSetting.ps1","unreviewed","Ungeprüft","false","elevated"
"export-az-log-analytics-query","Export-AzLogAnalyticsQuery","# Export-AzLogAnalyticsQuery

**Prüfstatus: Ungeprüft**

Führt eine KQL Query gegen Log Analytics aus und exportiert das Ergebnis als CSV.

<!-- library-status:start -->
    Prüfstatus: Ungeprüft
    Windows- und Tenant-Abnahme ausstehend; keine pauschale Produktionsfreigabe.

    <!-- library-status:end -->

    Automatisiert Reportings aus Logs (z.B. Security Events, Performance).

    Parameter:
    - WorkspaceId: ID des Workspaces
    - Query: KQL Abfrage
    - OutputFile: Ziel-CSV

## Prüfung

Keine fachliche Freigabe aus der Katalogerstellung ableiten.

- static: aktueller erfolgreicher Nachweis fehlt
- pester: aktueller erfolgreicher Nachweis fehlt
- windows: aktueller erfolgreicher Nachweis fehlt
- tenant: aktueller erfolgreicher Nachweis fehlt

## Voraussetzungen

- Module: Skript prüfen; keine Cloud-Module erkannt.
- Dokumentierte Graph-Scopes: Nicht angegeben; vor Tenant-Nutzung prüfen.
- Hilfsdateien: Keine lokale Hilfsdatei erkannt.

## Verwendung

Noch kein geprüftes Aufrufbeispiel dokumentiert. Parameter mit `Get-Help './05_Azure_Automation/095_Export-AzLogAnalyticsQuery.ps1' -Full` lesen.

## Quelle

[PowerShell-Datei auf GitHub](https://github.com/Kaffeeundcode/Intune-Scripts/blob/main/05_Azure_Automation/095_Export-AzLogAnalyticsQuery.ps1)

Prüfungen gelten nur für den dokumentierten Quellstand und Testumfang.
","05_Azure_Automation","05_Azure_Automation/095_Export-AzLogAnalyticsQuery.ps1","unreviewed","Ungeprüft","false","normal"
"new-az-automation-schedule","New-AzAutomationSchedule","# New-AzAutomationSchedule

**Prüfstatus: Ungeprüft**

Erstellt einen Zeitplan (Schedule) in Azure Automation.

<!-- library-status:start -->
    Prüfstatus: Ungeprüft
    Windows- und Tenant-Abnahme ausstehend; keine pauschale Produktionsfreigabe.

    <!-- library-status:end -->

    Schedules triggern Runbooks zu bestimmten Zeiten.

    Parameter:
    - Name: Schedule Name
    - StartTime: Wann geht es los?
    - DaysInterval: Alle X Tage (Default: 1 = täglich)

## Prüfung

Keine fachliche Freigabe aus der Katalogerstellung ableiten.

- static: aktueller erfolgreicher Nachweis fehlt
- pester: aktueller erfolgreicher Nachweis fehlt
- windows: aktueller erfolgreicher Nachweis fehlt
- tenant: aktueller erfolgreicher Nachweis fehlt

## Voraussetzungen

- Module: Skript prüfen; keine Cloud-Module erkannt.
- Dokumentierte Graph-Scopes: Nicht angegeben; vor Tenant-Nutzung prüfen.
- Hilfsdateien: Keine lokale Hilfsdatei erkannt.

## Verwendung

Noch kein geprüftes Aufrufbeispiel dokumentiert. Parameter mit `Get-Help './05_Azure_Automation/096_New-AzAutomationSchedule.ps1' -Full` lesen.

## Quelle

[PowerShell-Datei auf GitHub](https://github.com/Kaffeeundcode/Intune-Scripts/blob/main/05_Azure_Automation/096_New-AzAutomationSchedule.ps1)

Prüfungen gelten nur für den dokumentierten Quellstand und Testumfang.
","05_Azure_Automation","05_Azure_Automation/096_New-AzAutomationSchedule.ps1","unreviewed","Ungeprüft","false","elevated"
"update-az-automation-module","Update-AzAutomationModule","# Update-AzAutomationModule

**Prüfstatus: Ungeprüft**

Aktualisiert ein PowerShell-Modul im Automation Account.

<!-- library-status:start -->
    Prüfstatus: Ungeprüft
    Windows- und Tenant-Abnahme ausstehend; keine pauschale Produktionsfreigabe.

    <!-- library-status:end -->

    Module veralten und müssen gepflegt werden.
    Lädt die neueste Version aus der Gallery (indirekt Trigger via ContentLink).
    Hinweis: Azure Automation Module Updates sind oft einfacher via Portal,
    dieses Skript zeigt den Programmatic Way via New-AzAutomationModule (Overwrite).

    Parameter:
    - ResourceGroupName: RG
    - AutomationAccountName: Account
    - ModuleName: Name (z.B. Az.Accounts)
    - ContentLinkUri: URL zur .nupkg oder Gallery Link

## Prüfung

Keine fachliche Freigabe aus der Katalogerstellung ableiten.

- static: aktueller erfolgreicher Nachweis fehlt
- pester: aktueller erfolgreicher Nachweis fehlt
- windows: aktueller erfolgreicher Nachweis fehlt
- tenant: aktueller erfolgreicher Nachweis fehlt

## Voraussetzungen

- Module: Skript prüfen; keine Cloud-Module erkannt.
- Dokumentierte Graph-Scopes: Nicht angegeben; vor Tenant-Nutzung prüfen.
- Hilfsdateien: Keine lokale Hilfsdatei erkannt.

## Verwendung

Noch kein geprüftes Aufrufbeispiel dokumentiert. Parameter mit `Get-Help './05_Azure_Automation/097_Update-AzAutomationModule.ps1' -Full` lesen.

## Quelle

[PowerShell-Datei auf GitHub](https://github.com/Kaffeeundcode/Intune-Scripts/blob/main/05_Azure_Automation/097_Update-AzAutomationModule.ps1)

Prüfungen gelten nur für den dokumentierten Quellstand und Testumfang.
","05_Azure_Automation","05_Azure_Automation/097_Update-AzAutomationModule.ps1","unreviewed","Ungeprüft","false","elevated"
"get-az-automation-connection","Get-AzAutomationConnection","# Get-AzAutomationConnection

**Prüfstatus: Ungeprüft**

Listet Verbindungen (Connections) im Automation Account auf.

<!-- library-status:start -->
    Prüfstatus: Ungeprüft
    Windows- und Tenant-Abnahme ausstehend; keine pauschale Produktionsfreigabe.

    <!-- library-status:end -->

    Wichtig für ""Run As"" Accounts oder Service Principle Connections.

    Parameter:
    - ResourceGroupName: RG
    - AutomationAccountName: Account

## Prüfung

Keine fachliche Freigabe aus der Katalogerstellung ableiten.

- static: aktueller erfolgreicher Nachweis fehlt
- pester: aktueller erfolgreicher Nachweis fehlt
- windows: aktueller erfolgreicher Nachweis fehlt
- tenant: aktueller erfolgreicher Nachweis fehlt

## Voraussetzungen

- Module: Az
- Dokumentierte Graph-Scopes: Nicht angegeben; vor Tenant-Nutzung prüfen.
- Hilfsdateien: Keine lokale Hilfsdatei erkannt.

## Verwendung

Noch kein geprüftes Aufrufbeispiel dokumentiert. Parameter mit `Get-Help './05_Azure_Automation/098_Get-AzAutomationConnection.ps1' -Full` lesen.

## Quelle

[PowerShell-Datei auf GitHub](https://github.com/Kaffeeundcode/Intune-Scripts/blob/main/05_Azure_Automation/098_Get-AzAutomationConnection.ps1)

Prüfungen gelten nur für den dokumentierten Quellstand und Testumfang.
","05_Azure_Automation","05_Azure_Automation/098_Get-AzAutomationConnection.ps1","unreviewed","Ungeprüft","false","normal"
"enable-az-monitor-alert","Enable-AzMonitorAlert","# Enable-AzMonitorAlert

**Prüfstatus: Ungeprüft**

Aktiviert eine Monitor Alert Rule (falls deaktiviert).

<!-- library-status:start -->
    Prüfstatus: Ungeprüft
    Windows- und Tenant-Abnahme ausstehend; keine pauschale Produktionsfreigabe.

    <!-- library-status:end -->

    Massenaktivierung von Alerts.

    Parameter:
    - AlertName: Name des Alerts (Wildcard möglich)

## Prüfung

Keine fachliche Freigabe aus der Katalogerstellung ableiten.

- static: aktueller erfolgreicher Nachweis fehlt
- pester: aktueller erfolgreicher Nachweis fehlt
- windows: aktueller erfolgreicher Nachweis fehlt
- tenant: aktueller erfolgreicher Nachweis fehlt

## Voraussetzungen

- Module: Az
- Dokumentierte Graph-Scopes: Nicht angegeben; vor Tenant-Nutzung prüfen.
- Hilfsdateien: Keine lokale Hilfsdatei erkannt.

## Verwendung

Noch kein geprüftes Aufrufbeispiel dokumentiert. Parameter mit `Get-Help './05_Azure_Automation/099_Enable-AzMonitorAlert.ps1' -Full` lesen.

## Quelle

[PowerShell-Datei auf GitHub](https://github.com/Kaffeeundcode/Intune-Scripts/blob/main/05_Azure_Automation/099_Enable-AzMonitorAlert.ps1)

Prüfungen gelten nur für den dokumentierten Quellstand und Testumfang.
","05_Azure_Automation","05_Azure_Automation/099_Enable-AzMonitorAlert.ps1","unreviewed","Ungeprüft","false","normal"
"get-az-resource-graph-query","Get-AzResourceGraphQuery","# Get-AzResourceGraphQuery

**Prüfstatus: Ungeprüft**

Führt eine schnelle Azure Resource Graph Query aus.

<!-- library-status:start -->
    Prüfstatus: Ungeprüft
    Windows- und Tenant-Abnahme ausstehend; keine pauschale Produktionsfreigabe.

    <!-- library-status:end -->

    Resource Graph ist oft schneller als Get-AzResource.
    Beispiel: Zähle alle Ressourcen pro Typ.

    Parameter:
    - Query: (Optional) Custom Query.

## Prüfung

Keine fachliche Freigabe aus der Katalogerstellung ableiten.

- static: aktueller erfolgreicher Nachweis fehlt
- pester: aktueller erfolgreicher Nachweis fehlt
- windows: aktueller erfolgreicher Nachweis fehlt
- tenant: aktueller erfolgreicher Nachweis fehlt

## Voraussetzungen

- Module: Az
- Dokumentierte Graph-Scopes: Nicht angegeben; vor Tenant-Nutzung prüfen.
- Hilfsdateien: Keine lokale Hilfsdatei erkannt.

## Verwendung

Noch kein geprüftes Aufrufbeispiel dokumentiert. Parameter mit `Get-Help './05_Azure_Automation/100_Get-AzResourceGraphQuery.ps1' -Full` lesen.

## Quelle

[PowerShell-Datei auf GitHub](https://github.com/Kaffeeundcode/Intune-Scripts/blob/main/05_Azure_Automation/100_Get-AzResourceGraphQuery.ps1)

Prüfungen gelten nur für den dokumentierten Quellstand und Testumfang.
","05_Azure_Automation","05_Azure_Automation/100_Get-AzResourceGraphQuery.ps1","unreviewed","Ungeprüft","false","normal"
"get-autopilot-devices","Get-AutopilotDevices","# Get-AutopilotDevices

**Prüfstatus: Ungeprüft**

Listet alle Windows Autopilot Geräte auf.

<!-- library-status:start -->
    Prüfstatus: Ungeprüft
    Windows- und Tenant-Abnahme ausstehend; keine pauschale Produktionsfreigabe.

    <!-- library-status:end -->

    Ruft registrierte Autopilot-Devices ab (Serial Number, Model, Profile Status).
    Erfordert die Berechtigung 'DeviceManagementServiceConfig.Read.All'.

## Prüfung

Keine fachliche Freigabe aus der Katalogerstellung ableiten.

- static: aktueller erfolgreicher Nachweis fehlt
- pester: aktueller erfolgreicher Nachweis fehlt
- windows: aktueller erfolgreicher Nachweis fehlt
- tenant: aktueller erfolgreicher Nachweis fehlt

## Voraussetzungen

- Module: Microsoft.Graph.Authentication, Microsoft.Graph (passende SDK-Untermodule)
- Dokumentierte Graph-Scopes: DeviceManagementServiceConfig.Read.All
- Hilfsdateien: Keine lokale Hilfsdatei erkannt.

## Verwendung

Noch kein geprüftes Aufrufbeispiel dokumentiert. Parameter mit `Get-Help './05_Enrollment_Autopilot/41_Get-AutopilotDevices.ps1' -Full` lesen.

## Quelle

[PowerShell-Datei auf GitHub](https://github.com/Kaffeeundcode/Intune-Scripts/blob/main/05_Enrollment_Autopilot/41_Get-AutopilotDevices.ps1)

Prüfungen gelten nur für den dokumentierten Quellstand und Testumfang.
","05_Enrollment_Autopilot","05_Enrollment_Autopilot/41_Get-AutopilotDevices.ps1","unreviewed","Ungeprüft","false","normal"
"import-autopilot-csv","Import-AutopilotCSV","# Import-AutopilotCSV

**Prüfstatus: Beispiel**

Importiert Autopilot-Geräte aus einer CSV (Hardware Hash).

<!-- library-status:start -->
    Prüfstatus: Beispiel
    Enthaelt Beispiel-/Platzhalterlogik; kein abgeschlossener Betriebsablauf.

    <!-- library-status:end -->

    Lädt eine CSV (Format: Device Serial Number,Windows Product ID,Hardware Hash) hoch.
    Hinweis: Der Import kann bis zu 15 Minuten dauern, bis er sichtbar ist.
    Erfordert die Berechtigung 'DeviceManagementServiceConfig.ReadWrite.All'.

## Prüfung

- Enthaelt Beispiel-/Platzhalterlogik; kein abgeschlossener Betriebsablauf.

- static: aktueller erfolgreicher Nachweis fehlt
- pester: aktueller erfolgreicher Nachweis fehlt
- windows: aktueller erfolgreicher Nachweis fehlt
- tenant: aktueller erfolgreicher Nachweis fehlt

## Voraussetzungen

- Module: Microsoft.Graph.Authentication, Microsoft.Graph (passende SDK-Untermodule)
- Dokumentierte Graph-Scopes: DeviceManagementServiceConfig.ReadWrite.All
- Hilfsdateien: Keine lokale Hilfsdatei erkannt.

## Verwendung

Noch kein geprüftes Aufrufbeispiel dokumentiert. Parameter mit `Get-Help './05_Enrollment_Autopilot/42_Import-AutopilotCSV.ps1' -Full` lesen.

## Quelle

[PowerShell-Datei auf GitHub](https://github.com/Kaffeeundcode/Intune-Scripts/blob/main/05_Enrollment_Autopilot/42_Import-AutopilotCSV.ps1)

Prüfungen gelten nur für den dokumentierten Quellstand und Testumfang.
","05_Enrollment_Autopilot","05_Enrollment_Autopilot/42_Import-AutopilotCSV.ps1","example","Beispiel","false","elevated"
"assign-autopilot-profile","Assign-AutopilotProfile","# Assign-AutopilotProfile

**Prüfstatus: Bekannte Fehler**

Weist einem Autopilot-Gerät ein Deployment-Profil zu.

<!-- library-status:start -->
    Prüfstatus: Bekannte Fehler
    Setzt Statusfelder statt einer gruppenbasierten Profilzuweisung; nicht ausfuehren.

    <!-- library-status:end -->

    Verknüpft ein Autopilot-Gerät (via ID) mit einem spezifischen Profil.
    Erfordert die Berechtigung 'DeviceManagementServiceConfig.ReadWrite.All'.

## Prüfung

- Setzt Statusfelder statt einer gruppenbasierten Profilzuweisung; nicht ausfuehren.

- static: aktueller erfolgreicher Nachweis fehlt
- pester: aktueller erfolgreicher Nachweis fehlt
- windows: aktueller erfolgreicher Nachweis fehlt
- tenant: aktueller erfolgreicher Nachweis fehlt

## Voraussetzungen

- Module: Microsoft.Graph.Authentication, Microsoft.Graph (passende SDK-Untermodule)
- Dokumentierte Graph-Scopes: DeviceManagementServiceConfig.ReadWrite.All
- Hilfsdateien: Keine lokale Hilfsdatei erkannt.

## Verwendung

Noch kein geprüftes Aufrufbeispiel dokumentiert. Parameter mit `Get-Help './05_Enrollment_Autopilot/43_Assign-AutopilotProfile.ps1' -Full` lesen.

## Quelle

[PowerShell-Datei auf GitHub](https://github.com/Kaffeeundcode/Intune-Scripts/blob/main/05_Enrollment_Autopilot/43_Assign-AutopilotProfile.ps1)

Prüfungen gelten nur für den dokumentierten Quellstand und Testumfang.
","05_Enrollment_Autopilot","05_Enrollment_Autopilot/43_Assign-AutopilotProfile.ps1","known_issues","Bekannte Fehler","false","elevated"
"get-enrollment-status-page","Get-EnrollmentStatusPage","# Get-EnrollmentStatusPage

**Prüfstatus: Ungeprüft**

Zeigt Konfigurationen der Enrollment Status Page (ESP).

<!-- library-status:start -->
    Prüfstatus: Ungeprüft
    Windows- und Tenant-Abnahme ausstehend; keine pauschale Produktionsfreigabe.

    <!-- library-status:end -->

    Ruft ESP-Profile ab.
    Erfordert die Berechtigung 'DeviceManagementConfiguration.Read.All'.

## Prüfung

Keine fachliche Freigabe aus der Katalogerstellung ableiten.

- static: aktueller erfolgreicher Nachweis fehlt
- pester: aktueller erfolgreicher Nachweis fehlt
- windows: aktueller erfolgreicher Nachweis fehlt
- tenant: aktueller erfolgreicher Nachweis fehlt

## Voraussetzungen

- Module: Microsoft.Graph.Authentication, Microsoft.Graph (passende SDK-Untermodule)
- Dokumentierte Graph-Scopes: DeviceManagementConfiguration.Read.All
- Hilfsdateien: Keine lokale Hilfsdatei erkannt.

## Verwendung

Noch kein geprüftes Aufrufbeispiel dokumentiert. Parameter mit `Get-Help './05_Enrollment_Autopilot/44_Get-EnrollmentStatusPage.ps1' -Full` lesen.

## Quelle

[PowerShell-Datei auf GitHub](https://github.com/Kaffeeundcode/Intune-Scripts/blob/main/05_Enrollment_Autopilot/44_Get-EnrollmentStatusPage.ps1)

Prüfungen gelten nur für den dokumentierten Quellstand und Testumfang.
","05_Enrollment_Autopilot","05_Enrollment_Autopilot/44_Get-EnrollmentStatusPage.ps1","unreviewed","Ungeprüft","false","normal"
"get-autopilot-profile-details","Get-AutopilotProfileDetails","# Get-AutopilotProfileDetails

**Prüfstatus: Ungeprüft**

Ruft Details zu einem Autopilot Profil ab.

<!-- library-status:start -->
    Prüfstatus: Ungeprüft
    Windows- und Tenant-Abnahme ausstehend; keine pauschale Produktionsfreigabe.

    <!-- library-status:end -->

    Zeigt Einstellungen wie OOBE-Verhalten, Admin-Rechte etc. eines Profils.
    Erfordert die Berechtigung 'DeviceManagementServiceConfig.Read.All'.

## Prüfung

Keine fachliche Freigabe aus der Katalogerstellung ableiten.

- static: aktueller erfolgreicher Nachweis fehlt
- pester: aktueller erfolgreicher Nachweis fehlt
- windows: aktueller erfolgreicher Nachweis fehlt
- tenant: aktueller erfolgreicher Nachweis fehlt

## Voraussetzungen

- Module: Microsoft.Graph.Authentication, Microsoft.Graph (passende SDK-Untermodule)
- Dokumentierte Graph-Scopes: DeviceManagementServiceConfig.Read.All
- Hilfsdateien: Keine lokale Hilfsdatei erkannt.

## Verwendung

Noch kein geprüftes Aufrufbeispiel dokumentiert. Parameter mit `Get-Help './05_Enrollment_Autopilot/45_Get-AutopilotProfileDetails.ps1' -Full` lesen.

## Quelle

[PowerShell-Datei auf GitHub](https://github.com/Kaffeeundcode/Intune-Scripts/blob/main/05_Enrollment_Autopilot/45_Get-AutopilotProfileDetails.ps1)

Prüfungen gelten nur für den dokumentierten Quellstand und Testumfang.
","05_Enrollment_Autopilot","05_Enrollment_Autopilot/45_Get-AutopilotProfileDetails.ps1","unreviewed","Ungeprüft","false","normal"
"delete-autopilot-device","Delete-AutopilotDevice","# Delete-AutopilotDevice

**Prüfstatus: Ungeprüft**

Löscht ein Autopilot-Gerät (Hash).

<!-- library-status:start -->
    Prüfstatus: Ungeprüft
    Windows- und Tenant-Abnahme ausstehend; keine pauschale Produktionsfreigabe.

    <!-- library-status:end -->

    Entfernt den Hardware-Hash aus dem Autopilot-Service. Notwendig vor Board-Swap oder Verkauf.
    Erfordert die Berechtigung 'DeviceManagementServiceConfig.ReadWrite.All'.

## Prüfung

Keine fachliche Freigabe aus der Katalogerstellung ableiten.

- static: aktueller erfolgreicher Nachweis fehlt
- pester: aktueller erfolgreicher Nachweis fehlt
- windows: aktueller erfolgreicher Nachweis fehlt
- tenant: aktueller erfolgreicher Nachweis fehlt

## Voraussetzungen

- Module: Microsoft.Graph.Authentication, Microsoft.Graph (passende SDK-Untermodule)
- Dokumentierte Graph-Scopes: DeviceManagementServiceConfig.ReadWrite.All
- Hilfsdateien: Keine lokale Hilfsdatei erkannt.

## Verwendung

Noch kein geprüftes Aufrufbeispiel dokumentiert. Parameter mit `Get-Help './05_Enrollment_Autopilot/46_Delete-AutopilotDevice.ps1' -Full` lesen.

## Quelle

[PowerShell-Datei auf GitHub](https://github.com/Kaffeeundcode/Intune-Scripts/blob/main/05_Enrollment_Autopilot/46_Delete-AutopilotDevice.ps1)

Prüfungen gelten nur für den dokumentierten Quellstand und Testumfang.
","05_Enrollment_Autopilot","05_Enrollment_Autopilot/46_Delete-AutopilotDevice.ps1","unreviewed","Ungeprüft","false","elevated"
"sync-autopilot-devices","Sync-AutopilotDevices","# Sync-AutopilotDevices

**Prüfstatus: Ungeprüft**

Triggered eine Synchronisierung der Autopilot-Geräte (Store/Partner).

<!-- library-status:start -->
    Prüfstatus: Ungeprüft
    Windows- und Tenant-Abnahme ausstehend; keine pauschale Produktionsfreigabe.

    <!-- library-status:end -->

    Stößt den Sync-Prozess an, um neue Geräte aus dem Microsoft Store for Business oder von Partnern zu laden.
    Erfordert die Berechtigung 'DeviceManagementServiceConfig.ReadWrite.All'.

## Prüfung

Keine fachliche Freigabe aus der Katalogerstellung ableiten.

- static: aktueller erfolgreicher Nachweis fehlt
- pester: aktueller erfolgreicher Nachweis fehlt
- windows: aktueller erfolgreicher Nachweis fehlt
- tenant: aktueller erfolgreicher Nachweis fehlt

## Voraussetzungen

- Module: Microsoft.Graph.Authentication
- Dokumentierte Graph-Scopes: DeviceManagementServiceConfig.ReadWrite.All
- Hilfsdateien: Keine lokale Hilfsdatei erkannt.

## Verwendung

Noch kein geprüftes Aufrufbeispiel dokumentiert. Parameter mit `Get-Help './05_Enrollment_Autopilot/47_Sync-AutopilotDevices.ps1' -Full` lesen.

## Quelle

[PowerShell-Datei auf GitHub](https://github.com/Kaffeeundcode/Intune-Scripts/blob/main/05_Enrollment_Autopilot/47_Sync-AutopilotDevices.ps1)

Prüfungen gelten nur für den dokumentierten Quellstand und Testumfang.
","05_Enrollment_Autopilot","05_Enrollment_Autopilot/47_Sync-AutopilotDevices.ps1","unreviewed","Ungeprüft","false","normal"
"get-enrollment-restrictions","Get-EnrollmentRestrictions","# Get-EnrollmentRestrictions

**Prüfstatus: Ungeprüft**

Listet Einschränkungen für die Geräteregistrierung auf (Enrollment Restrictions).

<!-- library-status:start -->
    Prüfstatus: Ungeprüft
    Windows- und Tenant-Abnahme ausstehend; keine pauschale Produktionsfreigabe.

    <!-- library-status:end -->

    Zeigt, welche Plattformen und Versionen blockiert oder erlaubt sind.
    Erfordert die Berechtigung 'DeviceManagementConfiguration.Read.All'.

## Prüfung

Keine fachliche Freigabe aus der Katalogerstellung ableiten.

- static: aktueller erfolgreicher Nachweis fehlt
- pester: aktueller erfolgreicher Nachweis fehlt
- windows: aktueller erfolgreicher Nachweis fehlt
- tenant: aktueller erfolgreicher Nachweis fehlt

## Voraussetzungen

- Module: Microsoft.Graph.Authentication, Microsoft.Graph (passende SDK-Untermodule)
- Dokumentierte Graph-Scopes: DeviceManagementConfiguration.Read.All
- Hilfsdateien: Keine lokale Hilfsdatei erkannt.

## Verwendung

Noch kein geprüftes Aufrufbeispiel dokumentiert. Parameter mit `Get-Help './05_Enrollment_Autopilot/48_Get-EnrollmentRestrictions.ps1' -Full` lesen.

## Quelle

[PowerShell-Datei auf GitHub](https://github.com/Kaffeeundcode/Intune-Scripts/blob/main/05_Enrollment_Autopilot/48_Get-EnrollmentRestrictions.ps1)

Prüfungen gelten nur für den dokumentierten Quellstand und Testumfang.
","05_Enrollment_Autopilot","05_Enrollment_Autopilot/48_Get-EnrollmentRestrictions.ps1","unreviewed","Ungeprüft","false","normal"
"get-enrollment-failures","Get-EnrollmentFailures","# Get-EnrollmentFailures

**Prüfstatus: Beispiel**

Zeigt Fehlerberichte bei der Registrierung.

<!-- library-status:start -->
    Prüfstatus: Beispiel
    Enthaelt Beispiel-/Platzhalterlogik; kein abgeschlossener Betriebsablauf.

    <!-- library-status:end -->

    Liest Enrollment-Fehler aus dem Monitoring-Bereich.
    Erfordert die Berechtigung 'DeviceManagementManagedDevices.Read.All'.

## Prüfung

- Enthaelt Beispiel-/Platzhalterlogik; kein abgeschlossener Betriebsablauf.

- static: aktueller erfolgreicher Nachweis fehlt
- pester: aktueller erfolgreicher Nachweis fehlt
- windows: aktueller erfolgreicher Nachweis fehlt
- tenant: aktueller erfolgreicher Nachweis fehlt

## Voraussetzungen

- Module: Microsoft.Graph.Authentication
- Dokumentierte Graph-Scopes: DeviceManagementManagedDevices.Read.All
- Hilfsdateien: Keine lokale Hilfsdatei erkannt.

## Verwendung

Noch kein geprüftes Aufrufbeispiel dokumentiert. Parameter mit `Get-Help './05_Enrollment_Autopilot/49_Get-EnrollmentFailures.ps1' -Full` lesen.

## Quelle

[PowerShell-Datei auf GitHub](https://github.com/Kaffeeundcode/Intune-Scripts/blob/main/05_Enrollment_Autopilot/49_Get-EnrollmentFailures.ps1)

Prüfungen gelten nur für den dokumentierten Quellstand und Testumfang.
","05_Enrollment_Autopilot","05_Enrollment_Autopilot/49_Get-EnrollmentFailures.ps1","example","Beispiel","false","normal"
"check-enrollment-status","Check-EnrollmentStatus","# Check-EnrollmentStatus

**Prüfstatus: Ungeprüft**

Prüft den Enrollment-Status eines bestimmten Geräts.

<!-- library-status:start -->
    Prüfstatus: Ungeprüft
    Windows- und Tenant-Abnahme ausstehend; keine pauschale Produktionsfreigabe.

    <!-- library-status:end -->

    Validiert, ob ein Gerät sauber enrolled wurde oder im Fehlerstatus steht.
    Erfordert die Berechtigung 'DeviceManagementManagedDevices.Read.All'.

## Prüfung

Keine fachliche Freigabe aus der Katalogerstellung ableiten.

- static: aktueller erfolgreicher Nachweis fehlt
- pester: aktueller erfolgreicher Nachweis fehlt
- windows: aktueller erfolgreicher Nachweis fehlt
- tenant: aktueller erfolgreicher Nachweis fehlt

## Voraussetzungen

- Module: Microsoft.Graph.Authentication, Microsoft.Graph (passende SDK-Untermodule)
- Dokumentierte Graph-Scopes: DeviceManagementManagedDevices.Read.All
- Hilfsdateien: Keine lokale Hilfsdatei erkannt.

## Verwendung

Noch kein geprüftes Aufrufbeispiel dokumentiert. Parameter mit `Get-Help './05_Enrollment_Autopilot/50_Check-EnrollmentStatus.ps1' -Full` lesen.

## Quelle

[PowerShell-Datei auf GitHub](https://github.com/Kaffeeundcode/Intune-Scripts/blob/main/05_Enrollment_Autopilot/50_Check-EnrollmentStatus.ps1)

Prüfungen gelten nur für den dokumentierten Quellstand und Testumfang.
","05_Enrollment_Autopilot","05_Enrollment_Autopilot/50_Check-EnrollmentStatus.ps1","unreviewed","Ungeprüft","false","normal"
"get-intune-audit-logs","Get-IntuneAuditLogs","# Get-IntuneAuditLogs

**Prüfstatus: Ungeprüft**

Ruft Intune Audit Logs ab.

<!-- library-status:start -->
    Prüfstatus: Ungeprüft
    Windows- und Tenant-Abnahme ausstehend; keine pauschale Produktionsfreigabe.

    <!-- library-status:end -->

    Lädt die letzten Audit-Einträge (Wer hat was geändert?).
    Erfordert die Berechtigung 'DeviceManagementApps.Read.All' (audit logs falls accessible).
    Hinweis: Audit Logs benötigen oft spezielle Berechtigungen (AuditLog.Read.All).

## Prüfung

Keine fachliche Freigabe aus der Katalogerstellung ableiten.

- static: aktueller erfolgreicher Nachweis fehlt
- pester: aktueller erfolgreicher Nachweis fehlt
- windows: aktueller erfolgreicher Nachweis fehlt
- tenant: aktueller erfolgreicher Nachweis fehlt

## Voraussetzungen

- Module: Microsoft.Graph.Authentication, Microsoft.Graph (passende SDK-Untermodule)
- Dokumentierte Graph-Scopes: DeviceManagementApps.Read.All, AuditLog.Read.All
- Hilfsdateien: Keine lokale Hilfsdatei erkannt.

## Verwendung

Noch kein geprüftes Aufrufbeispiel dokumentiert. Parameter mit `Get-Help './06_Monitoring_Reporting/51_Get-IntuneAuditLogs.ps1' -Full` lesen.

## Quelle

[PowerShell-Datei auf GitHub](https://github.com/Kaffeeundcode/Intune-Scripts/blob/main/06_Monitoring_Reporting/51_Get-IntuneAuditLogs.ps1)

Prüfungen gelten nur für den dokumentierten Quellstand und Testumfang.
","06_Monitoring_Reporting","06_Monitoring_Reporting/51_Get-IntuneAuditLogs.ps1","unreviewed","Ungeprüft","false","normal"
"get-device-compliance-report","Get-DeviceComplianceReport","# Get-DeviceComplianceReport

**Prüfstatus: Ungeprüft**

Erstellt einen schnellen Compliance-Bericht.

<!-- library-status:start -->
    Prüfstatus: Ungeprüft
    Windows- und Tenant-Abnahme ausstehend; keine pauschale Produktionsfreigabe.

    <!-- library-status:end -->

    Zählt Compliant vs. Non-Compliant Geräte und gibt eine Pivot-Tabelle aus.
    Erfordert die Berechtigung 'DeviceManagementManagedDevices.Read.All'.

## Prüfung

Keine fachliche Freigabe aus der Katalogerstellung ableiten.

- static: aktueller erfolgreicher Nachweis fehlt
- pester: aktueller erfolgreicher Nachweis fehlt
- windows: aktueller erfolgreicher Nachweis fehlt
- tenant: aktueller erfolgreicher Nachweis fehlt

## Voraussetzungen

- Module: Microsoft.Graph.Authentication, Microsoft.Graph (passende SDK-Untermodule)
- Dokumentierte Graph-Scopes: DeviceManagementManagedDevices.Read.All
- Hilfsdateien: Keine lokale Hilfsdatei erkannt.

## Verwendung

Noch kein geprüftes Aufrufbeispiel dokumentiert. Parameter mit `Get-Help './06_Monitoring_Reporting/52_Get-DeviceComplianceReport.ps1' -Full` lesen.

## Quelle

[PowerShell-Datei auf GitHub](https://github.com/Kaffeeundcode/Intune-Scripts/blob/main/06_Monitoring_Reporting/52_Get-DeviceComplianceReport.ps1)

Prüfungen gelten nur für den dokumentierten Quellstand und Testumfang.
","06_Monitoring_Reporting","06_Monitoring_Reporting/52_Get-DeviceComplianceReport.ps1","unreviewed","Ungeprüft","false","normal"
"check-connector-status","Check-ConnectorStatus","# Check-ConnectorStatus

**Prüfstatus: Ungeprüft**

Prüft den Status der Intune Connectors (z.B. Chrome, TeamViewer).

<!-- library-status:start -->
    Prüfstatus: Ungeprüft
    Windows- und Tenant-Abnahme ausstehend; keine pauschale Produktionsfreigabe.

    <!-- library-status:end -->

    Listet Status von Partner-Connectors auf.
    Erfordert die Berechtigung 'DeviceManagementServiceConfig.Read.All'.

## Prüfung

Keine fachliche Freigabe aus der Katalogerstellung ableiten.

- static: aktueller erfolgreicher Nachweis fehlt
- pester: aktueller erfolgreicher Nachweis fehlt
- windows: aktueller erfolgreicher Nachweis fehlt
- tenant: aktueller erfolgreicher Nachweis fehlt

## Voraussetzungen

- Module: Microsoft.Graph.Authentication, Microsoft.Graph (passende SDK-Untermodule)
- Dokumentierte Graph-Scopes: DeviceManagementServiceConfig.Read.All
- Hilfsdateien: Keine lokale Hilfsdatei erkannt.

## Verwendung

Noch kein geprüftes Aufrufbeispiel dokumentiert. Parameter mit `Get-Help './06_Monitoring_Reporting/53_Check-ConnectorStatus.ps1' -Full` lesen.

## Quelle

[PowerShell-Datei auf GitHub](https://github.com/Kaffeeundcode/Intune-Scripts/blob/main/06_Monitoring_Reporting/53_Check-ConnectorStatus.ps1)

Prüfungen gelten nur für den dokumentierten Quellstand und Testumfang.
","06_Monitoring_Reporting","06_Monitoring_Reporting/53_Check-ConnectorStatus.ps1","unreviewed","Ungeprüft","false","normal"
"get-stale-devices","Get-StaleDevices","# Get-StaleDevices

**Prüfstatus: Ungeprüft**

Identifiziert inaktive Geräte (Stale Devices).

<!-- library-status:start -->
    Prüfstatus: Ungeprüft
    Windows- und Tenant-Abnahme ausstehend; keine pauschale Produktionsfreigabe.

    <!-- library-status:end -->

    Findet Geräte, die sich seit X Tagen nicht gemeldet haben.
    Standard: 30 Tage.
    Erfordert die Berechtigung 'DeviceManagementManagedDevices.Read.All'.

## Prüfung

Keine fachliche Freigabe aus der Katalogerstellung ableiten.

- static: aktueller erfolgreicher Nachweis fehlt
- pester: aktueller erfolgreicher Nachweis fehlt
- windows: aktueller erfolgreicher Nachweis fehlt
- tenant: aktueller erfolgreicher Nachweis fehlt

## Voraussetzungen

- Module: Microsoft.Graph.Authentication, Microsoft.Graph (passende SDK-Untermodule)
- Dokumentierte Graph-Scopes: DeviceManagementManagedDevices.Read.All
- Hilfsdateien: Keine lokale Hilfsdatei erkannt.

## Verwendung

Noch kein geprüftes Aufrufbeispiel dokumentiert. Parameter mit `Get-Help './06_Monitoring_Reporting/54_Get-StaleDevices.ps1' -Full` lesen.

## Quelle

[PowerShell-Datei auf GitHub](https://github.com/Kaffeeundcode/Intune-Scripts/blob/main/06_Monitoring_Reporting/54_Get-StaleDevices.ps1)

Prüfungen gelten nur für den dokumentierten Quellstand und Testumfang.
","06_Monitoring_Reporting","06_Monitoring_Reporting/54_Get-StaleDevices.ps1","unreviewed","Ungeprüft","false","normal"
"get-managed-apps-report","Get-ManagedAppsReport","# Get-ManagedAppsReport

**Prüfstatus: Ungeprüft**

Bericht über verwaltete Apps.

<!-- library-status:start -->
    Prüfstatus: Ungeprüft
    Windows- und Tenant-Abnahme ausstehend; keine pauschale Produktionsfreigabe.

    <!-- library-status:end -->

    Listet alle Apps und deren Installationszahlen (grob) auf, sofern verfügbar.
    Erfordert die Berechtigung 'DeviceManagementApps.Read.All'.

## Prüfung

Keine fachliche Freigabe aus der Katalogerstellung ableiten.

- static: aktueller erfolgreicher Nachweis fehlt
- pester: aktueller erfolgreicher Nachweis fehlt
- windows: aktueller erfolgreicher Nachweis fehlt
- tenant: aktueller erfolgreicher Nachweis fehlt

## Voraussetzungen

- Module: Microsoft.Graph.Authentication, Microsoft.Graph (passende SDK-Untermodule)
- Dokumentierte Graph-Scopes: DeviceManagementApps.Read.All
- Hilfsdateien: Keine lokale Hilfsdatei erkannt.

## Verwendung

Noch kein geprüftes Aufrufbeispiel dokumentiert. Parameter mit `Get-Help './06_Monitoring_Reporting/55_Get-ManagedAppsReport.ps1' -Full` lesen.

## Quelle

[PowerShell-Datei auf GitHub](https://github.com/Kaffeeundcode/Intune-Scripts/blob/main/06_Monitoring_Reporting/55_Get-ManagedAppsReport.ps1)

Prüfungen gelten nur für den dokumentierten Quellstand und Testumfang.
","06_Monitoring_Reporting","06_Monitoring_Reporting/55_Get-ManagedAppsReport.ps1","unreviewed","Ungeprüft","false","normal"
"get-device-encryption-status","Get-DeviceEncryptionStatus","# Get-DeviceEncryptionStatus

**Prüfstatus: Ungeprüft**

Prüft Verschlüsselungsstatus aller Geräte.

<!-- library-status:start -->
    Prüfstatus: Ungeprüft
    Windows- und Tenant-Abnahme ausstehend; keine pauschale Produktionsfreigabe.

    <!-- library-status:end -->

    Listet Geräte auf, die nicht verschlüsselt sind.
    Erfordert die Berechtigung 'DeviceManagementManagedDevices.Read.All'.

## Prüfung

Keine fachliche Freigabe aus der Katalogerstellung ableiten.

- static: aktueller erfolgreicher Nachweis fehlt
- pester: aktueller erfolgreicher Nachweis fehlt
- windows: aktueller erfolgreicher Nachweis fehlt
- tenant: aktueller erfolgreicher Nachweis fehlt

## Voraussetzungen

- Module: Microsoft.Graph.Authentication, Microsoft.Graph (passende SDK-Untermodule)
- Dokumentierte Graph-Scopes: DeviceManagementManagedDevices.Read.All
- Hilfsdateien: Keine lokale Hilfsdatei erkannt.

## Verwendung

Noch kein geprüftes Aufrufbeispiel dokumentiert. Parameter mit `Get-Help './06_Monitoring_Reporting/56_Get-DeviceEncryptionStatus.ps1' -Full` lesen.

## Quelle

[PowerShell-Datei auf GitHub](https://github.com/Kaffeeundcode/Intune-Scripts/blob/main/06_Monitoring_Reporting/56_Get-DeviceEncryptionStatus.ps1)

Prüfungen gelten nur für den dokumentierten Quellstand und Testumfang.
","06_Monitoring_Reporting","06_Monitoring_Reporting/56_Get-DeviceEncryptionStatus.ps1","unreviewed","Ungeprüft","false","normal"
"get-user-login-history","Get-UserLoginHistory","# Get-UserLoginHistory

**Prüfstatus: Ungeprüft**

Ruft Anmeldehistorie (Sign-Ins) ab (Azure AD).

<!-- library-status:start -->
    Prüfstatus: Ungeprüft
    Windows- und Tenant-Abnahme ausstehend; keine pauschale Produktionsfreigabe.

    <!-- library-status:end -->

    Zeigt letzte Anmeldungen an. Achtung: Benötigt hohe Rechte!
    Erfordert die Berechtigung 'AuditLog.Read.All'.

## Prüfung

Keine fachliche Freigabe aus der Katalogerstellung ableiten.

- static: aktueller erfolgreicher Nachweis fehlt
- pester: aktueller erfolgreicher Nachweis fehlt
- windows: aktueller erfolgreicher Nachweis fehlt
- tenant: aktueller erfolgreicher Nachweis fehlt

## Voraussetzungen

- Module: Microsoft.Graph.Authentication, Microsoft.Graph (passende SDK-Untermodule)
- Dokumentierte Graph-Scopes: AuditLog.Read.All
- Hilfsdateien: Keine lokale Hilfsdatei erkannt.

## Verwendung

Noch kein geprüftes Aufrufbeispiel dokumentiert. Parameter mit `Get-Help './06_Monitoring_Reporting/57_Get-UserLoginHistory.ps1' -Full` lesen.

## Quelle

[PowerShell-Datei auf GitHub](https://github.com/Kaffeeundcode/Intune-Scripts/blob/main/06_Monitoring_Reporting/57_Get-UserLoginHistory.ps1)

Prüfungen gelten nur für den dokumentierten Quellstand und Testumfang.
","06_Monitoring_Reporting","06_Monitoring_Reporting/57_Get-UserLoginHistory.ps1","unreviewed","Ungeprüft","false","normal"
"export-report-to-html","Export-ReportToHtml","# Export-ReportToHtml

**Prüfstatus: Ungeprüft**

Exportiert einen Gerätestatus-Bericht als HTML.

<!-- library-status:start -->
    Prüfstatus: Ungeprüft
    Windows- und Tenant-Abnahme ausstehend; keine pauschale Produktionsfreigabe.

    <!-- library-status:end -->

    Erstellt eine einfache HTML-Datei mit einer Tabelle aller Geräte und deren Status.
    Erfordert die Berechtigung 'DeviceManagementManagedDevices.Read.All'.

## Prüfung

Keine fachliche Freigabe aus der Katalogerstellung ableiten.

- static: aktueller erfolgreicher Nachweis fehlt
- pester: aktueller erfolgreicher Nachweis fehlt
- windows: aktueller erfolgreicher Nachweis fehlt
- tenant: aktueller erfolgreicher Nachweis fehlt

## Voraussetzungen

- Module: Microsoft.Graph.Authentication, Microsoft.Graph (passende SDK-Untermodule)
- Dokumentierte Graph-Scopes: DeviceManagementManagedDevices.Read.All
- Hilfsdateien: Keine lokale Hilfsdatei erkannt.

## Verwendung

Noch kein geprüftes Aufrufbeispiel dokumentiert. Parameter mit `Get-Help './06_Monitoring_Reporting/58_Export-ReportToHtml.ps1' -Full` lesen.

## Quelle

[PowerShell-Datei auf GitHub](https://github.com/Kaffeeundcode/Intune-Scripts/blob/main/06_Monitoring_Reporting/58_Export-ReportToHtml.ps1)

Prüfungen gelten nur für den dokumentierten Quellstand und Testumfang.
","06_Monitoring_Reporting","06_Monitoring_Reporting/58_Export-ReportToHtml.ps1","unreviewed","Ungeprüft","false","normal"
"get-device-model-summary","Get-DeviceModelSummary","# Get-DeviceModelSummary

**Prüfstatus: Ungeprüft**

Zusammenfassung der Gerätemodelle.

<!-- library-status:start -->
    Prüfstatus: Ungeprüft
    Windows- und Tenant-Abnahme ausstehend; keine pauschale Produktionsfreigabe.

    <!-- library-status:end -->

    Gruppiert Geräte nach Modell und Hersteller.
    Erfordert die Berechtigung 'DeviceManagementManagedDevices.Read.All'.

## Prüfung

Keine fachliche Freigabe aus der Katalogerstellung ableiten.

- static: aktueller erfolgreicher Nachweis fehlt
- pester: aktueller erfolgreicher Nachweis fehlt
- windows: aktueller erfolgreicher Nachweis fehlt
- tenant: aktueller erfolgreicher Nachweis fehlt

## Voraussetzungen

- Module: Microsoft.Graph.Authentication, Microsoft.Graph (passende SDK-Untermodule)
- Dokumentierte Graph-Scopes: DeviceManagementManagedDevices.Read.All
- Hilfsdateien: Keine lokale Hilfsdatei erkannt.

## Verwendung

Noch kein geprüftes Aufrufbeispiel dokumentiert. Parameter mit `Get-Help './06_Monitoring_Reporting/59_Get-DeviceModelSummary.ps1' -Full` lesen.

## Quelle

[PowerShell-Datei auf GitHub](https://github.com/Kaffeeundcode/Intune-Scripts/blob/main/06_Monitoring_Reporting/59_Get-DeviceModelSummary.ps1)

Prüfungen gelten nur für den dokumentierten Quellstand und Testumfang.
","06_Monitoring_Reporting","06_Monitoring_Reporting/59_Get-DeviceModelSummary.ps1","unreviewed","Ungeprüft","false","normal"
"send-teams-notification","Send-TeamsNotification","# Send-TeamsNotification

**Prüfstatus: Ungeprüft**

Sendet eine Teams-Benachrichtigung (via Webhook).

<!-- library-status:start -->
    Prüfstatus: Ungeprüft
    Windows- und Tenant-Abnahme ausstehend; keine pauschale Produktionsfreigabe.

    <!-- library-status:end -->

    Sendet JSON Payload an einen Incoming Webhook. Nützlich für Alerts aus Skripten.

## Prüfung

Keine fachliche Freigabe aus der Katalogerstellung ableiten.

- static: aktueller erfolgreicher Nachweis fehlt
- pester: aktueller erfolgreicher Nachweis fehlt
- windows: aktueller erfolgreicher Nachweis fehlt
- tenant: aktueller erfolgreicher Nachweis fehlt

## Voraussetzungen

- Module: Skript prüfen; keine Cloud-Module erkannt.
- Dokumentierte Graph-Scopes: Nicht angegeben; vor Tenant-Nutzung prüfen.
- Hilfsdateien: Keine lokale Hilfsdatei erkannt.

## Verwendung

Noch kein geprüftes Aufrufbeispiel dokumentiert. Parameter mit `Get-Help './06_Monitoring_Reporting/60_Send-TeamsNotification.ps1' -Full` lesen.

## Quelle

[PowerShell-Datei auf GitHub](https://github.com/Kaffeeundcode/Intune-Scripts/blob/main/06_Monitoring_Reporting/60_Send-TeamsNotification.ps1)

Prüfungen gelten nur für den dokumentierten Quellstand und Testumfang.
","06_Monitoring_Reporting","06_Monitoring_Reporting/60_Send-TeamsNotification.ps1","unreviewed","Ungeprüft","false","normal"
"get-bit-locker-keys","Get-BitLockerKeys","# Get-BitLockerKeys

**Prüfstatus: Ungeprüft**

Ruft den BitLocker Recovery Key für ein Gerät ab.

<!-- library-status:start -->
    Prüfstatus: Ungeprüft
    Windows- und Tenant-Abnahme ausstehend; keine pauschale Produktionsfreigabe.

    <!-- library-status:end -->

    Liest den 48-stelligen Wiederherstellungsschlüssel aus Azure AD / Intune.
    Erfordert die Berechtigung 'BitlockerKey.Read.All'.

## Prüfung

Keine fachliche Freigabe aus der Katalogerstellung ableiten.

- static: aktueller erfolgreicher Nachweis fehlt
- pester: aktueller erfolgreicher Nachweis fehlt
- windows: aktueller erfolgreicher Nachweis fehlt
- tenant: aktueller erfolgreicher Nachweis fehlt

## Voraussetzungen

- Module: Microsoft.Graph.Authentication, Microsoft.Graph (passende SDK-Untermodule)
- Dokumentierte Graph-Scopes: BitlockerKey.Read.All, DeviceManagementManagedDevices.Read.All
- Hilfsdateien: Keine lokale Hilfsdatei erkannt.

## Verwendung

Noch kein geprüftes Aufrufbeispiel dokumentiert. Parameter mit `Get-Help './07_Security_BitLocker/61_Get-BitLockerKeys.ps1' -Full` lesen.

## Quelle

[PowerShell-Datei auf GitHub](https://github.com/Kaffeeundcode/Intune-Scripts/blob/main/07_Security_BitLocker/61_Get-BitLockerKeys.ps1)

Prüfungen gelten nur für den dokumentierten Quellstand und Testumfang.
","07_Security_BitLocker","07_Security_BitLocker/61_Get-BitLockerKeys.ps1","unreviewed","Ungeprüft","false","normal"
"rotate-bit-locker-keys","Rotate-BitLockerKeys","# Rotate-BitLockerKeys

**Prüfstatus: Ungeprüft**

Triggered eine Rotation des BitLocker-Schlüssels.

<!-- library-status:start -->
    Prüfstatus: Ungeprüft
    Windows- und Tenant-Abnahme ausstehend; keine pauschale Produktionsfreigabe.

    <!-- library-status:end -->

    Fordert das Gerät auf, einen neuen Recovery Key zu generieren und hochzuladen.
    Erfordert die Berechtigung 'DeviceManagementManagedDevices.ReadWrite.All'.

## Prüfung

Keine fachliche Freigabe aus der Katalogerstellung ableiten.

- static: aktueller erfolgreicher Nachweis fehlt
- pester: aktueller erfolgreicher Nachweis fehlt
- windows: aktueller erfolgreicher Nachweis fehlt
- tenant: aktueller erfolgreicher Nachweis fehlt

## Voraussetzungen

- Module: Microsoft.Graph.Authentication, Microsoft.Graph (passende SDK-Untermodule)
- Dokumentierte Graph-Scopes: DeviceManagementManagedDevices.ReadWrite.All
- Hilfsdateien: Keine lokale Hilfsdatei erkannt.

## Verwendung

Noch kein geprüftes Aufrufbeispiel dokumentiert. Parameter mit `Get-Help './07_Security_BitLocker/62_Rotate-BitLockerKeys.ps1' -Full` lesen.

## Quelle

[PowerShell-Datei auf GitHub](https://github.com/Kaffeeundcode/Intune-Scripts/blob/main/07_Security_BitLocker/62_Rotate-BitLockerKeys.ps1)

Prüfungen gelten nur für den dokumentierten Quellstand und Testumfang.
","07_Security_BitLocker","07_Security_BitLocker/62_Rotate-BitLockerKeys.ps1","unreviewed","Ungeprüft","false","normal"
"get-defender-status","Get-DefenderStatus","# Get-DefenderStatus

**Prüfstatus: Ungeprüft**

Prüft den Defender-Status.

<!-- library-status:start -->
    Prüfstatus: Ungeprüft
    Windows- und Tenant-Abnahme ausstehend; keine pauschale Produktionsfreigabe.

    <!-- library-status:end -->

    Liest aus, ob der Echtzeitschutz aktiv ist und wann der letzte Scan war.
    Erfordert die Berechtigung 'DeviceManagementManagedDevices.Read.All'.

## Prüfung

Keine fachliche Freigabe aus der Katalogerstellung ableiten.

- static: aktueller erfolgreicher Nachweis fehlt
- pester: aktueller erfolgreicher Nachweis fehlt
- windows: aktueller erfolgreicher Nachweis fehlt
- tenant: aktueller erfolgreicher Nachweis fehlt

## Voraussetzungen

- Module: Microsoft.Graph.Authentication, Microsoft.Graph (passende SDK-Untermodule)
- Dokumentierte Graph-Scopes: DeviceManagementManagedDevices.Read.All
- Hilfsdateien: Keine lokale Hilfsdatei erkannt.

## Verwendung

Noch kein geprüftes Aufrufbeispiel dokumentiert. Parameter mit `Get-Help './07_Security_BitLocker/63_Get-DefenderStatus.ps1' -Full` lesen.

## Quelle

[PowerShell-Datei auf GitHub](https://github.com/Kaffeeundcode/Intune-Scripts/blob/main/07_Security_BitLocker/63_Get-DefenderStatus.ps1)

Prüfungen gelten nur für den dokumentierten Quellstand und Testumfang.
","07_Security_BitLocker","07_Security_BitLocker/63_Get-DefenderStatus.ps1","unreviewed","Ungeprüft","false","normal"
"update-defender-signatures","Update-DefenderSignatures","# Update-DefenderSignatures

**Prüfstatus: Ungeprüft**

Aktualisiert Defender-Signaturen (Remote Action).

<!-- library-status:start -->
    Prüfstatus: Ungeprüft
    Windows- und Tenant-Abnahme ausstehend; keine pauschale Produktionsfreigabe.

    <!-- library-status:end -->

    Sendet den Befehl zum Signatur-Update an das Gerät.
    Erfordert die Berechtigung 'DeviceManagementManagedDevices.ReadWrite.All'.

## Prüfung

Keine fachliche Freigabe aus der Katalogerstellung ableiten.

- static: aktueller erfolgreicher Nachweis fehlt
- pester: aktueller erfolgreicher Nachweis fehlt
- windows: aktueller erfolgreicher Nachweis fehlt
- tenant: aktueller erfolgreicher Nachweis fehlt

## Voraussetzungen

- Module: Microsoft.Graph.Authentication, Microsoft.Graph (passende SDK-Untermodule)
- Dokumentierte Graph-Scopes: DeviceManagementManagedDevices.ReadWrite.All
- Hilfsdateien: Keine lokale Hilfsdatei erkannt.

## Verwendung

Noch kein geprüftes Aufrufbeispiel dokumentiert. Parameter mit `Get-Help './07_Security_BitLocker/64_Update-DefenderSignatures.ps1' -Full` lesen.

## Quelle

[PowerShell-Datei auf GitHub](https://github.com/Kaffeeundcode/Intune-Scripts/blob/main/07_Security_BitLocker/64_Update-DefenderSignatures.ps1)

Prüfungen gelten nur für den dokumentierten Quellstand und Testumfang.
","07_Security_BitLocker","07_Security_BitLocker/64_Update-DefenderSignatures.ps1","unreviewed","Ungeprüft","false","normal"
"quick-scan-defender","QuickScan-Defender","# QuickScan-Defender

**Prüfstatus: Ungeprüft**

Startet einen Defender Quick Scan.

<!-- library-status:start -->
    Prüfstatus: Ungeprüft
    Windows- und Tenant-Abnahme ausstehend; keine pauschale Produktionsfreigabe.

    <!-- library-status:end -->

    Remote Action für einen schnellen Virenscan.
    Erfordert die Berechtigung 'DeviceManagementManagedDevices.ReadWrite.All'.

## Prüfung

Keine fachliche Freigabe aus der Katalogerstellung ableiten.

- static: aktueller erfolgreicher Nachweis fehlt
- pester: aktueller erfolgreicher Nachweis fehlt
- windows: aktueller erfolgreicher Nachweis fehlt
- tenant: aktueller erfolgreicher Nachweis fehlt

## Voraussetzungen

- Module: Microsoft.Graph.Authentication, Microsoft.Graph (passende SDK-Untermodule)
- Dokumentierte Graph-Scopes: DeviceManagementManagedDevices.ReadWrite.All
- Hilfsdateien: Keine lokale Hilfsdatei erkannt.

## Verwendung

Noch kein geprüftes Aufrufbeispiel dokumentiert. Parameter mit `Get-Help './07_Security_BitLocker/65_QuickScan-Defender.ps1' -Full` lesen.

## Quelle

[PowerShell-Datei auf GitHub](https://github.com/Kaffeeundcode/Intune-Scripts/blob/main/07_Security_BitLocker/65_QuickScan-Defender.ps1)

Prüfungen gelten nur für den dokumentierten Quellstand und Testumfang.
","07_Security_BitLocker","07_Security_BitLocker/65_QuickScan-Defender.ps1","unreviewed","Ungeprüft","false","normal"
"full-scan-defender","FullScan-Defender","# FullScan-Defender

**Prüfstatus: Ungeprüft**

Startet einen Defender Full Scan.

<!-- library-status:start -->
    Prüfstatus: Ungeprüft
    Windows- und Tenant-Abnahme ausstehend; keine pauschale Produktionsfreigabe.

    <!-- library-status:end -->

    Remote Action für einen vollständigen Systemscan.
    Erfordert die Berechtigung 'DeviceManagementManagedDevices.ReadWrite.All'.

## Prüfung

Keine fachliche Freigabe aus der Katalogerstellung ableiten.

- static: aktueller erfolgreicher Nachweis fehlt
- pester: aktueller erfolgreicher Nachweis fehlt
- windows: aktueller erfolgreicher Nachweis fehlt
- tenant: aktueller erfolgreicher Nachweis fehlt

## Voraussetzungen

- Module: Microsoft.Graph.Authentication, Microsoft.Graph (passende SDK-Untermodule)
- Dokumentierte Graph-Scopes: DeviceManagementManagedDevices.ReadWrite.All
- Hilfsdateien: Keine lokale Hilfsdatei erkannt.

## Verwendung

Noch kein geprüftes Aufrufbeispiel dokumentiert. Parameter mit `Get-Help './07_Security_BitLocker/66_FullScan-Defender.ps1' -Full` lesen.

## Quelle

[PowerShell-Datei auf GitHub](https://github.com/Kaffeeundcode/Intune-Scripts/blob/main/07_Security_BitLocker/66_FullScan-Defender.ps1)

Prüfungen gelten nur für den dokumentierten Quellstand und Testumfang.
","07_Security_BitLocker","07_Security_BitLocker/66_FullScan-Defender.ps1","unreviewed","Ungeprüft","false","normal"
"get-security-baselines","Get-SecurityBaselines","# Get-SecurityBaselines

**Prüfstatus: Ungeprüft**

Listet Security Baselines auf.

<!-- library-status:start -->
    Prüfstatus: Ungeprüft
    Windows- und Tenant-Abnahme ausstehend; keine pauschale Produktionsfreigabe.

    <!-- library-status:end -->

    Zeigt verfügbare MDM Security Baselines im Tenant.
    Erfordert die Berechtigung 'DeviceManagementConfiguration.Read.All'.

## Prüfung

Keine fachliche Freigabe aus der Katalogerstellung ableiten.

- static: aktueller erfolgreicher Nachweis fehlt
- pester: aktueller erfolgreicher Nachweis fehlt
- windows: aktueller erfolgreicher Nachweis fehlt
- tenant: aktueller erfolgreicher Nachweis fehlt

## Voraussetzungen

- Module: Microsoft.Graph.Authentication, Microsoft.Graph (passende SDK-Untermodule)
- Dokumentierte Graph-Scopes: DeviceManagementConfiguration.Read.All
- Hilfsdateien: Keine lokale Hilfsdatei erkannt.

## Verwendung

Noch kein geprüftes Aufrufbeispiel dokumentiert. Parameter mit `Get-Help './07_Security_BitLocker/67_Get-SecurityBaselines.ps1' -Full` lesen.

## Quelle

[PowerShell-Datei auf GitHub](https://github.com/Kaffeeundcode/Intune-Scripts/blob/main/07_Security_BitLocker/67_Get-SecurityBaselines.ps1)

Prüfungen gelten nur für den dokumentierten Quellstand und Testumfang.
","07_Security_BitLocker","07_Security_BitLocker/67_Get-SecurityBaselines.ps1","unreviewed","Ungeprüft","false","normal"
"assign-security-baseline","Assign-SecurityBaseline","# Assign-SecurityBaseline

**Prüfstatus: Beispiel**

Weist eine Security Baseline zu.

<!-- library-status:start -->
    Prüfstatus: Beispiel
    Enthaelt Beispiel-/Platzhalterlogik; kein abgeschlossener Betriebsablauf.

    <!-- library-status:end -->

    Weist eine Baseline-Instanz einer Gruppe zu.
    Erfordert die Berechtigung 'DeviceManagementConfiguration.ReadWrite.All'.

## Prüfung

- Enthaelt Beispiel-/Platzhalterlogik; kein abgeschlossener Betriebsablauf.

- static: aktueller erfolgreicher Nachweis fehlt
- pester: aktueller erfolgreicher Nachweis fehlt
- windows: aktueller erfolgreicher Nachweis fehlt
- tenant: aktueller erfolgreicher Nachweis fehlt

## Voraussetzungen

- Module: Skript prüfen; keine Cloud-Module erkannt.
- Dokumentierte Graph-Scopes: DeviceManagementConfiguration.ReadWrite.All
- Hilfsdateien: Keine lokale Hilfsdatei erkannt.

## Verwendung

Noch kein geprüftes Aufrufbeispiel dokumentiert. Parameter mit `Get-Help './07_Security_BitLocker/68_Assign-SecurityBaseline.ps1' -Full` lesen.

## Quelle

[PowerShell-Datei auf GitHub](https://github.com/Kaffeeundcode/Intune-Scripts/blob/main/07_Security_BitLocker/68_Assign-SecurityBaseline.ps1)

Prüfungen gelten nur für den dokumentierten Quellstand und Testumfang.
","07_Security_BitLocker","07_Security_BitLocker/68_Assign-SecurityBaseline.ps1","example","Beispiel","false","normal"
"get-tpm-status","Get-TpmStatus","# Get-TpmStatus

**Prüfstatus: Ungeprüft**

Prüft TPM Informationen (über Hardware-Inventar).

<!-- library-status:start -->
    Prüfstatus: Ungeprüft
    Windows- und Tenant-Abnahme ausstehend; keine pauschale Produktionsfreigabe.

    <!-- library-status:end -->

    Versucht, TPM-Version und Status aus den Hardwareinformationen zu lesen.
    Erfordert die Berechtigung 'DeviceManagementManagedDevices.Read.All'.

## Prüfung

Keine fachliche Freigabe aus der Katalogerstellung ableiten.

- static: aktueller erfolgreicher Nachweis fehlt
- pester: aktueller erfolgreicher Nachweis fehlt
- windows: aktueller erfolgreicher Nachweis fehlt
- tenant: aktueller erfolgreicher Nachweis fehlt

## Voraussetzungen

- Module: Microsoft.Graph.Authentication, Microsoft.Graph (passende SDK-Untermodule)
- Dokumentierte Graph-Scopes: DeviceManagementManagedDevices.Read.All
- Hilfsdateien: Keine lokale Hilfsdatei erkannt.

## Verwendung

Noch kein geprüftes Aufrufbeispiel dokumentiert. Parameter mit `Get-Help './07_Security_BitLocker/69_Get-TpmStatus.ps1' -Full` lesen.

## Quelle

[PowerShell-Datei auf GitHub](https://github.com/Kaffeeundcode/Intune-Scripts/blob/main/07_Security_BitLocker/69_Get-TpmStatus.ps1)

Prüfungen gelten nur für den dokumentierten Quellstand und Testumfang.
","07_Security_BitLocker","07_Security_BitLocker/69_Get-TpmStatus.ps1","unreviewed","Ungeprüft","false","normal"
"check-device-security-score","Check-DeviceSecurityScore","# Check-DeviceSecurityScore

**Prüfstatus: Beispiel**

Zeigt Sicherheitsbewertung (Mockup).

<!-- library-status:start -->
    Prüfstatus: Beispiel
    Enthaelt Beispiel-/Platzhalterlogik; kein abgeschlossener Betriebsablauf.

    <!-- library-status:end -->

    Liest Security-Properties. (Hinweis: Echte Secure Score API ist separat).
    Erfordert die Berechtigung 'DeviceManagementManagedDevices.Read.All'.

## Prüfung

- Enthaelt Beispiel-/Platzhalterlogik; kein abgeschlossener Betriebsablauf.

- static: aktueller erfolgreicher Nachweis fehlt
- pester: aktueller erfolgreicher Nachweis fehlt
- windows: aktueller erfolgreicher Nachweis fehlt
- tenant: aktueller erfolgreicher Nachweis fehlt

## Voraussetzungen

- Module: Skript prüfen; keine Cloud-Module erkannt.
- Dokumentierte Graph-Scopes: DeviceManagementManagedDevices.Read.All
- Hilfsdateien: Keine lokale Hilfsdatei erkannt.

## Verwendung

Noch kein geprüftes Aufrufbeispiel dokumentiert. Parameter mit `Get-Help './07_Security_BitLocker/70_Check-DeviceSecurityScore.ps1' -Full` lesen.

## Quelle

[PowerShell-Datei auf GitHub](https://github.com/Kaffeeundcode/Intune-Scripts/blob/main/07_Security_BitLocker/70_Check-DeviceSecurityScore.ps1)

Prüfungen gelten nur für den dokumentierten Quellstand und Testumfang.
","07_Security_BitLocker","07_Security_BitLocker/70_Check-DeviceSecurityScore.ps1","example","Beispiel","false","normal"
"collect-diagnostics","Collect-Diagnostics","# Collect-Diagnostics

**Prüfstatus: Ungeprüft**

Sammelt Diagnoseprotokolle (Collect Diagnostics).

<!-- library-status:start -->
    Prüfstatus: Ungeprüft
    Windows- und Tenant-Abnahme ausstehend; keine pauschale Produktionsfreigabe.

    <!-- library-status:end -->

    Remote Action: Fordert das Gerät auf, Logs hochzuladen.
    Erfordert die Berechtigung 'DeviceManagementManagedDevices.ReadWrite.All'.

## Prüfung

Keine fachliche Freigabe aus der Katalogerstellung ableiten.

- static: aktueller erfolgreicher Nachweis fehlt
- pester: aktueller erfolgreicher Nachweis fehlt
- windows: aktueller erfolgreicher Nachweis fehlt
- tenant: aktueller erfolgreicher Nachweis fehlt

## Voraussetzungen

- Module: Microsoft.Graph.Authentication, Microsoft.Graph (passende SDK-Untermodule)
- Dokumentierte Graph-Scopes: DeviceManagementManagedDevices.ReadWrite.All
- Hilfsdateien: Keine lokale Hilfsdatei erkannt.

## Verwendung

Noch kein geprüftes Aufrufbeispiel dokumentiert. Parameter mit `Get-Help './08_Troubleshooting_Cleanup/71_Collect-Diagnostics.ps1' -Full` lesen.

## Quelle

[PowerShell-Datei auf GitHub](https://github.com/Kaffeeundcode/Intune-Scripts/blob/main/08_Troubleshooting_Cleanup/71_Collect-Diagnostics.ps1)

Prüfungen gelten nur für den dokumentierten Quellstand und Testumfang.
","08_Troubleshooting_Cleanup","08_Troubleshooting_Cleanup/71_Collect-Diagnostics.ps1","unreviewed","Ungeprüft","false","normal"
"get-device-diagnostics-download-url","Get-DeviceDiagnosticsDownloadUrl","# Get-DeviceDiagnosticsDownloadUrl

**Prüfstatus: Ungeprüft**

Holt Download-URL für Diagnoseprotokolle.

<!-- library-status:start -->
    Prüfstatus: Ungeprüft
    Windows- und Tenant-Abnahme ausstehend; keine pauschale Produktionsfreigabe.

    <!-- library-status:end -->

    Wenn 'Collect Diagnostics' fertig ist, kann hier die URL abgerufen werden.
    Erfordert die Berechtigung 'DeviceManagementManagedDevices.Read.All'.

## Prüfung

Keine fachliche Freigabe aus der Katalogerstellung ableiten.

- static: aktueller erfolgreicher Nachweis fehlt
- pester: aktueller erfolgreicher Nachweis fehlt
- windows: aktueller erfolgreicher Nachweis fehlt
- tenant: aktueller erfolgreicher Nachweis fehlt

## Voraussetzungen

- Module: Skript prüfen; keine Cloud-Module erkannt.
- Dokumentierte Graph-Scopes: DeviceManagementManagedDevices.Read.All
- Hilfsdateien: Keine lokale Hilfsdatei erkannt.

## Verwendung

Noch kein geprüftes Aufrufbeispiel dokumentiert. Parameter mit `Get-Help './08_Troubleshooting_Cleanup/72_Get-DeviceDiagnosticsDownloadUrl.ps1' -Full` lesen.

## Quelle

[PowerShell-Datei auf GitHub](https://github.com/Kaffeeundcode/Intune-Scripts/blob/main/08_Troubleshooting_Cleanup/72_Get-DeviceDiagnosticsDownloadUrl.ps1)

Prüfungen gelten nur für den dokumentierten Quellstand und Testumfang.
","08_Troubleshooting_Cleanup","08_Troubleshooting_Cleanup/72_Get-DeviceDiagnosticsDownloadUrl.ps1","unreviewed","Ungeprüft","false","normal"
"remote-lock-device","RemoteLock-Device","# RemoteLock-Device

**Prüfstatus: Ungeprüft**

Sperrt ein Gerät remote.

<!-- library-status:start -->
    Prüfstatus: Ungeprüft
    Windows- und Tenant-Abnahme ausstehend; keine pauschale Produktionsfreigabe.

    <!-- library-status:end -->

    Sendet 'Remote Lock' Befehl.
    Erfordert die Berechtigung 'DeviceManagementManagedDevices.ReadWrite.All'.

## Prüfung

Keine fachliche Freigabe aus der Katalogerstellung ableiten.

- static: aktueller erfolgreicher Nachweis fehlt
- pester: aktueller erfolgreicher Nachweis fehlt
- windows: aktueller erfolgreicher Nachweis fehlt
- tenant: aktueller erfolgreicher Nachweis fehlt

## Voraussetzungen

- Module: Microsoft.Graph.Authentication, Microsoft.Graph (passende SDK-Untermodule)
- Dokumentierte Graph-Scopes: DeviceManagementManagedDevices.ReadWrite.All
- Hilfsdateien: Keine lokale Hilfsdatei erkannt.

## Verwendung

Noch kein geprüftes Aufrufbeispiel dokumentiert. Parameter mit `Get-Help './08_Troubleshooting_Cleanup/73_RemoteLock-Device.ps1' -Full` lesen.

## Quelle

[PowerShell-Datei auf GitHub](https://github.com/Kaffeeundcode/Intune-Scripts/blob/main/08_Troubleshooting_Cleanup/73_RemoteLock-Device.ps1)

Prüfungen gelten nur für den dokumentierten Quellstand und Testumfang.
","08_Troubleshooting_Cleanup","08_Troubleshooting_Cleanup/73_RemoteLock-Device.ps1","unreviewed","Ungeprüft","false","normal"
"reset-device-passcode","Reset-DevicePasscode","# Reset-DevicePasscode

**Prüfstatus: Ungeprüft**

Entfernt/Setzt den Passcode zurück (iOS/Android).

<!-- library-status:start -->
    Prüfstatus: Ungeprüft
    Windows- und Tenant-Abnahme ausstehend; keine pauschale Produktionsfreigabe.

    <!-- library-status:end -->

    Löscht den Geräte-Passcode (nicht User-Passwort!), damit User wieder Zugriff haben.
    Erfordert die Berechtigung 'DeviceManagementManagedDevices.ReadWrite.All'.

## Prüfung

Keine fachliche Freigabe aus der Katalogerstellung ableiten.

- static: aktueller erfolgreicher Nachweis fehlt
- pester: aktueller erfolgreicher Nachweis fehlt
- windows: aktueller erfolgreicher Nachweis fehlt
- tenant: aktueller erfolgreicher Nachweis fehlt

## Voraussetzungen

- Module: Microsoft.Graph.Authentication, Microsoft.Graph (passende SDK-Untermodule)
- Dokumentierte Graph-Scopes: DeviceManagementManagedDevices.ReadWrite.All
- Hilfsdateien: Keine lokale Hilfsdatei erkannt.

## Verwendung

Noch kein geprüftes Aufrufbeispiel dokumentiert. Parameter mit `Get-Help './08_Troubleshooting_Cleanup/74_Reset-DevicePasscode.ps1' -Full` lesen.

## Quelle

[PowerShell-Datei auf GitHub](https://github.com/Kaffeeundcode/Intune-Scripts/blob/main/08_Troubleshooting_Cleanup/74_Reset-DevicePasscode.ps1)

Prüfungen gelten nur für den dokumentierten Quellstand und Testumfang.
","08_Troubleshooting_Cleanup","08_Troubleshooting_Cleanup/74_Reset-DevicePasscode.ps1","unreviewed","Ungeprüft","false","normal"
"clean-stale-devices","Clean-StaleDevices","# Clean-StaleDevices

**Prüfstatus: Ungeprüft**

Bereinigt inaktive Geräte (Löschen).

<!-- library-status:start -->
    Prüfstatus: Ungeprüft
    Windows- und Tenant-Abnahme ausstehend; keine pauschale Produktionsfreigabe.

    <!-- library-status:end -->

    Löscht Geräte, die länger als X Tage inaktiv waren.
    WARNUNG: Destruktive Aktion!
    Erfordert die Berechtigung 'DeviceManagementManagedDevices.ReadWrite.All'.

## Prüfung

Keine fachliche Freigabe aus der Katalogerstellung ableiten.

- static: aktueller erfolgreicher Nachweis fehlt
- pester: aktueller erfolgreicher Nachweis fehlt
- windows: aktueller erfolgreicher Nachweis fehlt
- tenant: aktueller erfolgreicher Nachweis fehlt

## Voraussetzungen

- Module: Microsoft.Graph.Authentication, Microsoft.Graph (passende SDK-Untermodule)
- Dokumentierte Graph-Scopes: DeviceManagementManagedDevices.ReadWrite.All
- Hilfsdateien: Keine lokale Hilfsdatei erkannt.

## Verwendung

Noch kein geprüftes Aufrufbeispiel dokumentiert. Parameter mit `Get-Help './08_Troubleshooting_Cleanup/75_Clean-StaleDevices.ps1' -Full` lesen.

## Quelle

[PowerShell-Datei auf GitHub](https://github.com/Kaffeeundcode/Intune-Scripts/blob/main/08_Troubleshooting_Cleanup/75_Clean-StaleDevices.ps1)

Prüfungen gelten nur für den dokumentierten Quellstand und Testumfang.
","08_Troubleshooting_Cleanup","08_Troubleshooting_Cleanup/75_Clean-StaleDevices.ps1","unreviewed","Ungeprüft","false","elevated"
"sync-all-devices","Sync-AllDevices","# Sync-AllDevices

**Prüfstatus: Ungeprüft**

Synchronisiert ALLE Geräte (Massenaktion).

<!-- library-status:start -->
    Prüfstatus: Ungeprüft
    Windows- und Tenant-Abnahme ausstehend; keine pauschale Produktionsfreigabe.

    <!-- library-status:end -->

    Sendet Sync-Befehl an jedes verwaltete Gerät. Vorsicht bei großen Umgebungen (Throttling)!
    Erfordert die Berechtigung 'DeviceManagementManagedDevices.ReadWrite.All'.

## Prüfung

Keine fachliche Freigabe aus der Katalogerstellung ableiten.

- static: aktueller erfolgreicher Nachweis fehlt
- pester: aktueller erfolgreicher Nachweis fehlt
- windows: aktueller erfolgreicher Nachweis fehlt
- tenant: aktueller erfolgreicher Nachweis fehlt

## Voraussetzungen

- Module: Microsoft.Graph.Authentication, Microsoft.Graph (passende SDK-Untermodule)
- Dokumentierte Graph-Scopes: DeviceManagementManagedDevices.ReadWrite.All
- Hilfsdateien: Keine lokale Hilfsdatei erkannt.

## Verwendung

Noch kein geprüftes Aufrufbeispiel dokumentiert. Parameter mit `Get-Help './08_Troubleshooting_Cleanup/76_Sync-AllDevices.ps1' -Full` lesen.

## Quelle

[PowerShell-Datei auf GitHub](https://github.com/Kaffeeundcode/Intune-Scripts/blob/main/08_Troubleshooting_Cleanup/76_Sync-AllDevices.ps1)

Prüfungen gelten nur für den dokumentierten Quellstand und Testumfang.
","08_Troubleshooting_Cleanup","08_Troubleshooting_Cleanup/76_Sync-AllDevices.ps1","unreviewed","Ungeprüft","false","normal"
"restart-all-devices","Restart-AllDevices","# Restart-AllDevices

**Prüfstatus: Ungeprüft**

Startet ALLE Geräte neu (Gefährlich!).

<!-- library-status:start -->
    Prüfstatus: Ungeprüft
    Windows- und Tenant-Abnahme ausstehend; keine pauschale Produktionsfreigabe.

    <!-- library-status:end -->

    Sendet Restart-Command an alle Devices. Nur für Testlabs!
    Erfordert die Berechtigung 'DeviceManagementManagedDevices.ReadWrite.All'.

## Prüfung

Keine fachliche Freigabe aus der Katalogerstellung ableiten.

- static: aktueller erfolgreicher Nachweis fehlt
- pester: aktueller erfolgreicher Nachweis fehlt
- windows: aktueller erfolgreicher Nachweis fehlt
- tenant: aktueller erfolgreicher Nachweis fehlt

## Voraussetzungen

- Module: Microsoft.Graph.Authentication, Microsoft.Graph (passende SDK-Untermodule)
- Dokumentierte Graph-Scopes: DeviceManagementManagedDevices.ReadWrite.All
- Hilfsdateien: Keine lokale Hilfsdatei erkannt.

## Verwendung

Noch kein geprüftes Aufrufbeispiel dokumentiert. Parameter mit `Get-Help './08_Troubleshooting_Cleanup/77_Restart-AllDevices.ps1' -Full` lesen.

## Quelle

[PowerShell-Datei auf GitHub](https://github.com/Kaffeeundcode/Intune-Scripts/blob/main/08_Troubleshooting_Cleanup/77_Restart-AllDevices.ps1)

Prüfungen gelten nur für den dokumentierten Quellstand und Testumfang.
","08_Troubleshooting_Cleanup","08_Troubleshooting_Cleanup/77_Restart-AllDevices.ps1","unreviewed","Ungeprüft","false","normal"
"get-troubleshooting-events","Get-TroubleshootingEvents","# Get-TroubleshootingEvents

**Prüfstatus: Ungeprüft**

Zeigt Troubleshooting Events.

<!-- library-status:start -->
    Prüfstatus: Ungeprüft
    Windows- und Tenant-Abnahme ausstehend; keine pauschale Produktionsfreigabe.

    <!-- library-status:end -->

    Liest Admin-Events aus dem Troubleshooting-Bereich.
    Erfordert die Berechtigung 'DeviceManagementServiceConfig.Read.All'.

## Prüfung

Keine fachliche Freigabe aus der Katalogerstellung ableiten.

- static: aktueller erfolgreicher Nachweis fehlt
- pester: aktueller erfolgreicher Nachweis fehlt
- windows: aktueller erfolgreicher Nachweis fehlt
- tenant: aktueller erfolgreicher Nachweis fehlt

## Voraussetzungen

- Module: Microsoft.Graph.Authentication, Microsoft.Graph (passende SDK-Untermodule)
- Dokumentierte Graph-Scopes: DeviceManagementServiceConfig.Read.All
- Hilfsdateien: Keine lokale Hilfsdatei erkannt.

## Verwendung

Noch kein geprüftes Aufrufbeispiel dokumentiert. Parameter mit `Get-Help './08_Troubleshooting_Cleanup/78_Get-TroubleshootingEvents.ps1' -Full` lesen.

## Quelle

[PowerShell-Datei auf GitHub](https://github.com/Kaffeeundcode/Intune-Scripts/blob/main/08_Troubleshooting_Cleanup/78_Get-TroubleshootingEvents.ps1)

Prüfungen gelten nur für den dokumentierten Quellstand und Testumfang.
","08_Troubleshooting_Cleanup","08_Troubleshooting_Cleanup/78_Get-TroubleshootingEvents.ps1","unreviewed","Ungeprüft","false","normal"
"check-intune-service-health","Check-IntuneServiceHealth","# Check-IntuneServiceHealth

**Prüfstatus: Ungeprüft**

Prüft den Service Health Status.

<!-- library-status:start -->
    Prüfstatus: Ungeprüft
    Windows- und Tenant-Abnahme ausstehend; keine pauschale Produktionsfreigabe.

    <!-- library-status:end -->

    Prüft, ob Intune Störungen hat (via Graph ServiceAnnouncement).
    Erfordert die Berechtigung 'ServiceHealth.Read.All'.

## Prüfung

Keine fachliche Freigabe aus der Katalogerstellung ableiten.

- static: aktueller erfolgreicher Nachweis fehlt
- pester: aktueller erfolgreicher Nachweis fehlt
- windows: aktueller erfolgreicher Nachweis fehlt
- tenant: aktueller erfolgreicher Nachweis fehlt

## Voraussetzungen

- Module: Microsoft.Graph.Authentication, Microsoft.Graph (passende SDK-Untermodule)
- Dokumentierte Graph-Scopes: ServiceHealth.Read.All
- Hilfsdateien: Keine lokale Hilfsdatei erkannt.

## Verwendung

Noch kein geprüftes Aufrufbeispiel dokumentiert. Parameter mit `Get-Help './08_Troubleshooting_Cleanup/79_Check-IntuneServiceHealth.ps1' -Full` lesen.

## Quelle

[PowerShell-Datei auf GitHub](https://github.com/Kaffeeundcode/Intune-Scripts/blob/main/08_Troubleshooting_Cleanup/79_Check-IntuneServiceHealth.ps1)

Prüfungen gelten nur für den dokumentierten Quellstand und Testumfang.
","08_Troubleshooting_Cleanup","08_Troubleshooting_Cleanup/79_Check-IntuneServiceHealth.ps1","unreviewed","Ungeprüft","false","normal"
"repair-intune-extension","Repair-IntuneExtension","# Repair-IntuneExtension

**Prüfstatus: Ungeprüft**

Versucht, Intune Management Extension (IME) Probleme zu beheben.

<!-- library-status:start -->
    Prüfstatus: Ungeprüft
    Windows- und Tenant-Abnahme ausstehend; keine pauschale Produktionsfreigabe.

    <!-- library-status:end -->

    Restartet Dienst (lokales Skript, kein Graph).
    Dies muss auf dem Client ausgeführt werden.

## Prüfung

Keine fachliche Freigabe aus der Katalogerstellung ableiten.

- static: aktueller erfolgreicher Nachweis fehlt
- pester: aktueller erfolgreicher Nachweis fehlt
- windows: aktueller erfolgreicher Nachweis fehlt
- tenant: aktueller erfolgreicher Nachweis fehlt

## Voraussetzungen

- Module: Skript prüfen; keine Cloud-Module erkannt.
- Dokumentierte Graph-Scopes: Nicht angegeben; vor Tenant-Nutzung prüfen.
- Hilfsdateien: Keine lokale Hilfsdatei erkannt.

## Verwendung

Noch kein geprüftes Aufrufbeispiel dokumentiert. Parameter mit `Get-Help './08_Troubleshooting_Cleanup/80_Repair-IntuneExtension.ps1' -Full` lesen.

## Quelle

[PowerShell-Datei auf GitHub](https://github.com/Kaffeeundcode/Intune-Scripts/blob/main/08_Troubleshooting_Cleanup/80_Repair-IntuneExtension.ps1)

Prüfungen gelten nur für den dokumentierten Quellstand und Testumfang.
","08_Troubleshooting_Cleanup","08_Troubleshooting_Cleanup/80_Repair-IntuneExtension.ps1","unreviewed","Ungeprüft","false","elevated"
"authentication-test","Authentication-Test","# Authentication-Test

**Prüfstatus: Ungeprüft**

Testet die Verbindung zu Microsoft Graph.

<!-- library-status:start -->
    Prüfstatus: Ungeprüft
    Windows- und Tenant-Abnahme ausstehend; keine pauschale Produktionsfreigabe.

    <!-- library-status:end -->

    Prüft, ob ein gültiges Token (""Me""-Context) abgerufen werden kann.
    Erfordert die Berechtigung 'User.Read'.

## Prüfung

Keine fachliche Freigabe aus der Katalogerstellung ableiten.

- static: aktueller erfolgreicher Nachweis fehlt
- pester: aktueller erfolgreicher Nachweis fehlt
- windows: aktueller erfolgreicher Nachweis fehlt
- tenant: aktueller erfolgreicher Nachweis fehlt

## Voraussetzungen

- Module: Microsoft.Graph.Authentication
- Dokumentierte Graph-Scopes: Nicht angegeben; vor Tenant-Nutzung prüfen.
- Hilfsdateien: Keine lokale Hilfsdatei erkannt.

## Verwendung

Noch kein geprüftes Aufrufbeispiel dokumentiert. Parameter mit `Get-Help './09_Graph_API_Advanced/81_Authentication-Test.ps1' -Full` lesen.

## Quelle

[PowerShell-Datei auf GitHub](https://github.com/Kaffeeundcode/Intune-Scripts/blob/main/09_Graph_API_Advanced/81_Authentication-Test.ps1)

Prüfungen gelten nur für den dokumentierten Quellstand und Testumfang.
","09_Graph_API_Advanced","09_Graph_API_Advanced/81_Authentication-Test.ps1","unreviewed","Ungeprüft","false","normal"
"get-graph-token-details","Get-GraphTokenDetails","# Get-GraphTokenDetails

**Prüfstatus: Ungeprüft**

Zeigt Details zum aktuellen Access Token.

<!-- library-status:start -->
    Prüfstatus: Ungeprüft
    Windows- und Tenant-Abnahme ausstehend; keine pauschale Produktionsfreigabe.

    <!-- library-status:end -->

    Listet Scopes (Berechtigungen) und Ablaufdatum des aktuellen Tickets auf.
    Erfordert keine spezielle Berechtigung (lokaler Kontext).

## Prüfung

Keine fachliche Freigabe aus der Katalogerstellung ableiten.

- static: aktueller erfolgreicher Nachweis fehlt
- pester: aktueller erfolgreicher Nachweis fehlt
- windows: aktueller erfolgreicher Nachweis fehlt
- tenant: aktueller erfolgreicher Nachweis fehlt

## Voraussetzungen

- Module: Microsoft.Graph.Authentication
- Dokumentierte Graph-Scopes: Nicht angegeben; vor Tenant-Nutzung prüfen.
- Hilfsdateien: Keine lokale Hilfsdatei erkannt.

## Verwendung

Noch kein geprüftes Aufrufbeispiel dokumentiert. Parameter mit `Get-Help './09_Graph_API_Advanced/82_Get-GraphTokenDetails.ps1' -Full` lesen.

## Quelle

[PowerShell-Datei auf GitHub](https://github.com/Kaffeeundcode/Intune-Scripts/blob/main/09_Graph_API_Advanced/82_Get-GraphTokenDetails.ps1)

Prüfungen gelten nur für den dokumentierten Quellstand und Testumfang.
","09_Graph_API_Advanced","09_Graph_API_Advanced/82_Get-GraphTokenDetails.ps1","unreviewed","Ungeprüft","false","normal"
"invoke-graph-request","Invoke-GraphRequest","# Invoke-GraphRequest

**Prüfstatus: Ungeprüft**

Führt einen rohen Graph-Request aus.

<!-- library-status:start -->
    Prüfstatus: Ungeprüft
    Windows- und Tenant-Abnahme ausstehend; keine pauschale Produktionsfreigabe.

    <!-- library-status:end -->

    Wrapper um Invoke-MgGraphRequest für benutzerdefinierte Abfragen.
    Flexibel für alle Endpunkte.

## Prüfung

Keine fachliche Freigabe aus der Katalogerstellung ableiten.

- static: aktueller erfolgreicher Nachweis fehlt
- pester: aktueller erfolgreicher Nachweis fehlt
- windows: aktueller erfolgreicher Nachweis fehlt
- tenant: aktueller erfolgreicher Nachweis fehlt

## Voraussetzungen

- Module: Microsoft.Graph.Authentication
- Dokumentierte Graph-Scopes: Nicht angegeben; vor Tenant-Nutzung prüfen.
- Hilfsdateien: Keine lokale Hilfsdatei erkannt.

## Verwendung

Noch kein geprüftes Aufrufbeispiel dokumentiert. Parameter mit `Get-Help './09_Graph_API_Advanced/83_Invoke-GraphRequest.ps1' -Full` lesen.

## Quelle

[PowerShell-Datei auf GitHub](https://github.com/Kaffeeundcode/Intune-Scripts/blob/main/09_Graph_API_Advanced/83_Invoke-GraphRequest.ps1)

Prüfungen gelten nur für den dokumentierten Quellstand und Testumfang.
","09_Graph_API_Advanced","09_Graph_API_Advanced/83_Invoke-GraphRequest.ps1","unreviewed","Ungeprüft","false","normal"
"get-intune-power-shell-version","Get-IntunePowerShellVersion","# Get-IntunePowerShellVersion

**Prüfstatus: Ungeprüft**

Zeigt Versionen der installierten Intune/Graph Module.

<!-- library-status:start -->
    Prüfstatus: Ungeprüft
    Windows- und Tenant-Abnahme ausstehend; keine pauschale Produktionsfreigabe.

    <!-- library-status:end -->

    Listet Versionen von Microsoft.Graph.* Modulen auf.
    Hilfreich für Troubleshooting bei Versionskonflikten.

## Prüfung

Keine fachliche Freigabe aus der Katalogerstellung ableiten.

- static: aktueller erfolgreicher Nachweis fehlt
- pester: aktueller erfolgreicher Nachweis fehlt
- windows: aktueller erfolgreicher Nachweis fehlt
- tenant: aktueller erfolgreicher Nachweis fehlt

## Voraussetzungen

- Module: Skript prüfen; keine Cloud-Module erkannt.
- Dokumentierte Graph-Scopes: Nicht angegeben; vor Tenant-Nutzung prüfen.
- Hilfsdateien: Keine lokale Hilfsdatei erkannt.

## Verwendung

Noch kein geprüftes Aufrufbeispiel dokumentiert. Parameter mit `Get-Help './09_Graph_API_Advanced/84_Get-IntunePowerShellVersion.ps1' -Full` lesen.

## Quelle

[PowerShell-Datei auf GitHub](https://github.com/Kaffeeundcode/Intune-Scripts/blob/main/09_Graph_API_Advanced/84_Get-IntunePowerShellVersion.ps1)

Prüfungen gelten nur für den dokumentierten Quellstand und Testumfang.
","09_Graph_API_Advanced","09_Graph_API_Advanced/84_Get-IntunePowerShellVersion.ps1","unreviewed","Ungeprüft","false","normal"
"batch-graph-requests","Batch-GraphRequests","# Batch-GraphRequests

**Prüfstatus: Ungeprüft**

Demonstriert Batching von Requests.

<!-- library-status:start -->
    Prüfstatus: Ungeprüft
    Windows- und Tenant-Abnahme ausstehend; keine pauschale Produktionsfreigabe.

    <!-- library-status:end -->

    Zeigt, wie mehrere Abfragen in einem HTTP-Call gesendet werden (JSON Batch).
    Performance-Optimierung.

## Prüfung

Keine fachliche Freigabe aus der Katalogerstellung ableiten.

- static: aktueller erfolgreicher Nachweis fehlt
- pester: aktueller erfolgreicher Nachweis fehlt
- windows: aktueller erfolgreicher Nachweis fehlt
- tenant: aktueller erfolgreicher Nachweis fehlt

## Voraussetzungen

- Module: Microsoft.Graph.Authentication
- Dokumentierte Graph-Scopes: Nicht angegeben; vor Tenant-Nutzung prüfen.
- Hilfsdateien: Keine lokale Hilfsdatei erkannt.

## Verwendung

Noch kein geprüftes Aufrufbeispiel dokumentiert. Parameter mit `Get-Help './09_Graph_API_Advanced/85_Batch-GraphRequests.ps1' -Full` lesen.

## Quelle

[PowerShell-Datei auf GitHub](https://github.com/Kaffeeundcode/Intune-Scripts/blob/main/09_Graph_API_Advanced/85_Batch-GraphRequests.ps1)

Prüfungen gelten nur für den dokumentierten Quellstand und Testumfang.
","09_Graph_API_Advanced","09_Graph_API_Advanced/85_Batch-GraphRequests.ps1","unreviewed","Ungeprüft","false","normal"
"explore-graph-schema","Explore-GraphSchema","# Explore-GraphSchema

**Prüfstatus: Ungeprüft**

Erforscht das Graph-Schema (Metadata).

<!-- library-status:start -->
    Prüfstatus: Ungeprüft
    Windows- und Tenant-Abnahme ausstehend; keine pauschale Produktionsfreigabe.

    <!-- library-status:end -->

    Lädt das $metadata Dokument (CSDL) herunter, um verfügbare Properties zu sehen.

## Prüfung

Keine fachliche Freigabe aus der Katalogerstellung ableiten.

- static: aktueller erfolgreicher Nachweis fehlt
- pester: aktueller erfolgreicher Nachweis fehlt
- windows: aktueller erfolgreicher Nachweis fehlt
- tenant: aktueller erfolgreicher Nachweis fehlt

## Voraussetzungen

- Module: Skript prüfen; keine Cloud-Module erkannt.
- Dokumentierte Graph-Scopes: Nicht angegeben; vor Tenant-Nutzung prüfen.
- Hilfsdateien: Keine lokale Hilfsdatei erkannt.

## Verwendung

Noch kein geprüftes Aufrufbeispiel dokumentiert. Parameter mit `Get-Help './09_Graph_API_Advanced/86_Explore-GraphSchema.ps1' -Full` lesen.

## Quelle

[PowerShell-Datei auf GitHub](https://github.com/Kaffeeundcode/Intune-Scripts/blob/main/09_Graph_API_Advanced/86_Explore-GraphSchema.ps1)

Prüfungen gelten nur für den dokumentierten Quellstand und Testumfang.
","09_Graph_API_Advanced","09_Graph_API_Advanced/86_Explore-GraphSchema.ps1","unreviewed","Ungeprüft","false","normal"
"get-paging-results","Get-PagingResults","# Get-PagingResults

**Prüfstatus: Ungeprüft**

Beispiel für Paging (Blättern) durch Ergebnisse.

<!-- library-status:start -->
    Prüfstatus: Ungeprüft
    Windows- und Tenant-Abnahme ausstehend; keine pauschale Produktionsfreigabe.

    <!-- library-status:end -->

    Zeigt, wie man mehr als 1000 Ergebnisse durchläuft (NextLink).
    Die Cmdlets machen das oft automatisch (-All), hier manuell.

## Prüfung

Keine fachliche Freigabe aus der Katalogerstellung ableiten.

- static: aktueller erfolgreicher Nachweis fehlt
- pester: aktueller erfolgreicher Nachweis fehlt
- windows: aktueller erfolgreicher Nachweis fehlt
- tenant: aktueller erfolgreicher Nachweis fehlt

## Voraussetzungen

- Module: Microsoft.Graph.Authentication
- Dokumentierte Graph-Scopes: Nicht angegeben; vor Tenant-Nutzung prüfen.
- Hilfsdateien: Keine lokale Hilfsdatei erkannt.

## Verwendung

Noch kein geprüftes Aufrufbeispiel dokumentiert. Parameter mit `Get-Help './09_Graph_API_Advanced/87_Get-PagingResults.ps1' -Full` lesen.

## Quelle

[PowerShell-Datei auf GitHub](https://github.com/Kaffeeundcode/Intune-Scripts/blob/main/09_Graph_API_Advanced/87_Get-PagingResults.ps1)

Prüfungen gelten nur für den dokumentierten Quellstand und Testumfang.
","09_Graph_API_Advanced","09_Graph_API_Advanced/87_Get-PagingResults.ps1","unreviewed","Ungeprüft","false","normal"
"throttle-graph-requests","Throttle-GraphRequests","# Throttle-GraphRequests

**Prüfstatus: Ungeprüft**

Simuliert Throttling-Handling.

<!-- library-status:start -->
    Prüfstatus: Ungeprüft
    Windows- und Tenant-Abnahme ausstehend; keine pauschale Produktionsfreigabe.

    <!-- library-status:end -->

    Beispielcode, wie man mit HTTP 429 (Too Many Requests) umgeht (Retry-After).

## Prüfung

Keine fachliche Freigabe aus der Katalogerstellung ableiten.

- static: aktueller erfolgreicher Nachweis fehlt
- pester: aktueller erfolgreicher Nachweis fehlt
- windows: aktueller erfolgreicher Nachweis fehlt
- tenant: aktueller erfolgreicher Nachweis fehlt

## Voraussetzungen

- Module: Skript prüfen; keine Cloud-Module erkannt.
- Dokumentierte Graph-Scopes: Nicht angegeben; vor Tenant-Nutzung prüfen.
- Hilfsdateien: Keine lokale Hilfsdatei erkannt.

## Verwendung

Noch kein geprüftes Aufrufbeispiel dokumentiert. Parameter mit `Get-Help './09_Graph_API_Advanced/88_Throttle-GraphRequests.ps1' -Full` lesen.

## Quelle

[PowerShell-Datei auf GitHub](https://github.com/Kaffeeundcode/Intune-Scripts/blob/main/09_Graph_API_Advanced/88_Throttle-GraphRequests.ps1)

Prüfungen gelten nur für den dokumentierten Quellstand und Testumfang.
","09_Graph_API_Advanced","09_Graph_API_Advanced/88_Throttle-GraphRequests.ps1","unreviewed","Ungeprüft","false","normal"
"get-graph-permissions","Get-GraphPermissions","# Get-GraphPermissions

**Prüfstatus: Ungeprüft**

Sucht nötige Permissions für eine Aktion.

<!-- library-status:start -->
    Prüfstatus: Ungeprüft
    Windows- und Tenant-Abnahme ausstehend; keine pauschale Produktionsfreigabe.

    <!-- library-status:end -->

    Find-MgGraphCommand hilft, die nötigen Scopes zu finden.

## Prüfung

Keine fachliche Freigabe aus der Katalogerstellung ableiten.

- static: aktueller erfolgreicher Nachweis fehlt
- pester: aktueller erfolgreicher Nachweis fehlt
- windows: aktueller erfolgreicher Nachweis fehlt
- tenant: aktueller erfolgreicher Nachweis fehlt

## Voraussetzungen

- Module: Microsoft.Graph.Authentication, Microsoft.Graph (passende SDK-Untermodule)
- Dokumentierte Graph-Scopes: Nicht angegeben; vor Tenant-Nutzung prüfen.
- Hilfsdateien: Keine lokale Hilfsdatei erkannt.

## Verwendung

Noch kein geprüftes Aufrufbeispiel dokumentiert. Parameter mit `Get-Help './09_Graph_API_Advanced/89_Get-GraphPermissions.ps1' -Full` lesen.

## Quelle

[PowerShell-Datei auf GitHub](https://github.com/Kaffeeundcode/Intune-Scripts/blob/main/09_Graph_API_Advanced/89_Get-GraphPermissions.ps1)

Prüfungen gelten nur für den dokumentierten Quellstand und Testumfang.
","09_Graph_API_Advanced","09_Graph_API_Advanced/89_Get-GraphPermissions.ps1","unreviewed","Ungeprüft","false","normal"
"disconnect-graph","Disconnect-Graph","# Disconnect-Graph

**Prüfstatus: Ungeprüft**

Trennt die Verbindung zu Graph.

<!-- library-status:start -->
    Prüfstatus: Ungeprüft
    Windows- und Tenant-Abnahme ausstehend; keine pauschale Produktionsfreigabe.

    <!-- library-status:end -->

    Löscht den Token-Cache der aktuellen Sitzung.

## Prüfung

Keine fachliche Freigabe aus der Katalogerstellung ableiten.

- static: aktueller erfolgreicher Nachweis fehlt
- pester: aktueller erfolgreicher Nachweis fehlt
- windows: aktueller erfolgreicher Nachweis fehlt
- tenant: aktueller erfolgreicher Nachweis fehlt

## Voraussetzungen

- Module: Skript prüfen; keine Cloud-Module erkannt.
- Dokumentierte Graph-Scopes: Nicht angegeben; vor Tenant-Nutzung prüfen.
- Hilfsdateien: Keine lokale Hilfsdatei erkannt.

## Verwendung

Noch kein geprüftes Aufrufbeispiel dokumentiert. Parameter mit `Get-Help './09_Graph_API_Advanced/90_Disconnect-Graph.ps1' -Full` lesen.

## Quelle

[PowerShell-Datei auf GitHub](https://github.com/Kaffeeundcode/Intune-Scripts/blob/main/09_Graph_API_Advanced/90_Disconnect-Graph.ps1)

Prüfungen gelten nur für den dokumentierten Quellstand und Testumfang.
","09_Graph_API_Advanced","09_Graph_API_Advanced/90_Disconnect-Graph.ps1","unreviewed","Ungeprüft","false","normal"
"show-script-menu","Show-ScriptMenu","# Show-ScriptMenu

**Prüfstatus: Ungeprüft**

Zeigt ein einfaches Menü aller Skripte (Demo).

<!-- library-status:start -->
    Prüfstatus: Ungeprüft
    Windows- und Tenant-Abnahme ausstehend; keine pauschale Produktionsfreigabe.

    <!-- library-status:end -->

    Listet alle .ps1 Dateien im aktuellen Ordner auf.

## Prüfung

Keine fachliche Freigabe aus der Katalogerstellung ableiten.

- static: aktueller erfolgreicher Nachweis fehlt
- pester: aktueller erfolgreicher Nachweis fehlt
- windows: aktueller erfolgreicher Nachweis fehlt
- tenant: aktueller erfolgreicher Nachweis fehlt

## Voraussetzungen

- Module: Skript prüfen; keine Cloud-Module erkannt.
- Dokumentierte Graph-Scopes: Nicht angegeben; vor Tenant-Nutzung prüfen.
- Hilfsdateien: Keine lokale Hilfsdatei erkannt.

## Verwendung

Noch kein geprüftes Aufrufbeispiel dokumentiert. Parameter mit `Get-Help './10_Utility_Misc/100_Show-ScriptMenu.ps1' -Full` lesen.

## Quelle

[PowerShell-Datei auf GitHub](https://github.com/Kaffeeundcode/Intune-Scripts/blob/main/10_Utility_Misc/100_Show-ScriptMenu.ps1)

Prüfungen gelten nur für den dokumentierten Quellstand und Testumfang.
","10_Utility_Misc","10_Utility_Misc/100_Show-ScriptMenu.ps1","unreviewed","Ungeprüft","false","normal"
"send-mail","Send-Mail","# Send-Mail

**Prüfstatus: Ungeprüft**

Verschickt eine E-Mail (via Graph).

<!-- library-status:start -->
    Prüfstatus: Ungeprüft
    Windows- und Tenant-Abnahme ausstehend; keine pauschale Produktionsfreigabe.

    <!-- library-status:end -->

    Sendet eine Mail aus dem Postfach des angemeldeten Users.
    Erfordert die Berechtigung 'Mail.Send'.

## Prüfung

Keine fachliche Freigabe aus der Katalogerstellung ableiten.

- static: aktueller erfolgreicher Nachweis fehlt
- pester: aktueller erfolgreicher Nachweis fehlt
- windows: aktueller erfolgreicher Nachweis fehlt
- tenant: aktueller erfolgreicher Nachweis fehlt

## Voraussetzungen

- Module: Microsoft.Graph.Authentication
- Dokumentierte Graph-Scopes: Nicht angegeben; vor Tenant-Nutzung prüfen.
- Hilfsdateien: Keine lokale Hilfsdatei erkannt.

## Verwendung

Noch kein geprüftes Aufrufbeispiel dokumentiert. Parameter mit `Get-Help './10_Utility_Misc/91_Send-Mail.ps1' -Full` lesen.

## Quelle

[PowerShell-Datei auf GitHub](https://github.com/Kaffeeundcode/Intune-Scripts/blob/main/10_Utility_Misc/91_Send-Mail.ps1)

Prüfungen gelten nur für den dokumentierten Quellstand und Testumfang.
","10_Utility_Misc","10_Utility_Misc/91_Send-Mail.ps1","unreviewed","Ungeprüft","false","normal"
"log-activity","Log-Activity","# Log-Activity

**Prüfstatus: Ungeprüft**

Einfache Logging-Funktion.

<!-- library-status:start -->
    Prüfstatus: Ungeprüft
    Windows- und Tenant-Abnahme ausstehend; keine pauschale Produktionsfreigabe.

    <!-- library-status:end -->

    Schreibt Text in eine lokale Logdatei mit Zeitstempel.

## Prüfung

Keine fachliche Freigabe aus der Katalogerstellung ableiten.

- static: aktueller erfolgreicher Nachweis fehlt
- pester: aktueller erfolgreicher Nachweis fehlt
- windows: aktueller erfolgreicher Nachweis fehlt
- tenant: aktueller erfolgreicher Nachweis fehlt

## Voraussetzungen

- Module: Skript prüfen; keine Cloud-Module erkannt.
- Dokumentierte Graph-Scopes: Nicht angegeben; vor Tenant-Nutzung prüfen.
- Hilfsdateien: Keine lokale Hilfsdatei erkannt.

## Verwendung

Noch kein geprüftes Aufrufbeispiel dokumentiert. Parameter mit `Get-Help './10_Utility_Misc/92_Log-Activity.ps1' -Full` lesen.

## Quelle

[PowerShell-Datei auf GitHub](https://github.com/Kaffeeundcode/Intune-Scripts/blob/main/10_Utility_Misc/92_Log-Activity.ps1)

Prüfungen gelten nur für den dokumentierten Quellstand und Testumfang.
","10_Utility_Misc","10_Utility_Misc/92_Log-Activity.ps1","unreviewed","Ungeprüft","false","normal"
"convert-intune-time","Convert-IntuneTime","# Convert-IntuneTime

**Prüfstatus: Ungeprüft**

Konvertiert Intune-Zeitstempel.

<!-- library-status:start -->
    Prüfstatus: Ungeprüft
    Windows- und Tenant-Abnahme ausstehend; keine pauschale Produktionsfreigabe.

    <!-- library-status:end -->

    Wandelt UTC-Strings aus Graph in lokale Zeit um.

## Prüfung

Keine fachliche Freigabe aus der Katalogerstellung ableiten.

- static: aktueller erfolgreicher Nachweis fehlt
- pester: aktueller erfolgreicher Nachweis fehlt
- windows: aktueller erfolgreicher Nachweis fehlt
- tenant: aktueller erfolgreicher Nachweis fehlt

## Voraussetzungen

- Module: Skript prüfen; keine Cloud-Module erkannt.
- Dokumentierte Graph-Scopes: Nicht angegeben; vor Tenant-Nutzung prüfen.
- Hilfsdateien: Keine lokale Hilfsdatei erkannt.

## Verwendung

Noch kein geprüftes Aufrufbeispiel dokumentiert. Parameter mit `Get-Help './10_Utility_Misc/93_Convert-IntuneTime.ps1' -Full` lesen.

## Quelle

[PowerShell-Datei auf GitHub](https://github.com/Kaffeeundcode/Intune-Scripts/blob/main/10_Utility_Misc/93_Convert-IntuneTime.ps1)

Prüfungen gelten nur für den dokumentierten Quellstand und Testumfang.
","10_Utility_Misc","10_Utility_Misc/93_Convert-IntuneTime.ps1","unreviewed","Ungeprüft","false","normal"
"get-local-intune-logs","Get-LocalIntuneLogs","# Get-LocalIntuneLogs

**Prüfstatus: Ungeprüft**

Sammelt lokale Intune Logs (Client-Side).

<!-- library-status:start -->
    Prüfstatus: Ungeprüft
    Windows- und Tenant-Abnahme ausstehend; keine pauschale Produktionsfreigabe.

    <!-- library-status:end -->

    Zippt den Ordner C:\ProgramData\Microsoft\IntuneManagementExtension\Logs.
    Muss auf dem Client laufen.

## Prüfung

Keine fachliche Freigabe aus der Katalogerstellung ableiten.

- static: aktueller erfolgreicher Nachweis fehlt
- pester: aktueller erfolgreicher Nachweis fehlt
- windows: aktueller erfolgreicher Nachweis fehlt
- tenant: aktueller erfolgreicher Nachweis fehlt

## Voraussetzungen

- Module: Skript prüfen; keine Cloud-Module erkannt.
- Dokumentierte Graph-Scopes: Nicht angegeben; vor Tenant-Nutzung prüfen.
- Hilfsdateien: Keine lokale Hilfsdatei erkannt.

## Verwendung

Noch kein geprüftes Aufrufbeispiel dokumentiert. Parameter mit `Get-Help './10_Utility_Misc/94_Get-LocalIntuneLogs.ps1' -Full` lesen.

## Quelle

[PowerShell-Datei auf GitHub](https://github.com/Kaffeeundcode/Intune-Scripts/blob/main/10_Utility_Misc/94_Get-LocalIntuneLogs.ps1)

Prüfungen gelten nur für den dokumentierten Quellstand und Testumfang.
","10_Utility_Misc","10_Utility_Misc/94_Get-LocalIntuneLogs.ps1","unreviewed","Ungeprüft","false","normal"
"check-internet-connection","Check-InternetConnection","# Check-InternetConnection

**Prüfstatus: Ungeprüft**

Prüft Internetverbindung zu MS Graph.

<!-- library-status:start -->
    Prüfstatus: Ungeprüft
    Windows- und Tenant-Abnahme ausstehend; keine pauschale Produktionsfreigabe.

    <!-- library-status:end -->

    Ping / Test-Connection zu graph.microsoft.com.

## Prüfung

Keine fachliche Freigabe aus der Katalogerstellung ableiten.

- static: aktueller erfolgreicher Nachweis fehlt
- pester: aktueller erfolgreicher Nachweis fehlt
- windows: aktueller erfolgreicher Nachweis fehlt
- tenant: aktueller erfolgreicher Nachweis fehlt

## Voraussetzungen

- Module: Skript prüfen; keine Cloud-Module erkannt.
- Dokumentierte Graph-Scopes: Nicht angegeben; vor Tenant-Nutzung prüfen.
- Hilfsdateien: Keine lokale Hilfsdatei erkannt.

## Verwendung

Noch kein geprüftes Aufrufbeispiel dokumentiert. Parameter mit `Get-Help './10_Utility_Misc/95_Check-InternetConnection.ps1' -Full` lesen.

## Quelle

[PowerShell-Datei auf GitHub](https://github.com/Kaffeeundcode/Intune-Scripts/blob/main/10_Utility_Misc/95_Check-InternetConnection.ps1)

Prüfungen gelten nur für den dokumentierten Quellstand und Testumfang.
","10_Utility_Misc","10_Utility_Misc/95_Check-InternetConnection.ps1","unreviewed","Ungeprüft","false","normal"
"install-intune-module","Install-IntuneModule","# Install-IntuneModule

**Prüfstatus: Ungeprüft**

Installiert das Microsoft.Graph Modul.

<!-- library-status:start -->
    Prüfstatus: Ungeprüft
    Windows- und Tenant-Abnahme ausstehend; keine pauschale Produktionsfreigabe.

    <!-- library-status:end -->

    Lädt das SDK aus der PSGallery.

## Prüfung

Keine fachliche Freigabe aus der Katalogerstellung ableiten.

- static: aktueller erfolgreicher Nachweis fehlt
- pester: aktueller erfolgreicher Nachweis fehlt
- windows: aktueller erfolgreicher Nachweis fehlt
- tenant: aktueller erfolgreicher Nachweis fehlt

## Voraussetzungen

- Module: Skript prüfen; keine Cloud-Module erkannt.
- Dokumentierte Graph-Scopes: Nicht angegeben; vor Tenant-Nutzung prüfen.
- Hilfsdateien: Keine lokale Hilfsdatei erkannt.

## Verwendung

Noch kein geprüftes Aufrufbeispiel dokumentiert. Parameter mit `Get-Help './10_Utility_Misc/96_Install-IntuneModule.ps1' -Full` lesen.

## Quelle

[PowerShell-Datei auf GitHub](https://github.com/Kaffeeundcode/Intune-Scripts/blob/main/10_Utility_Misc/96_Install-IntuneModule.ps1)

Prüfungen gelten nur für den dokumentierten Quellstand und Testumfang.
","10_Utility_Misc","10_Utility_Misc/96_Install-IntuneModule.ps1","unreviewed","Ungeprüft","false","normal"
"update-intune-module","Update-IntuneModule","# Update-IntuneModule

**Prüfstatus: Ungeprüft**

Aktualisiert das Microsoft.Graph Modul.

<!-- library-status:start -->
    Prüfstatus: Ungeprüft
    Windows- und Tenant-Abnahme ausstehend; keine pauschale Produktionsfreigabe.

    <!-- library-status:end -->

    Führt Update-Module aus.

## Prüfung

Keine fachliche Freigabe aus der Katalogerstellung ableiten.

- static: aktueller erfolgreicher Nachweis fehlt
- pester: aktueller erfolgreicher Nachweis fehlt
- windows: aktueller erfolgreicher Nachweis fehlt
- tenant: aktueller erfolgreicher Nachweis fehlt

## Voraussetzungen

- Module: Skript prüfen; keine Cloud-Module erkannt.
- Dokumentierte Graph-Scopes: Nicht angegeben; vor Tenant-Nutzung prüfen.
- Hilfsdateien: Keine lokale Hilfsdatei erkannt.

## Verwendung

Noch kein geprüftes Aufrufbeispiel dokumentiert. Parameter mit `Get-Help './10_Utility_Misc/97_Update-IntuneModule.ps1' -Full` lesen.

## Quelle

[PowerShell-Datei auf GitHub](https://github.com/Kaffeeundcode/Intune-Scripts/blob/main/10_Utility_Misc/97_Update-IntuneModule.ps1)

Prüfungen gelten nur für den dokumentierten Quellstand und Testumfang.
","10_Utility_Misc","10_Utility_Misc/97_Update-IntuneModule.ps1","unreviewed","Ungeprüft","false","elevated"
"get-my-intune-permissions","Get-MyIntunePermissions","# Get-MyIntunePermissions

**Prüfstatus: Ungeprüft**

Zeigt meine Berechtigungen im detail.

<!-- library-status:start -->
    Prüfstatus: Ungeprüft
    Windows- und Tenant-Abnahme ausstehend; keine pauschale Produktionsfreigabe.

    <!-- library-status:end -->

    Detaillierte Auflistung der Token-Scopes.
    Erfordert: User.Read.

## Prüfung

Keine fachliche Freigabe aus der Katalogerstellung ableiten.

- static: aktueller erfolgreicher Nachweis fehlt
- pester: aktueller erfolgreicher Nachweis fehlt
- windows: aktueller erfolgreicher Nachweis fehlt
- tenant: aktueller erfolgreicher Nachweis fehlt

## Voraussetzungen

- Module: Microsoft.Graph.Authentication
- Dokumentierte Graph-Scopes: Nicht angegeben; vor Tenant-Nutzung prüfen.
- Hilfsdateien: Keine lokale Hilfsdatei erkannt.

## Verwendung

Noch kein geprüftes Aufrufbeispiel dokumentiert. Parameter mit `Get-Help './10_Utility_Misc/98_Get-MyIntunePermissions.ps1' -Full` lesen.

## Quelle

[PowerShell-Datei auf GitHub](https://github.com/Kaffeeundcode/Intune-Scripts/blob/main/10_Utility_Misc/98_Get-MyIntunePermissions.ps1)

Prüfungen gelten nur für den dokumentierten Quellstand und Testumfang.
","10_Utility_Misc","10_Utility_Misc/98_Get-MyIntunePermissions.ps1","unreviewed","Ungeprüft","false","normal"
"measure-script-execution","Measure-ScriptExecution","# Measure-ScriptExecution

**Prüfstatus: Ungeprüft**

Misst die Laufzeit eines Befehls.

<!-- library-status:start -->
    Prüfstatus: Ungeprüft
    Windows- und Tenant-Abnahme ausstehend; keine pauschale Produktionsfreigabe.

    <!-- library-status:end -->

    Wrapper für Measure-Command.

## Prüfung

Keine fachliche Freigabe aus der Katalogerstellung ableiten.

- static: aktueller erfolgreicher Nachweis fehlt
- pester: aktueller erfolgreicher Nachweis fehlt
- windows: aktueller erfolgreicher Nachweis fehlt
- tenant: aktueller erfolgreicher Nachweis fehlt

## Voraussetzungen

- Module: Skript prüfen; keine Cloud-Module erkannt.
- Dokumentierte Graph-Scopes: Nicht angegeben; vor Tenant-Nutzung prüfen.
- Hilfsdateien: Keine lokale Hilfsdatei erkannt.

## Verwendung

Noch kein geprüftes Aufrufbeispiel dokumentiert. Parameter mit `Get-Help './10_Utility_Misc/99_Measure-ScriptExecution.ps1' -Full` lesen.

## Quelle

[PowerShell-Datei auf GitHub](https://github.com/Kaffeeundcode/Intune-Scripts/blob/main/10_Utility_Misc/99_Measure-ScriptExecution.ps1)

Prüfungen gelten nur für den dokumentierten Quellstand und Testumfang.
","10_Utility_Misc","10_Utility_Misc/99_Measure-ScriptExecution.ps1","unreviewed","Ungeprüft","false","normal"
"invite-guest-user","Invite-GuestUser","# Invite-GuestUser

**Prüfstatus: Ungeprüft**

Lädt einen Gastbenutzer (B2B) in Entra ID ein.

<!-- library-status:start -->
    Prüfstatus: Ungeprüft
    Windows- und Tenant-Abnahme ausstehend; keine pauschale Produktionsfreigabe.

    <!-- library-status:end -->

    Versendet eine Einladung an eine externe E-Mail-Adresse und fügt den User dem Directory hinzu.
    Erfordert die Berechtigung 'User.Invite.All'.

## Prüfung

Keine fachliche Freigabe aus der Katalogerstellung ableiten.

- static: aktueller erfolgreicher Nachweis fehlt
- pester: aktueller erfolgreicher Nachweis fehlt
- windows: aktueller erfolgreicher Nachweis fehlt
- tenant: aktueller erfolgreicher Nachweis fehlt

## Voraussetzungen

- Module: Microsoft.Graph.Authentication, Microsoft.Graph (passende SDK-Untermodule)
- Dokumentierte Graph-Scopes: Nicht angegeben; vor Tenant-Nutzung prüfen.
- Hilfsdateien: Keine lokale Hilfsdatei erkannt.

## Verwendung

Noch kein geprüftes Aufrufbeispiel dokumentiert. Parameter mit `Get-Help './11_EntraID_UserManagement/101_Invite-GuestUser.ps1' -Full` lesen.

## Quelle

[PowerShell-Datei auf GitHub](https://github.com/Kaffeeundcode/Intune-Scripts/blob/main/11_EntraID_UserManagement/101_Invite-GuestUser.ps1)

Prüfungen gelten nur für den dokumentierten Quellstand und Testumfang.
","11_EntraID_UserManagement","11_EntraID_UserManagement/101_Invite-GuestUser.ps1","unreviewed","Ungeprüft","false","elevated"
"bulk-create-users","BulkCreate-Users","# BulkCreate-Users

**Prüfstatus: Ungeprüft**

Erstellt mehrere Benutzer aus einer CSV-Datei.

<!-- library-status:start -->
    Prüfstatus: Ungeprüft
    Windows- und Tenant-Abnahme ausstehend; keine pauschale Produktionsfreigabe.

    <!-- library-status:end -->

    Importiert Benutzerdaten (DisplayName, UPN, Password, etc.) aus einer CSV und legt die Accounts an.
    Erfordert die Berechtigung 'User.ReadWrite.All'.

## Prüfung

Keine fachliche Freigabe aus der Katalogerstellung ableiten.

- static: aktueller erfolgreicher Nachweis fehlt
- pester: aktueller erfolgreicher Nachweis fehlt
- windows: aktueller erfolgreicher Nachweis fehlt
- tenant: aktueller erfolgreicher Nachweis fehlt

## Voraussetzungen

- Module: Microsoft.Graph.Authentication, Microsoft.Graph (passende SDK-Untermodule)
- Dokumentierte Graph-Scopes: User.ReadWrite.All
- Hilfsdateien: Keine lokale Hilfsdatei erkannt.

## Verwendung

Noch kein geprüftes Aufrufbeispiel dokumentiert. Parameter mit `Get-Help './11_EntraID_UserManagement/102_BulkCreate-Users.ps1' -Full` lesen.

## Quelle

[PowerShell-Datei auf GitHub](https://github.com/Kaffeeundcode/Intune-Scripts/blob/main/11_EntraID_UserManagement/102_BulkCreate-Users.ps1)

Prüfungen gelten nur für den dokumentierten Quellstand und Testumfang.
","11_EntraID_UserManagement","11_EntraID_UserManagement/102_BulkCreate-Users.ps1","unreviewed","Ungeprüft","false","elevated"
"reset-user-password","Reset-UserPassword","# Reset-UserPassword

**Prüfstatus: Ungeprüft**

Setzt das Passwort eines Benutzers zurück.

<!-- library-status:start -->
    Prüfstatus: Ungeprüft
    Windows- und Tenant-Abnahme ausstehend; keine pauschale Produktionsfreigabe.

    <!-- library-status:end -->

    Vergibt ein neues Passwort für einen existierenden Benutzer (Admin Reset).
    Erfordert die Berechtigung 'User.ReadWrite.All' oder 'Directory.AccessAsUser.All'.

## Prüfung

Keine fachliche Freigabe aus der Katalogerstellung ableiten.

- static: aktueller erfolgreicher Nachweis fehlt
- pester: aktueller erfolgreicher Nachweis fehlt
- windows: aktueller erfolgreicher Nachweis fehlt
- tenant: aktueller erfolgreicher Nachweis fehlt

## Voraussetzungen

- Module: Microsoft.Graph.Authentication, Microsoft.Graph (passende SDK-Untermodule)
- Dokumentierte Graph-Scopes: User.ReadWrite.All
- Hilfsdateien: Keine lokale Hilfsdatei erkannt.

## Verwendung

Noch kein geprüftes Aufrufbeispiel dokumentiert. Parameter mit `Get-Help './11_EntraID_UserManagement/103_Reset-UserPassword.ps1' -Full` lesen.

## Quelle

[PowerShell-Datei auf GitHub](https://github.com/Kaffeeundcode/Intune-Scripts/blob/main/11_EntraID_UserManagement/103_Reset-UserPassword.ps1)

Prüfungen gelten nur für den dokumentierten Quellstand und Testumfang.
","11_EntraID_UserManagement","11_EntraID_UserManagement/103_Reset-UserPassword.ps1","unreviewed","Ungeprüft","false","elevated"
"get-user-risky-status","Get-UserRiskyStatus","# Get-UserRiskyStatus

**Prüfstatus: Ungeprüft**

Prüft, ob Benutzer als ""Risky Users"" markiert sind (Identity Protection).

<!-- library-status:start -->
    Prüfstatus: Ungeprüft
    Windows- und Tenant-Abnahme ausstehend; keine pauschale Produktionsfreigabe.

    <!-- library-status:end -->

    Zeigt Benutzer mit hohem oder mittlerem Risiko-Level.
    Erfordert die Berechtigung 'IdentityRiskEvent.Read.All'.

## Prüfung

Keine fachliche Freigabe aus der Katalogerstellung ableiten.

- static: aktueller erfolgreicher Nachweis fehlt
- pester: aktueller erfolgreicher Nachweis fehlt
- windows: aktueller erfolgreicher Nachweis fehlt
- tenant: aktueller erfolgreicher Nachweis fehlt

## Voraussetzungen

- Module: Microsoft.Graph.Authentication, Microsoft.Graph (passende SDK-Untermodule)
- Dokumentierte Graph-Scopes: IdentityRiskEvent.Read.All
- Hilfsdateien: Keine lokale Hilfsdatei erkannt.

## Verwendung

Noch kein geprüftes Aufrufbeispiel dokumentiert. Parameter mit `Get-Help './11_EntraID_UserManagement/104_Get-UserRiskyStatus.ps1' -Full` lesen.

## Quelle

[PowerShell-Datei auf GitHub](https://github.com/Kaffeeundcode/Intune-Scripts/blob/main/11_EntraID_UserManagement/104_Get-UserRiskyStatus.ps1)

Prüfungen gelten nur für den dokumentierten Quellstand und Testumfang.
","11_EntraID_UserManagement","11_EntraID_UserManagement/104_Get-UserRiskyStatus.ps1","unreviewed","Ungeprüft","false","normal"
"revoke-user-sessions","Revoke-UserSessions","# Revoke-UserSessions

**Prüfstatus: Ungeprüft**

Widerruft alle Sitzungen eines Benutzers (Revoke Sessions).

<!-- library-status:start -->
    Prüfstatus: Ungeprüft
    Windows- und Tenant-Abnahme ausstehend; keine pauschale Produktionsfreigabe.

    <!-- library-status:end -->

    Zwingt den Benutzer zur erneuten Anmeldung auf allen Geräten/Apps.
    Erfordert die Berechtigung 'User.ReadWrite.All'.

## Prüfung

Keine fachliche Freigabe aus der Katalogerstellung ableiten.

- static: aktueller erfolgreicher Nachweis fehlt
- pester: aktueller erfolgreicher Nachweis fehlt
- windows: aktueller erfolgreicher Nachweis fehlt
- tenant: aktueller erfolgreicher Nachweis fehlt

## Voraussetzungen

- Module: Microsoft.Graph.Authentication
- Dokumentierte Graph-Scopes: User.ReadWrite.All
- Hilfsdateien: Keine lokale Hilfsdatei erkannt.

## Verwendung

Noch kein geprüftes Aufrufbeispiel dokumentiert. Parameter mit `Get-Help './11_EntraID_UserManagement/105_Revoke-UserSessions.ps1' -Full` lesen.

## Quelle

[PowerShell-Datei auf GitHub](https://github.com/Kaffeeundcode/Intune-Scripts/blob/main/11_EntraID_UserManagement/105_Revoke-UserSessions.ps1)

Prüfungen gelten nur für den dokumentierten Quellstand und Testumfang.
","11_EntraID_UserManagement","11_EntraID_UserManagement/105_Revoke-UserSessions.ps1","unreviewed","Ungeprüft","false","normal"
"update-user-profile","Update-UserProfile","# Update-UserProfile

**Prüfstatus: Ungeprüft**

Aktualisiert Benutzerprofil-Informationen (Abteilung, Job Title etc.).

<!-- library-status:start -->
    Prüfstatus: Ungeprüft
    Windows- und Tenant-Abnahme ausstehend; keine pauschale Produktionsfreigabe.

    <!-- library-status:end -->

    Setzt Standardattribute eines AD-Benutzers.
    Erfordert die Berechtigung 'User.ReadWrite.All'.

## Prüfung

Keine fachliche Freigabe aus der Katalogerstellung ableiten.

- static: aktueller erfolgreicher Nachweis fehlt
- pester: aktueller erfolgreicher Nachweis fehlt
- windows: aktueller erfolgreicher Nachweis fehlt
- tenant: aktueller erfolgreicher Nachweis fehlt

## Voraussetzungen

- Module: Microsoft.Graph.Authentication, Microsoft.Graph (passende SDK-Untermodule)
- Dokumentierte Graph-Scopes: User.ReadWrite.All
- Hilfsdateien: Keine lokale Hilfsdatei erkannt.

## Verwendung

Noch kein geprüftes Aufrufbeispiel dokumentiert. Parameter mit `Get-Help './11_EntraID_UserManagement/106_Update-UserProfile.ps1' -Full` lesen.

## Quelle

[PowerShell-Datei auf GitHub](https://github.com/Kaffeeundcode/Intune-Scripts/blob/main/11_EntraID_UserManagement/106_Update-UserProfile.ps1)

Prüfungen gelten nur für den dokumentierten Quellstand und Testumfang.
","11_EntraID_UserManagement","11_EntraID_UserManagement/106_Update-UserProfile.ps1","unreviewed","Ungeprüft","false","elevated"
"get-user-direct-reports","Get-UserDirectReports","# Get-UserDirectReports

**Prüfstatus: Ungeprüft**

Zeigt die ""Direct Reports"" (Untergebenen) eines Managers.

<!-- library-status:start -->
    Prüfstatus: Ungeprüft
    Windows- und Tenant-Abnahme ausstehend; keine pauschale Produktionsfreigabe.

    <!-- library-status:end -->

    Listet alle Benutzer auf, die diesen User als Manager eingetragen haben.
    Erfordert die Berechtigung 'User.Read.All'.

## Prüfung

Keine fachliche Freigabe aus der Katalogerstellung ableiten.

- static: aktueller erfolgreicher Nachweis fehlt
- pester: aktueller erfolgreicher Nachweis fehlt
- windows: aktueller erfolgreicher Nachweis fehlt
- tenant: aktueller erfolgreicher Nachweis fehlt

## Voraussetzungen

- Module: Microsoft.Graph.Authentication, Microsoft.Graph (passende SDK-Untermodule)
- Dokumentierte Graph-Scopes: User.Read.All
- Hilfsdateien: Keine lokale Hilfsdatei erkannt.

## Verwendung

Noch kein geprüftes Aufrufbeispiel dokumentiert. Parameter mit `Get-Help './11_EntraID_UserManagement/107_Get-UserDirectReports.ps1' -Full` lesen.

## Quelle

[PowerShell-Datei auf GitHub](https://github.com/Kaffeeundcode/Intune-Scripts/blob/main/11_EntraID_UserManagement/107_Get-UserDirectReports.ps1)

Prüfungen gelten nur für den dokumentierten Quellstand und Testumfang.
","11_EntraID_UserManagement","11_EntraID_UserManagement/107_Get-UserDirectReports.ps1","unreviewed","Ungeprüft","false","normal"
"set-user-manager","Set-UserManager","# Set-UserManager

**Prüfstatus: Ungeprüft**

Setzt den Manager für einen Benutzer.

<!-- library-status:start -->
    Prüfstatus: Ungeprüft
    Windows- und Tenant-Abnahme ausstehend; keine pauschale Produktionsfreigabe.

    <!-- library-status:end -->

    Definiert die hierarchische Beziehung (Vorgesetzter) im AD.
    Erfordert die Berechtigung 'User.ReadWrite.All'.

## Prüfung

Keine fachliche Freigabe aus der Katalogerstellung ableiten.

- static: aktueller erfolgreicher Nachweis fehlt
- pester: aktueller erfolgreicher Nachweis fehlt
- windows: aktueller erfolgreicher Nachweis fehlt
- tenant: aktueller erfolgreicher Nachweis fehlt

## Voraussetzungen

- Module: Microsoft.Graph.Authentication, Microsoft.Graph (passende SDK-Untermodule)
- Dokumentierte Graph-Scopes: User.ReadWrite.All
- Hilfsdateien: Keine lokale Hilfsdatei erkannt.

## Verwendung

Noch kein geprüftes Aufrufbeispiel dokumentiert. Parameter mit `Get-Help './11_EntraID_UserManagement/108_Set-UserManager.ps1' -Full` lesen.

## Quelle

[PowerShell-Datei auf GitHub](https://github.com/Kaffeeundcode/Intune-Scripts/blob/main/11_EntraID_UserManagement/108_Set-UserManager.ps1)

Prüfungen gelten nur für den dokumentierten Quellstand und Testumfang.
","11_EntraID_UserManagement","11_EntraID_UserManagement/108_Set-UserManager.ps1","unreviewed","Ungeprüft","false","elevated"
"delete-user-hard","Delete-UserHard","# Delete-UserHard

**Prüfstatus: Ungeprüft**

Löscht einen Benutzer (Soft Delete).

<!-- library-status:start -->
    Prüfstatus: Ungeprüft
    Windows- und Tenant-Abnahme ausstehend; keine pauschale Produktionsfreigabe.

    <!-- library-status:end -->

    Verschiebt einen Benutzer in den Papierkorb. Endgültiges Löschen erfolgt nach 30 Tagen oder via 'Restore-'.
    Erfordert die Berechtigung 'User.ReadWrite.All'.

## Prüfung

Keine fachliche Freigabe aus der Katalogerstellung ableiten.

- static: aktueller erfolgreicher Nachweis fehlt
- pester: aktueller erfolgreicher Nachweis fehlt
- windows: aktueller erfolgreicher Nachweis fehlt
- tenant: aktueller erfolgreicher Nachweis fehlt

## Voraussetzungen

- Module: Microsoft.Graph.Authentication, Microsoft.Graph (passende SDK-Untermodule)
- Dokumentierte Graph-Scopes: User.ReadWrite.All
- Hilfsdateien: Keine lokale Hilfsdatei erkannt.

## Verwendung

Noch kein geprüftes Aufrufbeispiel dokumentiert. Parameter mit `Get-Help './11_EntraID_UserManagement/109_Delete-UserHard.ps1' -Full` lesen.

## Quelle

[PowerShell-Datei auf GitHub](https://github.com/Kaffeeundcode/Intune-Scripts/blob/main/11_EntraID_UserManagement/109_Delete-UserHard.ps1)

Prüfungen gelten nur für den dokumentierten Quellstand und Testumfang.
","11_EntraID_UserManagement","11_EntraID_UserManagement/109_Delete-UserHard.ps1","unreviewed","Ungeprüft","false","elevated"
"restore-deleted-user","Restore-DeletedUser","# Restore-DeletedUser

**Prüfstatus: Ungeprüft**

Stellt einen gelöschten Benutzer wieder her.

<!-- library-status:start -->
    Prüfstatus: Ungeprüft
    Windows- und Tenant-Abnahme ausstehend; keine pauschale Produktionsfreigabe.

    <!-- library-status:end -->

    Holt einen Benutzer aus dem Papierkorb (Deleted Users) zurück.
    Erfordert die Berechtigung 'User.ReadWrite.All'.

## Prüfung

Keine fachliche Freigabe aus der Katalogerstellung ableiten.

- static: aktueller erfolgreicher Nachweis fehlt
- pester: aktueller erfolgreicher Nachweis fehlt
- windows: aktueller erfolgreicher Nachweis fehlt
- tenant: aktueller erfolgreicher Nachweis fehlt

## Voraussetzungen

- Module: Microsoft.Graph.Authentication, Microsoft.Graph (passende SDK-Untermodule)
- Dokumentierte Graph-Scopes: User.ReadWrite.All
- Hilfsdateien: Keine lokale Hilfsdatei erkannt.

## Verwendung

Noch kein geprüftes Aufrufbeispiel dokumentiert. Parameter mit `Get-Help './11_EntraID_UserManagement/110_Restore-DeletedUser.ps1' -Full` lesen.

## Quelle

[PowerShell-Datei auf GitHub](https://github.com/Kaffeeundcode/Intune-Scripts/blob/main/11_EntraID_UserManagement/110_Restore-DeletedUser.ps1)

Prüfungen gelten nur für den dokumentierten Quellstand und Testumfang.
","11_EntraID_UserManagement","11_EntraID_UserManagement/110_Restore-DeletedUser.ps1","unreviewed","Ungeprüft","false","normal"
"get-dynamic-group-rules","Get-DynamicGroupRules","# Get-DynamicGroupRules

**Prüfstatus: Ungeprüft**

Zeigt die Regeln einer dynamischen Gruppe an.

<!-- library-status:start -->
    Prüfstatus: Ungeprüft
    Windows- und Tenant-Abnahme ausstehend; keine pauschale Produktionsfreigabe.

    <!-- library-status:end -->

    Liest die ""membershipRule"" Property von dynamischen AAD-Gruppen aus.
    Erfordert die Berechtigung 'Group.Read.All'.

## Prüfung

Keine fachliche Freigabe aus der Katalogerstellung ableiten.

- static: aktueller erfolgreicher Nachweis fehlt
- pester: aktueller erfolgreicher Nachweis fehlt
- windows: aktueller erfolgreicher Nachweis fehlt
- tenant: aktueller erfolgreicher Nachweis fehlt

## Voraussetzungen

- Module: Microsoft.Graph.Authentication, Microsoft.Graph (passende SDK-Untermodule)
- Dokumentierte Graph-Scopes: Group.Read.All
- Hilfsdateien: Keine lokale Hilfsdatei erkannt.

## Verwendung

Noch kein geprüftes Aufrufbeispiel dokumentiert. Parameter mit `Get-Help './12_EntraID_GroupManagement/111_Get-DynamicGroupRules.ps1' -Full` lesen.

## Quelle

[PowerShell-Datei auf GitHub](https://github.com/Kaffeeundcode/Intune-Scripts/blob/main/12_EntraID_GroupManagement/111_Get-DynamicGroupRules.ps1)

Prüfungen gelten nur für den dokumentierten Quellstand und Testumfang.
","12_EntraID_GroupManagement","12_EntraID_GroupManagement/111_Get-DynamicGroupRules.ps1","unreviewed","Ungeprüft","false","normal"
"validate-dynamic-group","Validate-DynamicGroup","# Validate-DynamicGroup

**Prüfstatus: Ungeprüft**

Pausiert/Startet die Verarbeitung einer dynamischen Gruppe.

<!-- library-status:start -->
    Prüfstatus: Ungeprüft
    Windows- und Tenant-Abnahme ausstehend; keine pauschale Produktionsfreigabe.

    <!-- library-status:end -->

    Kann genutzt werden, um das ProcessingState neu zu triggern (wenn unterstützt).
    Hinweis: Direktes 'Validate' ist nur via UI einfach, hier prüfen wir den Status.
    Erfordert die Berechtigung 'Group.ReadWrite.All'.

## Prüfung

Keine fachliche Freigabe aus der Katalogerstellung ableiten.

- static: aktueller erfolgreicher Nachweis fehlt
- pester: aktueller erfolgreicher Nachweis fehlt
- windows: aktueller erfolgreicher Nachweis fehlt
- tenant: aktueller erfolgreicher Nachweis fehlt

## Voraussetzungen

- Module: Microsoft.Graph.Authentication, Microsoft.Graph (passende SDK-Untermodule)
- Dokumentierte Graph-Scopes: Group.ReadWrite.All
- Hilfsdateien: Keine lokale Hilfsdatei erkannt.

## Verwendung

Noch kein geprüftes Aufrufbeispiel dokumentiert. Parameter mit `Get-Help './12_EntraID_GroupManagement/112_Validate-DynamicGroup.ps1' -Full` lesen.

## Quelle

[PowerShell-Datei auf GitHub](https://github.com/Kaffeeundcode/Intune-Scripts/blob/main/12_EntraID_GroupManagement/112_Validate-DynamicGroup.ps1)

Prüfungen gelten nur für den dokumentierten Quellstand und Testumfang.
","12_EntraID_GroupManagement","12_EntraID_GroupManagement/112_Validate-DynamicGroup.ps1","unreviewed","Ungeprüft","false","normal"
"clone-group","Clone-Group","# Clone-Group

**Prüfstatus: Ungeprüft**

Klont eine statische Gruppe (nur Struktur, keine Mitglieder).

<!-- library-status:start -->
    Prüfstatus: Ungeprüft
    Windows- und Tenant-Abnahme ausstehend; keine pauschale Produktionsfreigabe.

    <!-- library-status:end -->

    Erstellt eine neue leere Gruppe mit demselben Namen (+ Copy) und Beschreibung.
    Erfordert die Berechtigung 'Group.ReadWrite.All'.

## Prüfung

Keine fachliche Freigabe aus der Katalogerstellung ableiten.

- static: aktueller erfolgreicher Nachweis fehlt
- pester: aktueller erfolgreicher Nachweis fehlt
- windows: aktueller erfolgreicher Nachweis fehlt
- tenant: aktueller erfolgreicher Nachweis fehlt

## Voraussetzungen

- Module: Microsoft.Graph.Authentication, Microsoft.Graph (passende SDK-Untermodule)
- Dokumentierte Graph-Scopes: Group.ReadWrite.All
- Hilfsdateien: Keine lokale Hilfsdatei erkannt.

## Verwendung

Noch kein geprüftes Aufrufbeispiel dokumentiert. Parameter mit `Get-Help './12_EntraID_GroupManagement/113_Clone-Group.ps1' -Full` lesen.

## Quelle

[PowerShell-Datei auf GitHub](https://github.com/Kaffeeundcode/Intune-Scripts/blob/main/12_EntraID_GroupManagement/113_Clone-Group.ps1)

Prüfungen gelten nur für den dokumentierten Quellstand und Testumfang.
","12_EntraID_GroupManagement","12_EntraID_GroupManagement/113_Clone-Group.ps1","unreviewed","Ungeprüft","false","elevated"
"get-group-owners","Get-GroupOwners","# Get-GroupOwners

**Prüfstatus: Ungeprüft**

Zeigt die Besitzer (Owners) einer Gruppe.

<!-- library-status:start -->
    Prüfstatus: Ungeprüft
    Windows- und Tenant-Abnahme ausstehend; keine pauschale Produktionsfreigabe.

    <!-- library-status:end -->

    Listet User auf, die Owner-Rechte an der Gruppe haben.
    Erfordert die Berechtigung 'Group.Read.All'.

## Prüfung

Keine fachliche Freigabe aus der Katalogerstellung ableiten.

- static: aktueller erfolgreicher Nachweis fehlt
- pester: aktueller erfolgreicher Nachweis fehlt
- windows: aktueller erfolgreicher Nachweis fehlt
- tenant: aktueller erfolgreicher Nachweis fehlt

## Voraussetzungen

- Module: Microsoft.Graph.Authentication, Microsoft.Graph (passende SDK-Untermodule)
- Dokumentierte Graph-Scopes: Group.Read.All
- Hilfsdateien: Keine lokale Hilfsdatei erkannt.

## Verwendung

Noch kein geprüftes Aufrufbeispiel dokumentiert. Parameter mit `Get-Help './12_EntraID_GroupManagement/114_Get-GroupOwners.ps1' -Full` lesen.

## Quelle

[PowerShell-Datei auf GitHub](https://github.com/Kaffeeundcode/Intune-Scripts/blob/main/12_EntraID_GroupManagement/114_Get-GroupOwners.ps1)

Prüfungen gelten nur für den dokumentierten Quellstand und Testumfang.
","12_EntraID_GroupManagement","12_EntraID_GroupManagement/114_Get-GroupOwners.ps1","unreviewed","Ungeprüft","false","normal"
"set-group-owner","Set-GroupOwner","# Set-GroupOwner

**Prüfstatus: Ungeprüft**

Fügt einen Owner zu einer Gruppe hinzu.

<!-- library-status:start -->
    Prüfstatus: Ungeprüft
    Windows- und Tenant-Abnahme ausstehend; keine pauschale Produktionsfreigabe.

    <!-- library-status:end -->

    Macht einen User zum Besitzer einer Gruppe.
    Erfordert die Berechtigung 'Group.ReadWrite.All'.

## Prüfung

Keine fachliche Freigabe aus der Katalogerstellung ableiten.

- static: aktueller erfolgreicher Nachweis fehlt
- pester: aktueller erfolgreicher Nachweis fehlt
- windows: aktueller erfolgreicher Nachweis fehlt
- tenant: aktueller erfolgreicher Nachweis fehlt

## Voraussetzungen

- Module: Microsoft.Graph.Authentication, Microsoft.Graph (passende SDK-Untermodule)
- Dokumentierte Graph-Scopes: Group.ReadWrite.All
- Hilfsdateien: Keine lokale Hilfsdatei erkannt.

## Verwendung

Noch kein geprüftes Aufrufbeispiel dokumentiert. Parameter mit `Get-Help './12_EntraID_GroupManagement/115_Set-GroupOwner.ps1' -Full` lesen.

## Quelle

[PowerShell-Datei auf GitHub](https://github.com/Kaffeeundcode/Intune-Scripts/blob/main/12_EntraID_GroupManagement/115_Set-GroupOwner.ps1)

Prüfungen gelten nur für den dokumentierten Quellstand und Testumfang.
","12_EntraID_GroupManagement","12_EntraID_GroupManagement/115_Set-GroupOwner.ps1","unreviewed","Ungeprüft","false","elevated"
"find-orphaned-groups","Find-OrphanedGroups","# Find-OrphanedGroups

**Prüfstatus: Ungeprüft**

Findet Gruppen ohne Besitzer (Orphaned Groups).

<!-- library-status:start -->
    Prüfstatus: Ungeprüft
    Windows- und Tenant-Abnahme ausstehend; keine pauschale Produktionsfreigabe.

    <!-- library-status:end -->

    Durchsucht alle Gruppen und prüft, ob die Owner-Liste leer ist.
    Erfordert die Berechtigung 'Group.Read.All'.

## Prüfung

Keine fachliche Freigabe aus der Katalogerstellung ableiten.

- static: aktueller erfolgreicher Nachweis fehlt
- pester: aktueller erfolgreicher Nachweis fehlt
- windows: aktueller erfolgreicher Nachweis fehlt
- tenant: aktueller erfolgreicher Nachweis fehlt

## Voraussetzungen

- Module: Microsoft.Graph.Authentication, Microsoft.Graph (passende SDK-Untermodule)
- Dokumentierte Graph-Scopes: Group.Read.All
- Hilfsdateien: Keine lokale Hilfsdatei erkannt.

## Verwendung

Noch kein geprüftes Aufrufbeispiel dokumentiert. Parameter mit `Get-Help './12_EntraID_GroupManagement/116_Find-OrphanedGroups.ps1' -Full` lesen.

## Quelle

[PowerShell-Datei auf GitHub](https://github.com/Kaffeeundcode/Intune-Scripts/blob/main/12_EntraID_GroupManagement/116_Find-OrphanedGroups.ps1)

Prüfungen gelten nur für den dokumentierten Quellstand und Testumfang.
","12_EntraID_GroupManagement","12_EntraID_GroupManagement/116_Find-OrphanedGroups.ps1","unreviewed","Ungeprüft","false","normal"
"get-group-license-details","Get-GroupLicenseDetails","# Get-GroupLicenseDetails

**Prüfstatus: Ungeprüft**

Prüft, ob einer Gruppe Lizenzen zugewiesen sind (Group Based Licensing).

<!-- library-status:start -->
    Prüfstatus: Ungeprüft
    Windows- und Tenant-Abnahme ausstehend; keine pauschale Produktionsfreigabe.

    <!-- library-status:end -->

    Zeigt zugewiesene Lizenzen auf Gruppenebene an.
    Erfordert die Berechtigung 'Group.Read.All'.

## Prüfung

Keine fachliche Freigabe aus der Katalogerstellung ableiten.

- static: aktueller erfolgreicher Nachweis fehlt
- pester: aktueller erfolgreicher Nachweis fehlt
- windows: aktueller erfolgreicher Nachweis fehlt
- tenant: aktueller erfolgreicher Nachweis fehlt

## Voraussetzungen

- Module: Microsoft.Graph.Authentication, Microsoft.Graph (passende SDK-Untermodule)
- Dokumentierte Graph-Scopes: Group.Read.All
- Hilfsdateien: Keine lokale Hilfsdatei erkannt.

## Verwendung

Noch kein geprüftes Aufrufbeispiel dokumentiert. Parameter mit `Get-Help './12_EntraID_GroupManagement/117_Get-GroupLicenseDetails.ps1' -Full` lesen.

## Quelle

[PowerShell-Datei auf GitHub](https://github.com/Kaffeeundcode/Intune-Scripts/blob/main/12_EntraID_GroupManagement/117_Get-GroupLicenseDetails.ps1)

Prüfungen gelten nur für den dokumentierten Quellstand und Testumfang.
","12_EntraID_GroupManagement","12_EntraID_GroupManagement/117_Get-GroupLicenseDetails.ps1","unreviewed","Ungeprüft","false","normal"
"hidden-group-membership","Hidden-GroupMembership","# Hidden-GroupMembership

**Prüfstatus: Ungeprüft**

Erstellt eine Gruppe mit versteckter Mitgliedschaft (HiddenMembership).

<!-- library-status:start -->
    Prüfstatus: Ungeprüft
    Windows- und Tenant-Abnahme ausstehend; keine pauschale Produktionsfreigabe.

    <!-- library-status:end -->

    Erstellt eine M365/Security Gruppe, deren Mitglieder für User nicht sichtbar sind.
    Erfordert die Berechtigung 'Group.ReadWrite.All'.

## Prüfung

Keine fachliche Freigabe aus der Katalogerstellung ableiten.

- static: aktueller erfolgreicher Nachweis fehlt
- pester: aktueller erfolgreicher Nachweis fehlt
- windows: aktueller erfolgreicher Nachweis fehlt
- tenant: aktueller erfolgreicher Nachweis fehlt

## Voraussetzungen

- Module: Microsoft.Graph.Authentication, Microsoft.Graph (passende SDK-Untermodule)
- Dokumentierte Graph-Scopes: Group.ReadWrite.All
- Hilfsdateien: Keine lokale Hilfsdatei erkannt.

## Verwendung

Noch kein geprüftes Aufrufbeispiel dokumentiert. Parameter mit `Get-Help './12_EntraID_GroupManagement/118_Hidden-GroupMembership.ps1' -Full` lesen.

## Quelle

[PowerShell-Datei auf GitHub](https://github.com/Kaffeeundcode/Intune-Scripts/blob/main/12_EntraID_GroupManagement/118_Hidden-GroupMembership.ps1)

Prüfungen gelten nur für den dokumentierten Quellstand und Testumfang.
","12_EntraID_GroupManagement","12_EntraID_GroupManagement/118_Hidden-GroupMembership.ps1","unreviewed","Ungeprüft","false","elevated"
"export-group-members-csv","Export-GroupMembers-CSV","# Export-GroupMembers-CSV

**Prüfstatus: Ungeprüft**

Exportiert Gruppenmitglieder in CSV.

<!-- library-status:start -->
    Prüfstatus: Ungeprüft
    Windows- und Tenant-Abnahme ausstehend; keine pauschale Produktionsfreigabe.

    <!-- library-status:end -->

    Liest alle Member und speichert sie.
    Erfordert die Berechtigung 'GroupMember.Read.All'.

## Prüfung

Keine fachliche Freigabe aus der Katalogerstellung ableiten.

- static: aktueller erfolgreicher Nachweis fehlt
- pester: aktueller erfolgreicher Nachweis fehlt
- windows: aktueller erfolgreicher Nachweis fehlt
- tenant: aktueller erfolgreicher Nachweis fehlt

## Voraussetzungen

- Module: Microsoft.Graph.Authentication, Microsoft.Graph (passende SDK-Untermodule)
- Dokumentierte Graph-Scopes: GroupMember.Read.All
- Hilfsdateien: Keine lokale Hilfsdatei erkannt.

## Verwendung

Noch kein geprüftes Aufrufbeispiel dokumentiert. Parameter mit `Get-Help './12_EntraID_GroupManagement/119_Export-GroupMembers-CSV.ps1' -Full` lesen.

## Quelle

[PowerShell-Datei auf GitHub](https://github.com/Kaffeeundcode/Intune-Scripts/blob/main/12_EntraID_GroupManagement/119_Export-GroupMembers-CSV.ps1)

Prüfungen gelten nur für den dokumentierten Quellstand und Testumfang.
","12_EntraID_GroupManagement","12_EntraID_GroupManagement/119_Export-GroupMembers-CSV.ps1","unreviewed","Ungeprüft","false","normal"
"sync-on-prem-groups","Sync-OnPremGroups","# Sync-OnPremGroups

**Prüfstatus: Ungeprüft**

Prüft Sync-Status von On-Premises Gruppen.

<!-- library-status:start -->
    Prüfstatus: Ungeprüft
    Windows- und Tenant-Abnahme ausstehend; keine pauschale Produktionsfreigabe.

    <!-- library-status:end -->

    Zeigt an, wann eine synchronisierte Gruppe zuletzt aktualisiert wurde.
    Erfordert die Berechtigung 'Group.Read.All'.

## Prüfung

Keine fachliche Freigabe aus der Katalogerstellung ableiten.

- static: aktueller erfolgreicher Nachweis fehlt
- pester: aktueller erfolgreicher Nachweis fehlt
- windows: aktueller erfolgreicher Nachweis fehlt
- tenant: aktueller erfolgreicher Nachweis fehlt

## Voraussetzungen

- Module: Microsoft.Graph.Authentication, Microsoft.Graph (passende SDK-Untermodule)
- Dokumentierte Graph-Scopes: Group.Read.All
- Hilfsdateien: Keine lokale Hilfsdatei erkannt.

## Verwendung

Noch kein geprüftes Aufrufbeispiel dokumentiert. Parameter mit `Get-Help './12_EntraID_GroupManagement/120_Sync-OnPremGroups.ps1' -Full` lesen.

## Quelle

[PowerShell-Datei auf GitHub](https://github.com/Kaffeeundcode/Intune-Scripts/blob/main/12_EntraID_GroupManagement/120_Sync-OnPremGroups.ps1)

Prüfungen gelten nur für den dokumentierten Quellstand und Testumfang.
","12_EntraID_GroupManagement","12_EntraID_GroupManagement/120_Sync-OnPremGroups.ps1","unreviewed","Ungeprüft","false","normal"
"get-app-registrations","Get-AppRegistrations","# Get-AppRegistrations

**Prüfstatus: Ungeprüft**

Listet alle App Registrations auf.

<!-- library-status:start -->
    Prüfstatus: Ungeprüft
    Windows- und Tenant-Abnahme ausstehend; keine pauschale Produktionsfreigabe.

    <!-- library-status:end -->

    Ruft alle registrierten Anwendungen (Applications) im Tenant ab.
    Erfordert die Berechtigung 'Application.Read.All'.

## Prüfung

Keine fachliche Freigabe aus der Katalogerstellung ableiten.

- static: aktueller erfolgreicher Nachweis fehlt
- pester: aktueller erfolgreicher Nachweis fehlt
- windows: aktueller erfolgreicher Nachweis fehlt
- tenant: aktueller erfolgreicher Nachweis fehlt

## Voraussetzungen

- Module: Microsoft.Graph.Authentication, Microsoft.Graph (passende SDK-Untermodule)
- Dokumentierte Graph-Scopes: Application.Read.All
- Hilfsdateien: Keine lokale Hilfsdatei erkannt.

## Verwendung

Noch kein geprüftes Aufrufbeispiel dokumentiert. Parameter mit `Get-Help './13_EntraID_AppRegistration/121_Get-AppRegistrations.ps1' -Full` lesen.

## Quelle

[PowerShell-Datei auf GitHub](https://github.com/Kaffeeundcode/Intune-Scripts/blob/main/13_EntraID_AppRegistration/121_Get-AppRegistrations.ps1)

Prüfungen gelten nur für den dokumentierten Quellstand und Testumfang.
","13_EntraID_AppRegistration","13_EntraID_AppRegistration/121_Get-AppRegistrations.ps1","unreviewed","Ungeprüft","false","normal"
"create-app-registration","Create-AppRegistration","# Create-AppRegistration

**Prüfstatus: Ungeprüft**

Erstellt eine neue App Registration.

<!-- library-status:start -->
    Prüfstatus: Ungeprüft
    Windows- und Tenant-Abnahme ausstehend; keine pauschale Produktionsfreigabe.

    <!-- library-status:end -->

    Registriert eine neue Anwendung (Client App).
    Erfordert die Berechtigung 'Application.ReadWrite.All'.

## Prüfung

Keine fachliche Freigabe aus der Katalogerstellung ableiten.

- static: aktueller erfolgreicher Nachweis fehlt
- pester: aktueller erfolgreicher Nachweis fehlt
- windows: aktueller erfolgreicher Nachweis fehlt
- tenant: aktueller erfolgreicher Nachweis fehlt

## Voraussetzungen

- Module: Microsoft.Graph.Authentication, Microsoft.Graph (passende SDK-Untermodule)
- Dokumentierte Graph-Scopes: Application.ReadWrite.All
- Hilfsdateien: Keine lokale Hilfsdatei erkannt.

## Verwendung

Noch kein geprüftes Aufrufbeispiel dokumentiert. Parameter mit `Get-Help './13_EntraID_AppRegistration/122_Create-AppRegistration.ps1' -Full` lesen.

## Quelle

[PowerShell-Datei auf GitHub](https://github.com/Kaffeeundcode/Intune-Scripts/blob/main/13_EntraID_AppRegistration/122_Create-AppRegistration.ps1)

Prüfungen gelten nur für den dokumentierten Quellstand und Testumfang.
","13_EntraID_AppRegistration","13_EntraID_AppRegistration/122_Create-AppRegistration.ps1","unreviewed","Ungeprüft","false","elevated"
"add-app-secret","Add-AppSecret","# Add-AppSecret

**Prüfstatus: Ungeprüft**

Fügt einer App ein Client Secret hinzu.

<!-- library-status:start -->
    Prüfstatus: Ungeprüft
    Windows- und Tenant-Abnahme ausstehend; keine pauschale Produktionsfreigabe.

    <!-- library-status:end -->

    Erstellt einen neuen geheimen Schlüssel (Secret) für eine App.
    WICHTIG: Das Secret wird nur einmal angezeigt!
    Erfordert die Berechtigung 'Application.ReadWrite.All'.

## Prüfung

Keine fachliche Freigabe aus der Katalogerstellung ableiten.

- static: aktueller erfolgreicher Nachweis fehlt
- pester: aktueller erfolgreicher Nachweis fehlt
- windows: aktueller erfolgreicher Nachweis fehlt
- tenant: aktueller erfolgreicher Nachweis fehlt

## Voraussetzungen

- Module: Microsoft.Graph.Authentication, Microsoft.Graph (passende SDK-Untermodule)
- Dokumentierte Graph-Scopes: Application.ReadWrite.All
- Hilfsdateien: Keine lokale Hilfsdatei erkannt.

## Verwendung

Noch kein geprüftes Aufrufbeispiel dokumentiert. Parameter mit `Get-Help './13_EntraID_AppRegistration/123_Add-AppSecret.ps1' -Full` lesen.

## Quelle

[PowerShell-Datei auf GitHub](https://github.com/Kaffeeundcode/Intune-Scripts/blob/main/13_EntraID_AppRegistration/123_Add-AppSecret.ps1)

Prüfungen gelten nur für den dokumentierten Quellstand und Testumfang.
","13_EntraID_AppRegistration","13_EntraID_AppRegistration/123_Add-AppSecret.ps1","unreviewed","Ungeprüft","false","normal"
"get-expiring-secrets","Get-ExpiringSecrets","# Get-ExpiringSecrets

**Prüfstatus: Ungeprüft**

Findet ablaufende Secrets.

<!-- library-status:start -->
    Prüfstatus: Ungeprüft
    Windows- und Tenant-Abnahme ausstehend; keine pauschale Produktionsfreigabe.

    <!-- library-status:end -->

    Durchsucht Apps nach Secrets, die bald ablaufen.
    Erfordert die Berechtigung 'Application.Read.All'.

## Prüfung

Keine fachliche Freigabe aus der Katalogerstellung ableiten.

- static: aktueller erfolgreicher Nachweis fehlt
- pester: aktueller erfolgreicher Nachweis fehlt
- windows: aktueller erfolgreicher Nachweis fehlt
- tenant: aktueller erfolgreicher Nachweis fehlt

## Voraussetzungen

- Module: Microsoft.Graph.Authentication, Microsoft.Graph (passende SDK-Untermodule)
- Dokumentierte Graph-Scopes: Application.Read.All
- Hilfsdateien: Keine lokale Hilfsdatei erkannt.

## Verwendung

Noch kein geprüftes Aufrufbeispiel dokumentiert. Parameter mit `Get-Help './13_EntraID_AppRegistration/124_Get-ExpiringSecrets.ps1' -Full` lesen.

## Quelle

[PowerShell-Datei auf GitHub](https://github.com/Kaffeeundcode/Intune-Scripts/blob/main/13_EntraID_AppRegistration/124_Get-ExpiringSecrets.ps1)

Prüfungen gelten nur für den dokumentierten Quellstand und Testumfang.
","13_EntraID_AppRegistration","13_EntraID_AppRegistration/124_Get-ExpiringSecrets.ps1","unreviewed","Ungeprüft","false","normal"
"grant-admin-consent","Grant-AdminConsent","# Grant-AdminConsent

**Prüfstatus: Ungeprüft**

Erteilt Admin Consent für Permissions.

<!-- library-status:start -->
    Prüfstatus: Ungeprüft
    Windows- und Tenant-Abnahme ausstehend; keine pauschale Produktionsfreigabe.

    <!-- library-status:end -->

    Genehmigt angeforderte Berechtigungen für eine App/Service Principal.
    Erfordert die Berechtigung 'AppRoleAssignment.ReadWrite.All' oder Global Admin.

## Prüfung

Keine fachliche Freigabe aus der Katalogerstellung ableiten.

- static: aktueller erfolgreicher Nachweis fehlt
- pester: aktueller erfolgreicher Nachweis fehlt
- windows: aktueller erfolgreicher Nachweis fehlt
- tenant: aktueller erfolgreicher Nachweis fehlt

## Voraussetzungen

- Module: Microsoft.Graph (passende SDK-Untermodule)
- Dokumentierte Graph-Scopes: AppRoleAssignment.ReadWrite.All
- Hilfsdateien: Keine lokale Hilfsdatei erkannt.

## Verwendung

Noch kein geprüftes Aufrufbeispiel dokumentiert. Parameter mit `Get-Help './13_EntraID_AppRegistration/125_Grant-AdminConsent.ps1' -Full` lesen.

## Quelle

[PowerShell-Datei auf GitHub](https://github.com/Kaffeeundcode/Intune-Scripts/blob/main/13_EntraID_AppRegistration/125_Grant-AdminConsent.ps1)

Prüfungen gelten nur für den dokumentierten Quellstand und Testumfang.
","13_EntraID_AppRegistration","13_EntraID_AppRegistration/125_Grant-AdminConsent.ps1","unreviewed","Ungeprüft","false","elevated"
"get-service-principals","Get-ServicePrincipals","# Get-ServicePrincipals

**Prüfstatus: Ungeprüft**

Listet Enterprise Applications (Service Principals) auf.

<!-- library-status:start -->
    Prüfstatus: Ungeprüft
    Windows- und Tenant-Abnahme ausstehend; keine pauschale Produktionsfreigabe.

    <!-- library-status:end -->

    Unterschied zu App Registration: Dies sind die Instanzen im lokalen Tenant.
    Erfordert die Berechtigung 'Application.Read.All'.

## Prüfung

Keine fachliche Freigabe aus der Katalogerstellung ableiten.

- static: aktueller erfolgreicher Nachweis fehlt
- pester: aktueller erfolgreicher Nachweis fehlt
- windows: aktueller erfolgreicher Nachweis fehlt
- tenant: aktueller erfolgreicher Nachweis fehlt

## Voraussetzungen

- Module: Microsoft.Graph.Authentication, Microsoft.Graph (passende SDK-Untermodule)
- Dokumentierte Graph-Scopes: Application.Read.All
- Hilfsdateien: Keine lokale Hilfsdatei erkannt.

## Verwendung

Noch kein geprüftes Aufrufbeispiel dokumentiert. Parameter mit `Get-Help './13_EntraID_AppRegistration/126_Get-ServicePrincipals.ps1' -Full` lesen.

## Quelle

[PowerShell-Datei auf GitHub](https://github.com/Kaffeeundcode/Intune-Scripts/blob/main/13_EntraID_AppRegistration/126_Get-ServicePrincipals.ps1)

Prüfungen gelten nur für den dokumentierten Quellstand und Testumfang.
","13_EntraID_AppRegistration","13_EntraID_AppRegistration/126_Get-ServicePrincipals.ps1","unreviewed","Ungeprüft","false","normal"
"remove-app-registration","Remove-AppRegistration","# Remove-AppRegistration

**Prüfstatus: Ungeprüft**

Löscht eine App Registration.

<!-- library-status:start -->
    Prüfstatus: Ungeprüft
    Windows- und Tenant-Abnahme ausstehend; keine pauschale Produktionsfreigabe.

    <!-- library-status:end -->

    Entfernt die App endgültig.
    Erfordert die Berechtigung 'Application.ReadWrite.All'.

## Prüfung

Keine fachliche Freigabe aus der Katalogerstellung ableiten.

- static: aktueller erfolgreicher Nachweis fehlt
- pester: aktueller erfolgreicher Nachweis fehlt
- windows: aktueller erfolgreicher Nachweis fehlt
- tenant: aktueller erfolgreicher Nachweis fehlt

## Voraussetzungen

- Module: Microsoft.Graph.Authentication, Microsoft.Graph (passende SDK-Untermodule)
- Dokumentierte Graph-Scopes: Application.ReadWrite.All
- Hilfsdateien: Keine lokale Hilfsdatei erkannt.

## Verwendung

Noch kein geprüftes Aufrufbeispiel dokumentiert. Parameter mit `Get-Help './13_EntraID_AppRegistration/127_Remove-AppRegistration.ps1' -Full` lesen.

## Quelle

[PowerShell-Datei auf GitHub](https://github.com/Kaffeeundcode/Intune-Scripts/blob/main/13_EntraID_AppRegistration/127_Remove-AppRegistration.ps1)

Prüfungen gelten nur für den dokumentierten Quellstand und Testumfang.
","13_EntraID_AppRegistration","13_EntraID_AppRegistration/127_Remove-AppRegistration.ps1","unreviewed","Ungeprüft","false","elevated"
"get-app-permissions","Get-AppPermissions","# Get-AppPermissions

**Prüfstatus: Ungeprüft**

Zeigt die konfigurierten API-Permissions einer App.

<!-- library-status:start -->
    Prüfstatus: Ungeprüft
    Windows- und Tenant-Abnahme ausstehend; keine pauschale Produktionsfreigabe.

    <!-- library-status:end -->

    Liest 'RequiredResourceAccess' aus.
    Erfordert die Berechtigung 'Application.Read.All'.

## Prüfung

Keine fachliche Freigabe aus der Katalogerstellung ableiten.

- static: aktueller erfolgreicher Nachweis fehlt
- pester: aktueller erfolgreicher Nachweis fehlt
- windows: aktueller erfolgreicher Nachweis fehlt
- tenant: aktueller erfolgreicher Nachweis fehlt

## Voraussetzungen

- Module: Microsoft.Graph.Authentication, Microsoft.Graph (passende SDK-Untermodule)
- Dokumentierte Graph-Scopes: Application.Read.All
- Hilfsdateien: Keine lokale Hilfsdatei erkannt.

## Verwendung

Noch kein geprüftes Aufrufbeispiel dokumentiert. Parameter mit `Get-Help './13_EntraID_AppRegistration/128_Get-AppPermissions.ps1' -Full` lesen.

## Quelle

[PowerShell-Datei auf GitHub](https://github.com/Kaffeeundcode/Intune-Scripts/blob/main/13_EntraID_AppRegistration/128_Get-AppPermissions.ps1)

Prüfungen gelten nur für den dokumentierten Quellstand und Testumfang.
","13_EntraID_AppRegistration","13_EntraID_AppRegistration/128_Get-AppPermissions.ps1","unreviewed","Ungeprüft","false","normal"
"update-app-manifest","Update-AppManifest","# Update-AppManifest

**Prüfstatus: Ungeprüft**

Aktualisiert das App-Manifest (Advanced).

<!-- library-status:start -->
    Prüfstatus: Ungeprüft
    Windows- und Tenant-Abnahme ausstehend; keine pauschale Produktionsfreigabe.

    <!-- library-status:end -->

    Lädt ein JSON hoch, um das Manifest zu ändern.
    Erfordert die Berechtigung 'Application.ReadWrite.All'.

## Prüfung

Keine fachliche Freigabe aus der Katalogerstellung ableiten.

- static: aktueller erfolgreicher Nachweis fehlt
- pester: aktueller erfolgreicher Nachweis fehlt
- windows: aktueller erfolgreicher Nachweis fehlt
- tenant: aktueller erfolgreicher Nachweis fehlt

## Voraussetzungen

- Module: Skript prüfen; keine Cloud-Module erkannt.
- Dokumentierte Graph-Scopes: Application.ReadWrite.All
- Hilfsdateien: Keine lokale Hilfsdatei erkannt.

## Verwendung

Noch kein geprüftes Aufrufbeispiel dokumentiert. Parameter mit `Get-Help './13_EntraID_AppRegistration/129_Update-AppManifest.ps1' -Full` lesen.

## Quelle

[PowerShell-Datei auf GitHub](https://github.com/Kaffeeundcode/Intune-Scripts/blob/main/13_EntraID_AppRegistration/129_Update-AppManifest.ps1)

Prüfungen gelten nur für den dokumentierten Quellstand und Testumfang.
","13_EntraID_AppRegistration","13_EntraID_AppRegistration/129_Update-AppManifest.ps1","unreviewed","Ungeprüft","false","normal"
"check-app-sign-in-logs","Check-AppSignInLogs","# Check-AppSignInLogs

**Prüfstatus: Ungeprüft**

Prüft Sign-Ins für eine spezifische App.

<!-- library-status:start -->
    Prüfstatus: Ungeprüft
    Windows- und Tenant-Abnahme ausstehend; keine pauschale Produktionsfreigabe.

    <!-- library-status:end -->

    Zeigt, wer sich wann an dieser App angemeldet hat.
    Erfordert die Berechtigung 'AuditLog.Read.All'.

## Prüfung

Keine fachliche Freigabe aus der Katalogerstellung ableiten.

- static: aktueller erfolgreicher Nachweis fehlt
- pester: aktueller erfolgreicher Nachweis fehlt
- windows: aktueller erfolgreicher Nachweis fehlt
- tenant: aktueller erfolgreicher Nachweis fehlt

## Voraussetzungen

- Module: Microsoft.Graph.Authentication, Microsoft.Graph (passende SDK-Untermodule)
- Dokumentierte Graph-Scopes: AuditLog.Read.All
- Hilfsdateien: Keine lokale Hilfsdatei erkannt.

## Verwendung

Noch kein geprüftes Aufrufbeispiel dokumentiert. Parameter mit `Get-Help './13_EntraID_AppRegistration/130_Check-AppSignInLogs.ps1' -Full` lesen.

## Quelle

[PowerShell-Datei auf GitHub](https://github.com/Kaffeeundcode/Intune-Scripts/blob/main/13_EntraID_AppRegistration/130_Check-AppSignInLogs.ps1)

Prüfungen gelten nur für den dokumentierten Quellstand und Testumfang.
","13_EntraID_AppRegistration","13_EntraID_AppRegistration/130_Check-AppSignInLogs.ps1","unreviewed","Ungeprüft","false","normal"
"get-capolicies","Get-CAPolicies","# Get-CAPolicies

**Prüfstatus: Ungeprüft**

Listet alle Conditional Access Policies auf.

<!-- library-status:start -->
    Prüfstatus: Ungeprüft
    Windows- und Tenant-Abnahme ausstehend; keine pauschale Produktionsfreigabe.

    <!-- library-status:end -->

    Ruft alle bedingten Zugriffsregeln ab.
    Erfordert die Berechtigung 'Policy.Read.All'.

## Prüfung

Keine fachliche Freigabe aus der Katalogerstellung ableiten.

- static: aktueller erfolgreicher Nachweis fehlt
- pester: aktueller erfolgreicher Nachweis fehlt
- windows: aktueller erfolgreicher Nachweis fehlt
- tenant: aktueller erfolgreicher Nachweis fehlt

## Voraussetzungen

- Module: Microsoft.Graph.Authentication, Microsoft.Graph (passende SDK-Untermodule)
- Dokumentierte Graph-Scopes: Policy.Read.All
- Hilfsdateien: Keine lokale Hilfsdatei erkannt.

## Verwendung

Noch kein geprüftes Aufrufbeispiel dokumentiert. Parameter mit `Get-Help './14_EntraID_Security_CA/131_Get-CAPolicies.ps1' -Full` lesen.

## Quelle

[PowerShell-Datei auf GitHub](https://github.com/Kaffeeundcode/Intune-Scripts/blob/main/14_EntraID_Security_CA/131_Get-CAPolicies.ps1)

Prüfungen gelten nur für den dokumentierten Quellstand und Testumfang.
","14_EntraID_Security_CA","14_EntraID_Security_CA/131_Get-CAPolicies.ps1","unreviewed","Ungeprüft","false","normal"
"backup-capolicies","Backup-CAPolicies","# Backup-CAPolicies

**Prüfstatus: Ungeprüft**

Backup aller CA Policies (JSON).

<!-- library-status:start -->
    Prüfstatus: Ungeprüft
    Windows- und Tenant-Abnahme ausstehend; keine pauschale Produktionsfreigabe.

    <!-- library-status:end -->

    Exportiert jede Policy als JSON.
    Erfordert die Berechtigung 'Policy.Read.All'.

## Prüfung

Keine fachliche Freigabe aus der Katalogerstellung ableiten.

- static: aktueller erfolgreicher Nachweis fehlt
- pester: aktueller erfolgreicher Nachweis fehlt
- windows: aktueller erfolgreicher Nachweis fehlt
- tenant: aktueller erfolgreicher Nachweis fehlt

## Voraussetzungen

- Module: Microsoft.Graph.Authentication, Microsoft.Graph (passende SDK-Untermodule)
- Dokumentierte Graph-Scopes: Policy.Read.All
- Hilfsdateien: Keine lokale Hilfsdatei erkannt.

## Verwendung

Noch kein geprüftes Aufrufbeispiel dokumentiert. Parameter mit `Get-Help './14_EntraID_Security_CA/132_Backup-CAPolicies.ps1' -Full` lesen.

## Quelle

[PowerShell-Datei auf GitHub](https://github.com/Kaffeeundcode/Intune-Scripts/blob/main/14_EntraID_Security_CA/132_Backup-CAPolicies.ps1)

Prüfungen gelten nur für den dokumentierten Quellstand und Testumfang.
","14_EntraID_Security_CA","14_EntraID_Security_CA/132_Backup-CAPolicies.ps1","unreviewed","Ungeprüft","false","elevated"
"get-capolicy-status","Get-CAPolicyStatus","# Get-CAPolicyStatus

**Prüfstatus: Ungeprüft**

Zeigt Status (Enabled/Disabled/ReportOnly) von CA Policies.

<!-- library-status:start -->
    Prüfstatus: Ungeprüft
    Windows- und Tenant-Abnahme ausstehend; keine pauschale Produktionsfreigabe.

    <!-- library-status:end -->

    Schnelle Übersicht über aktive vs. inaktive Regeln.
    Erfordert die Berechtigung 'Policy.Read.All'.

## Prüfung

Keine fachliche Freigabe aus der Katalogerstellung ableiten.

- static: aktueller erfolgreicher Nachweis fehlt
- pester: aktueller erfolgreicher Nachweis fehlt
- windows: aktueller erfolgreicher Nachweis fehlt
- tenant: aktueller erfolgreicher Nachweis fehlt

## Voraussetzungen

- Module: Microsoft.Graph.Authentication, Microsoft.Graph (passende SDK-Untermodule)
- Dokumentierte Graph-Scopes: Policy.Read.All
- Hilfsdateien: Keine lokale Hilfsdatei erkannt.

## Verwendung

Noch kein geprüftes Aufrufbeispiel dokumentiert. Parameter mit `Get-Help './14_EntraID_Security_CA/133_Get-CAPolicyStatus.ps1' -Full` lesen.

## Quelle

[PowerShell-Datei auf GitHub](https://github.com/Kaffeeundcode/Intune-Scripts/blob/main/14_EntraID_Security_CA/133_Get-CAPolicyStatus.ps1)

Prüfungen gelten nur für den dokumentierten Quellstand und Testumfang.
","14_EntraID_Security_CA","14_EntraID_Security_CA/133_Get-CAPolicyStatus.ps1","unreviewed","Ungeprüft","false","normal"
"create-emergency-account","Create-Emergency-Account","# Create-Emergency-Account

**Prüfstatus: Beispiel**

Erstellt einen Break-Glass Account (Notfall-Admin).

<!-- library-status:start -->
    Prüfstatus: Beispiel
    Enthaelt Beispiel-/Platzhalterlogik; kein abgeschlossener Betriebsablauf.

    <!-- library-status:end -->

    Legt einen Cloud-Only User an, der von CA-Policies ausgenommen werden sollte.
    Erfordert die Berechtigung 'User.ReadWrite.All'.

## Prüfung

- Enthaelt Beispiel-/Platzhalterlogik; kein abgeschlossener Betriebsablauf.

- static: aktueller erfolgreicher Nachweis fehlt
- pester: aktueller erfolgreicher Nachweis fehlt
- windows: aktueller erfolgreicher Nachweis fehlt
- tenant: aktueller erfolgreicher Nachweis fehlt

## Voraussetzungen

- Module: Skript prüfen; keine Cloud-Module erkannt.
- Dokumentierte Graph-Scopes: User.ReadWrite.All
- Hilfsdateien: Keine lokale Hilfsdatei erkannt.

## Verwendung

Noch kein geprüftes Aufrufbeispiel dokumentiert. Parameter mit `Get-Help './14_EntraID_Security_CA/134_Create-Emergency-Account.ps1' -Full` lesen.

## Quelle

[PowerShell-Datei auf GitHub](https://github.com/Kaffeeundcode/Intune-Scripts/blob/main/14_EntraID_Security_CA/134_Create-Emergency-Account.ps1)

Prüfungen gelten nur für den dokumentierten Quellstand und Testumfang.
","14_EntraID_Security_CA","14_EntraID_Security_CA/134_Create-Emergency-Account.ps1","example","Beispiel","false","elevated"
"get-mfa-status","Get-MfaStatus","# Get-MfaStatus

**Prüfstatus: Ungeprüft**

Prüft MFA Registrierungen (Authentication Methods).

<!-- library-status:start -->
    Prüfstatus: Ungeprüft
    Windows- und Tenant-Abnahme ausstehend; keine pauschale Produktionsfreigabe.

    <!-- library-status:end -->

    Zeigt, welche Auth-Methoden ein User registriert hat (App, Phone etc.).
    Erfordert die Berechtigung 'UserAuthenticationMethod.Read.All'.

## Prüfung

Keine fachliche Freigabe aus der Katalogerstellung ableiten.

- static: aktueller erfolgreicher Nachweis fehlt
- pester: aktueller erfolgreicher Nachweis fehlt
- windows: aktueller erfolgreicher Nachweis fehlt
- tenant: aktueller erfolgreicher Nachweis fehlt

## Voraussetzungen

- Module: Microsoft.Graph.Authentication, Microsoft.Graph (passende SDK-Untermodule)
- Dokumentierte Graph-Scopes: UserAuthenticationMethod.Read.All
- Hilfsdateien: Keine lokale Hilfsdatei erkannt.

## Verwendung

Noch kein geprüftes Aufrufbeispiel dokumentiert. Parameter mit `Get-Help './14_EntraID_Security_CA/135_Get-MfaStatus.ps1' -Full` lesen.

## Quelle

[PowerShell-Datei auf GitHub](https://github.com/Kaffeeundcode/Intune-Scripts/blob/main/14_EntraID_Security_CA/135_Get-MfaStatus.ps1)

Prüfungen gelten nur für den dokumentierten Quellstand und Testumfang.
","14_EntraID_Security_CA","14_EntraID_Security_CA/135_Get-MfaStatus.ps1","unreviewed","Ungeprüft","false","normal"
"enable-per-user-mfa","Enable-PerUserMfa","# Enable-PerUserMfa

**Prüfstatus: Ungeprüft**

Aktiviert Per-User MFA (Legacy).

<!-- library-status:start -->
    Prüfstatus: Ungeprüft
    Windows- und Tenant-Abnahme ausstehend; keine pauschale Produktionsfreigabe.

    <!-- library-status:end -->

    Aktiviert MFA direkt am Userobjekt (nicht empfohlen, besser CA Policies nutzen!).

## Prüfung

Keine fachliche Freigabe aus der Katalogerstellung ableiten.

- static: aktueller erfolgreicher Nachweis fehlt
- pester: aktueller erfolgreicher Nachweis fehlt
- windows: aktueller erfolgreicher Nachweis fehlt
- tenant: aktueller erfolgreicher Nachweis fehlt

## Voraussetzungen

- Module: Skript prüfen; keine Cloud-Module erkannt.
- Dokumentierte Graph-Scopes: Nicht angegeben; vor Tenant-Nutzung prüfen.
- Hilfsdateien: Keine lokale Hilfsdatei erkannt.

## Verwendung

Noch kein geprüftes Aufrufbeispiel dokumentiert. Parameter mit `Get-Help './14_EntraID_Security_CA/136_Enable-PerUserMfa.ps1' -Full` lesen.

## Quelle

[PowerShell-Datei auf GitHub](https://github.com/Kaffeeundcode/Intune-Scripts/blob/main/14_EntraID_Security_CA/136_Enable-PerUserMfa.ps1)

Prüfungen gelten nur für den dokumentierten Quellstand und Testumfang.
","14_EntraID_Security_CA","14_EntraID_Security_CA/136_Enable-PerUserMfa.ps1","unreviewed","Ungeprüft","false","normal"
"get-tenant-secure-score","Get-TenantSecureScore","# Get-TenantSecureScore

**Prüfstatus: Ungeprüft**

Ruft den Identity Secure Score ab.

<!-- library-status:start -->
    Prüfstatus: Ungeprüft
    Windows- und Tenant-Abnahme ausstehend; keine pauschale Produktionsfreigabe.

    <!-- library-status:end -->

    Zeigt den aktuellen Sicherheits-Score des Tenants.
    Erfordert die Berechtigung 'SecurityEvents.Read.All' (variiert).

## Prüfung

Keine fachliche Freigabe aus der Katalogerstellung ableiten.

- static: aktueller erfolgreicher Nachweis fehlt
- pester: aktueller erfolgreicher Nachweis fehlt
- windows: aktueller erfolgreicher Nachweis fehlt
- tenant: aktueller erfolgreicher Nachweis fehlt

## Voraussetzungen

- Module: Microsoft.Graph.Authentication, Microsoft.Graph (passende SDK-Untermodule)
- Dokumentierte Graph-Scopes: SecurityEvents.Read.All
- Hilfsdateien: Keine lokale Hilfsdatei erkannt.

## Verwendung

Noch kein geprüftes Aufrufbeispiel dokumentiert. Parameter mit `Get-Help './14_EntraID_Security_CA/137_Get-TenantSecureScore.ps1' -Full` lesen.

## Quelle

[PowerShell-Datei auf GitHub](https://github.com/Kaffeeundcode/Intune-Scripts/blob/main/14_EntraID_Security_CA/137_Get-TenantSecureScore.ps1)

Prüfungen gelten nur für den dokumentierten Quellstand und Testumfang.
","14_EntraID_Security_CA","14_EntraID_Security_CA/137_Get-TenantSecureScore.ps1","unreviewed","Ungeprüft","false","normal"
"list-consent-grant-policies","List-ConsentGrantPolicies","# List-ConsentGrantPolicies

**Prüfstatus: Ungeprüft**

Listet Consent Policies (App Permissions) auf.

<!-- library-status:start -->
    Prüfstatus: Ungeprüft
    Windows- und Tenant-Abnahme ausstehend; keine pauschale Produktionsfreigabe.

    <!-- library-status:end -->

    Zeigt Richtlinien für User Consent zu Apps.
    Erfordert die Berechtigung 'Policy.Read.All'.

## Prüfung

Keine fachliche Freigabe aus der Katalogerstellung ableiten.

- static: aktueller erfolgreicher Nachweis fehlt
- pester: aktueller erfolgreicher Nachweis fehlt
- windows: aktueller erfolgreicher Nachweis fehlt
- tenant: aktueller erfolgreicher Nachweis fehlt

## Voraussetzungen

- Module: Microsoft.Graph.Authentication, Microsoft.Graph (passende SDK-Untermodule)
- Dokumentierte Graph-Scopes: Policy.Read.All
- Hilfsdateien: Keine lokale Hilfsdatei erkannt.

## Verwendung

Noch kein geprüftes Aufrufbeispiel dokumentiert. Parameter mit `Get-Help './14_EntraID_Security_CA/138_List-ConsentGrantPolicies.ps1' -Full` lesen.

## Quelle

[PowerShell-Datei auf GitHub](https://github.com/Kaffeeundcode/Intune-Scripts/blob/main/14_EntraID_Security_CA/138_List-ConsentGrantPolicies.ps1)

Prüfungen gelten nur für den dokumentierten Quellstand und Testumfang.
","14_EntraID_Security_CA","14_EntraID_Security_CA/138_List-ConsentGrantPolicies.ps1","unreviewed","Ungeprüft","false","normal"
"get-admin-directory-roles","Get-AdminDirectoryRoles","# Get-AdminDirectoryRoles

**Prüfstatus: Ungeprüft**

Listet alle Directory Rollen auf.

<!-- library-status:start -->
    Prüfstatus: Ungeprüft
    Windows- und Tenant-Abnahme ausstehend; keine pauschale Produktionsfreigabe.

    <!-- library-status:end -->

    Zeigt verfügbare Admin-Rollen und ob sie aktiviert sind.
    Erfordert die Berechtigung 'RoleManagement.Read.Directory'.

## Prüfung

Keine fachliche Freigabe aus der Katalogerstellung ableiten.

- static: aktueller erfolgreicher Nachweis fehlt
- pester: aktueller erfolgreicher Nachweis fehlt
- windows: aktueller erfolgreicher Nachweis fehlt
- tenant: aktueller erfolgreicher Nachweis fehlt

## Voraussetzungen

- Module: Microsoft.Graph.Authentication, Microsoft.Graph (passende SDK-Untermodule)
- Dokumentierte Graph-Scopes: Nicht angegeben; vor Tenant-Nutzung prüfen.
- Hilfsdateien: Keine lokale Hilfsdatei erkannt.

## Verwendung

Noch kein geprüftes Aufrufbeispiel dokumentiert. Parameter mit `Get-Help './14_EntraID_Security_CA/139_Get-AdminDirectoryRoles.ps1' -Full` lesen.

## Quelle

[PowerShell-Datei auf GitHub](https://github.com/Kaffeeundcode/Intune-Scripts/blob/main/14_EntraID_Security_CA/139_Get-AdminDirectoryRoles.ps1)

Prüfungen gelten nur für den dokumentierten Quellstand und Testumfang.
","14_EntraID_Security_CA","14_EntraID_Security_CA/139_Get-AdminDirectoryRoles.ps1","unreviewed","Ungeprüft","false","normal"
"detect-shadow-it-apps","Detect-ShadowIT-Apps","# Detect-ShadowIT-Apps

**Prüfstatus: Ungeprüft**

Erkennt neu registrierte Apps (Shadow IT Detection).

<!-- library-status:start -->
    Prüfstatus: Ungeprüft
    Windows- und Tenant-Abnahme ausstehend; keine pauschale Produktionsfreigabe.

    <!-- library-status:end -->

    Listet Apps auf, die in den letzten 7 Tagen registriert wurden.
    Erfordert die Berechtigung 'Application.Read.All'.

## Prüfung

Keine fachliche Freigabe aus der Katalogerstellung ableiten.

- static: aktueller erfolgreicher Nachweis fehlt
- pester: aktueller erfolgreicher Nachweis fehlt
- windows: aktueller erfolgreicher Nachweis fehlt
- tenant: aktueller erfolgreicher Nachweis fehlt

## Voraussetzungen

- Module: Microsoft.Graph.Authentication, Microsoft.Graph (passende SDK-Untermodule)
- Dokumentierte Graph-Scopes: Application.Read.All
- Hilfsdateien: Keine lokale Hilfsdatei erkannt.

## Verwendung

Noch kein geprüftes Aufrufbeispiel dokumentiert. Parameter mit `Get-Help './14_EntraID_Security_CA/140_Detect-ShadowIT-Apps.ps1' -Full` lesen.

## Quelle

[PowerShell-Datei auf GitHub](https://github.com/Kaffeeundcode/Intune-Scripts/blob/main/14_EntraID_Security_CA/140_Detect-ShadowIT-Apps.ps1)

Prüfungen gelten nur für den dokumentierten Quellstand und Testumfang.
","14_EntraID_Security_CA","14_EntraID_Security_CA/140_Detect-ShadowIT-Apps.ps1","unreviewed","Ungeprüft","false","normal"
"get-device-enrollment-profile","Get-DeviceEnrollmentProfile","# Get-DeviceEnrollmentProfile

**Prüfstatus: Ungeprüft**

Listet Device Enrollment Profile auf.

<!-- library-status:start -->
    Prüfstatus: Ungeprüft
    Windows- und Tenant-Abnahme ausstehend; keine pauschale Produktionsfreigabe.

    <!-- library-status:end -->

    Zeigt Profile für DEP (Apple) oder Corporate Owned Devices.
    Erfordert die Berechtigung 'DeviceManagementServiceConfig.Read.All'.

## Prüfung

Keine fachliche Freigabe aus der Katalogerstellung ableiten.

- static: aktueller erfolgreicher Nachweis fehlt
- pester: aktueller erfolgreicher Nachweis fehlt
- windows: aktueller erfolgreicher Nachweis fehlt
- tenant: aktueller erfolgreicher Nachweis fehlt

## Voraussetzungen

- Module: Microsoft.Graph.Authentication, Microsoft.Graph (passende SDK-Untermodule)
- Dokumentierte Graph-Scopes: DeviceManagementServiceConfig.Read.All
- Hilfsdateien: Keine lokale Hilfsdatei erkannt.

## Verwendung

Noch kein geprüftes Aufrufbeispiel dokumentiert. Parameter mit `Get-Help './15_Intune_Advanced_Enrollment/141_Get-DeviceEnrollmentProfile.ps1' -Full` lesen.

## Quelle

[PowerShell-Datei auf GitHub](https://github.com/Kaffeeundcode/Intune-Scripts/blob/main/15_Intune_Advanced_Enrollment/141_Get-DeviceEnrollmentProfile.ps1)

Prüfungen gelten nur für den dokumentierten Quellstand und Testumfang.
","15_Intune_Advanced_Enrollment","15_Intune_Advanced_Enrollment/141_Get-DeviceEnrollmentProfile.ps1","unreviewed","Ungeprüft","false","normal"
"create-enrollment-profile-i-os","Create-EnrollmentProfile-iOS","# Create-EnrollmentProfile-iOS

**Prüfstatus: Beispiel**

Erstellt ein iOS Enrollment Profil.

<!-- library-status:start -->
    Prüfstatus: Beispiel
    Enthaelt Beispiel-/Platzhalterlogik; kein abgeschlossener Betriebsablauf.

    <!-- library-status:end -->

    Legt ein Profil für Apple ADE (Automated Device Enrollment) an.
    Erfordert die Berechtigung 'DeviceManagementServiceConfig.ReadWrite.All'.

## Prüfung

- Enthaelt Beispiel-/Platzhalterlogik; kein abgeschlossener Betriebsablauf.

- static: aktueller erfolgreicher Nachweis fehlt
- pester: aktueller erfolgreicher Nachweis fehlt
- windows: aktueller erfolgreicher Nachweis fehlt
- tenant: aktueller erfolgreicher Nachweis fehlt

## Voraussetzungen

- Module: Skript prüfen; keine Cloud-Module erkannt.
- Dokumentierte Graph-Scopes: DeviceManagementServiceConfig.ReadWrite.All
- Hilfsdateien: Keine lokale Hilfsdatei erkannt.

## Verwendung

Noch kein geprüftes Aufrufbeispiel dokumentiert. Parameter mit `Get-Help './15_Intune_Advanced_Enrollment/142_Create-EnrollmentProfile-iOS.ps1' -Full` lesen.

## Quelle

[PowerShell-Datei auf GitHub](https://github.com/Kaffeeundcode/Intune-Scripts/blob/main/15_Intune_Advanced_Enrollment/142_Create-EnrollmentProfile-iOS.ps1)

Prüfungen gelten nur für den dokumentierten Quellstand und Testumfang.
","15_Intune_Advanced_Enrollment","15_Intune_Advanced_Enrollment/142_Create-EnrollmentProfile-iOS.ps1","example","Beispiel","false","normal"
"create-enrollment-profile-android","Create-EnrollmentProfile-Android","# Create-EnrollmentProfile-Android

**Prüfstatus: Beispiel**

Erstellt ein Android Enrollment Profil (Kiosk/Dedicated).

<!-- library-status:start -->
    Prüfstatus: Beispiel
    Enthaelt Beispiel-/Platzhalterlogik; kein abgeschlossener Betriebsablauf.

    <!-- library-status:end -->

    Legt ein Token für Android Enterprise Dedicated Devices an.
    Erfordert die Berechtigung 'DeviceManagementServiceConfig.ReadWrite.All'.

## Prüfung

- Enthaelt Beispiel-/Platzhalterlogik; kein abgeschlossener Betriebsablauf.

- static: aktueller erfolgreicher Nachweis fehlt
- pester: aktueller erfolgreicher Nachweis fehlt
- windows: aktueller erfolgreicher Nachweis fehlt
- tenant: aktueller erfolgreicher Nachweis fehlt

## Voraussetzungen

- Module: Skript prüfen; keine Cloud-Module erkannt.
- Dokumentierte Graph-Scopes: DeviceManagementServiceConfig.ReadWrite.All
- Hilfsdateien: Keine lokale Hilfsdatei erkannt.

## Verwendung

Noch kein geprüftes Aufrufbeispiel dokumentiert. Parameter mit `Get-Help './15_Intune_Advanced_Enrollment/143_Create-EnrollmentProfile-Android.ps1' -Full` lesen.

## Quelle

[PowerShell-Datei auf GitHub](https://github.com/Kaffeeundcode/Intune-Scripts/blob/main/15_Intune_Advanced_Enrollment/143_Create-EnrollmentProfile-Android.ps1)

Prüfungen gelten nur für den dokumentierten Quellstand und Testumfang.
","15_Intune_Advanced_Enrollment","15_Intune_Advanced_Enrollment/143_Create-EnrollmentProfile-Android.ps1","example","Beispiel","false","normal"
"get-apple-push-notification-status","Get-ApplePushNotificationStatus","# Get-ApplePushNotificationStatus

**Prüfstatus: Ungeprüft**

Prüft APNs Zertifikat-Status.

<!-- library-status:start -->
    Prüfstatus: Ungeprüft
    Windows- und Tenant-Abnahme ausstehend; keine pauschale Produktionsfreigabe.

    <!-- library-status:end -->

    Zeigt Ablaufdatum des Apple Push Certs.
    Erfordert die Berechtigung 'DeviceManagementServiceConfig.Read.All'.

## Prüfung

Keine fachliche Freigabe aus der Katalogerstellung ableiten.

- static: aktueller erfolgreicher Nachweis fehlt
- pester: aktueller erfolgreicher Nachweis fehlt
- windows: aktueller erfolgreicher Nachweis fehlt
- tenant: aktueller erfolgreicher Nachweis fehlt

## Voraussetzungen

- Module: Microsoft.Graph.Authentication, Microsoft.Graph (passende SDK-Untermodule)
- Dokumentierte Graph-Scopes: DeviceManagementServiceConfig.Read.All
- Hilfsdateien: Keine lokale Hilfsdatei erkannt.

## Verwendung

Noch kein geprüftes Aufrufbeispiel dokumentiert. Parameter mit `Get-Help './15_Intune_Advanced_Enrollment/144_Get-ApplePushNotificationStatus.ps1' -Full` lesen.

## Quelle

[PowerShell-Datei auf GitHub](https://github.com/Kaffeeundcode/Intune-Scripts/blob/main/15_Intune_Advanced_Enrollment/144_Get-ApplePushNotificationStatus.ps1)

Prüfungen gelten nur für den dokumentierten Quellstand und Testumfang.
","15_Intune_Advanced_Enrollment","15_Intune_Advanced_Enrollment/144_Get-ApplePushNotificationStatus.ps1","unreviewed","Ungeprüft","false","normal"
"upload-apple-push-cert","Upload-ApplePushCert","# Upload-ApplePushCert

**Prüfstatus: Ungeprüft**

Lädt ein APNs Zertifikat hoch.

<!-- library-status:start -->
    Prüfstatus: Ungeprüft
    Windows- und Tenant-Abnahme ausstehend; keine pauschale Produktionsfreigabe.

    <!-- library-status:end -->

    Aktualisiert das Apple Push Cert. Wichtig für iOS Management.
    Erfordert die Berechtigung 'DeviceManagementServiceConfig.ReadWrite.All'.

## Prüfung

Keine fachliche Freigabe aus der Katalogerstellung ableiten.

- static: aktueller erfolgreicher Nachweis fehlt
- pester: aktueller erfolgreicher Nachweis fehlt
- windows: aktueller erfolgreicher Nachweis fehlt
- tenant: aktueller erfolgreicher Nachweis fehlt

## Voraussetzungen

- Module: Skript prüfen; keine Cloud-Module erkannt.
- Dokumentierte Graph-Scopes: DeviceManagementServiceConfig.ReadWrite.All
- Hilfsdateien: Keine lokale Hilfsdatei erkannt.

## Verwendung

Noch kein geprüftes Aufrufbeispiel dokumentiert. Parameter mit `Get-Help './15_Intune_Advanced_Enrollment/145_Upload-ApplePushCert.ps1' -Full` lesen.

## Quelle

[PowerShell-Datei auf GitHub](https://github.com/Kaffeeundcode/Intune-Scripts/blob/main/15_Intune_Advanced_Enrollment/145_Upload-ApplePushCert.ps1)

Prüfungen gelten nur für den dokumentierten Quellstand und Testumfang.
","15_Intune_Advanced_Enrollment","15_Intune_Advanced_Enrollment/145_Upload-ApplePushCert.ps1","unreviewed","Ungeprüft","false","normal"
"get-vpp-tokens","Get-VppTokens","# Get-VppTokens

**Prüfstatus: Ungeprüft**

Listet VPP Tokens (Apple Volume Purchase Program) auf.

<!-- library-status:start -->
    Prüfstatus: Ungeprüft
    Windows- und Tenant-Abnahme ausstehend; keine pauschale Produktionsfreigabe.

    <!-- library-status:end -->

    Zeigt Status und Ablaufdatum von VPP Token.
    Erfordert die Berechtigung 'DeviceManagementApps.Read.All'.

## Prüfung

Keine fachliche Freigabe aus der Katalogerstellung ableiten.

- static: aktueller erfolgreicher Nachweis fehlt
- pester: aktueller erfolgreicher Nachweis fehlt
- windows: aktueller erfolgreicher Nachweis fehlt
- tenant: aktueller erfolgreicher Nachweis fehlt

## Voraussetzungen

- Module: Microsoft.Graph.Authentication, Microsoft.Graph (passende SDK-Untermodule)
- Dokumentierte Graph-Scopes: DeviceManagementApps.Read.All
- Hilfsdateien: Keine lokale Hilfsdatei erkannt.

## Verwendung

Noch kein geprüftes Aufrufbeispiel dokumentiert. Parameter mit `Get-Help './15_Intune_Advanced_Enrollment/146_Get-VppTokens.ps1' -Full` lesen.

## Quelle

[PowerShell-Datei auf GitHub](https://github.com/Kaffeeundcode/Intune-Scripts/blob/main/15_Intune_Advanced_Enrollment/146_Get-VppTokens.ps1)

Prüfungen gelten nur für den dokumentierten Quellstand und Testumfang.
","15_Intune_Advanced_Enrollment","15_Intune_Advanced_Enrollment/146_Get-VppTokens.ps1","unreviewed","Ungeprüft","false","normal"
"sync-vpp-token","Sync-VppToken","# Sync-VppToken

**Prüfstatus: Ungeprüft**

Startet Synchronisation eines VPP Tokens.

<!-- library-status:start -->
    Prüfstatus: Ungeprüft
    Windows- und Tenant-Abnahme ausstehend; keine pauschale Produktionsfreigabe.

    <!-- library-status:end -->

    Aktualisiert Apps und Lizenzen von Apple Business Manager.
    Erfordert die Berechtigung 'DeviceManagementApps.ReadWrite.All'.

## Prüfung

Keine fachliche Freigabe aus der Katalogerstellung ableiten.

- static: aktueller erfolgreicher Nachweis fehlt
- pester: aktueller erfolgreicher Nachweis fehlt
- windows: aktueller erfolgreicher Nachweis fehlt
- tenant: aktueller erfolgreicher Nachweis fehlt

## Voraussetzungen

- Module: Microsoft.Graph.Authentication
- Dokumentierte Graph-Scopes: DeviceManagementApps.ReadWrite.All
- Hilfsdateien: Keine lokale Hilfsdatei erkannt.

## Verwendung

Noch kein geprüftes Aufrufbeispiel dokumentiert. Parameter mit `Get-Help './15_Intune_Advanced_Enrollment/147_Sync-VppToken.ps1' -Full` lesen.

## Quelle

[PowerShell-Datei auf GitHub](https://github.com/Kaffeeundcode/Intune-Scripts/blob/main/15_Intune_Advanced_Enrollment/147_Sync-VppToken.ps1)

Prüfungen gelten nur für den dokumentierten Quellstand und Testumfang.
","15_Intune_Advanced_Enrollment","15_Intune_Advanced_Enrollment/147_Sync-VppToken.ps1","unreviewed","Ungeprüft","false","normal"
"get-autopilot-events","Get-AutopilotEvents","# Get-AutopilotEvents

**Prüfstatus: Ungeprüft**

Listet Autopilot Events auf.

<!-- library-status:start -->
    Prüfstatus: Ungeprüft
    Windows- und Tenant-Abnahme ausstehend; keine pauschale Produktionsfreigabe.

    <!-- library-status:end -->

    Zeigt Events im Zusammenhang mit Autopilot Deployments.
    Erfordert die Berechtigung 'DeviceManagementServiceConfig.Read.All'.

## Prüfung

Keine fachliche Freigabe aus der Katalogerstellung ableiten.

- static: aktueller erfolgreicher Nachweis fehlt
- pester: aktueller erfolgreicher Nachweis fehlt
- windows: aktueller erfolgreicher Nachweis fehlt
- tenant: aktueller erfolgreicher Nachweis fehlt

## Voraussetzungen

- Module: Microsoft.Graph.Authentication, Microsoft.Graph (passende SDK-Untermodule)
- Dokumentierte Graph-Scopes: DeviceManagementServiceConfig.Read.All
- Hilfsdateien: Keine lokale Hilfsdatei erkannt.

## Verwendung

Noch kein geprüftes Aufrufbeispiel dokumentiert. Parameter mit `Get-Help './15_Intune_Advanced_Enrollment/148_Get-AutopilotEvents.ps1' -Full` lesen.

## Quelle

[PowerShell-Datei auf GitHub](https://github.com/Kaffeeundcode/Intune-Scripts/blob/main/15_Intune_Advanced_Enrollment/148_Get-AutopilotEvents.ps1)

Prüfungen gelten nur für den dokumentierten Quellstand und Testumfang.
","15_Intune_Advanced_Enrollment","15_Intune_Advanced_Enrollment/148_Get-AutopilotEvents.ps1","unreviewed","Ungeprüft","false","normal"
"get-terms-and-conditions","Get-TermsAndConditions","# Get-TermsAndConditions

**Prüfstatus: Ungeprüft**

Listet Nutzungsbedingungen (Terms and Conditions) auf.

<!-- library-status:start -->
    Prüfstatus: Ungeprüft
    Windows- und Tenant-Abnahme ausstehend; keine pauschale Produktionsfreigabe.

    <!-- library-status:end -->

    Zeigt alle T&C Policies im Tenant an.
    Erfordert die Berechtigung 'DeviceManagementConfiguration.Read.All'.

## Prüfung

Keine fachliche Freigabe aus der Katalogerstellung ableiten.

- static: aktueller erfolgreicher Nachweis fehlt
- pester: aktueller erfolgreicher Nachweis fehlt
- windows: aktueller erfolgreicher Nachweis fehlt
- tenant: aktueller erfolgreicher Nachweis fehlt

## Voraussetzungen

- Module: Microsoft.Graph.Authentication, Microsoft.Graph (passende SDK-Untermodule)
- Dokumentierte Graph-Scopes: DeviceManagementConfiguration.Read.All
- Hilfsdateien: Keine lokale Hilfsdatei erkannt.

## Verwendung

Noch kein geprüftes Aufrufbeispiel dokumentiert. Parameter mit `Get-Help './15_Intune_Advanced_Enrollment/149_Get-TermsAndConditions.ps1' -Full` lesen.

## Quelle

[PowerShell-Datei auf GitHub](https://github.com/Kaffeeundcode/Intune-Scripts/blob/main/15_Intune_Advanced_Enrollment/149_Get-TermsAndConditions.ps1)

Prüfungen gelten nur für den dokumentierten Quellstand und Testumfang.
","15_Intune_Advanced_Enrollment","15_Intune_Advanced_Enrollment/149_Get-TermsAndConditions.ps1","unreviewed","Ungeprüft","false","normal"
"create-terms-and-conditions","Create-TermsAndConditions","# Create-TermsAndConditions

**Prüfstatus: Ungeprüft**

Erstellt neue Nutzungsbedingungen.

<!-- library-status:start -->
    Prüfstatus: Ungeprüft
    Windows- und Tenant-Abnahme ausstehend; keine pauschale Produktionsfreigabe.

    <!-- library-status:end -->

    Legt eine Terms & Conditions Policy an, die Nutzer akzeptieren müssen.
    Erfordert die Berechtigung 'DeviceManagementConfiguration.ReadWrite.All'.

## Prüfung

Keine fachliche Freigabe aus der Katalogerstellung ableiten.

- static: aktueller erfolgreicher Nachweis fehlt
- pester: aktueller erfolgreicher Nachweis fehlt
- windows: aktueller erfolgreicher Nachweis fehlt
- tenant: aktueller erfolgreicher Nachweis fehlt

## Voraussetzungen

- Module: Microsoft.Graph (passende SDK-Untermodule)
- Dokumentierte Graph-Scopes: DeviceManagementConfiguration.ReadWrite.All
- Hilfsdateien: Keine lokale Hilfsdatei erkannt.

## Verwendung

Noch kein geprüftes Aufrufbeispiel dokumentiert. Parameter mit `Get-Help './15_Intune_Advanced_Enrollment/150_Create-TermsAndConditions.ps1' -Full` lesen.

## Quelle

[PowerShell-Datei auf GitHub](https://github.com/Kaffeeundcode/Intune-Scripts/blob/main/15_Intune_Advanced_Enrollment/150_Create-TermsAndConditions.ps1)

Prüfungen gelten nur für den dokumentierten Quellstand und Testumfang.
","15_Intune_Advanced_Enrollment","15_Intune_Advanced_Enrollment/150_Create-TermsAndConditions.ps1","unreviewed","Ungeprüft","false","elevated"
"get-intune-co-management-eligibility","Get-IntuneCoManagementEligibility","# Get-IntuneCoManagementEligibility

**Prüfstatus: Ungeprüft**

Analyzes devices to determine their eligibility for Co-Management (Intune + ConfigMgr).

<!-- library-status:start -->
    Prüfstatus: Ungeprüft
    Windows- und Tenant-Abnahme ausstehend; keine pauschale Produktionsfreigabe.

    <!-- library-status:end -->

    This script connects to Microsoft Graph to retrieve Windows devices and checks various
    attributes (OS version, Join Type, Management capability) to report if they are ready
    to be co-managed.

    It highlights devices that are:
    - Domain Joined (Hybrid)
    - Running compatible Windows 10/11 versions
    - Not yet managed by MDM

## Prüfung

Keine fachliche Freigabe aus der Katalogerstellung ableiten.

- static: aktueller erfolgreicher Nachweis fehlt
- pester: aktueller erfolgreicher Nachweis fehlt
- windows: aktueller erfolgreicher Nachweis fehlt
- tenant: aktueller erfolgreicher Nachweis fehlt

## Voraussetzungen

- Module: Microsoft.Graph.Authentication, Microsoft.Graph (passende SDK-Untermodule)
- Dokumentierte Graph-Scopes: Device.Read.All
- Hilfsdateien: Keine lokale Hilfsdatei erkannt.

## Verwendung

Noch kein geprüftes Aufrufbeispiel dokumentiert. Parameter mit `Get-Help './16_Mixed_New_Scripts/101_Get-IntuneCoManagementEligibility.ps1' -Full` lesen.

## Quelle

[PowerShell-Datei auf GitHub](https://github.com/Kaffeeundcode/Intune-Scripts/blob/main/16_Mixed_New_Scripts/101_Get-IntuneCoManagementEligibility.ps1)

Prüfungen gelten nur für den dokumentierten Quellstand und Testumfang.
","16_Mixed_New_Scripts","16_Mixed_New_Scripts/101_Get-IntuneCoManagementEligibility.ps1","unreviewed","Ungeprüft","false","normal"
"get-intune-policy-per-setting-status","Get-IntunePolicyPerSettingStatus","# Get-IntunePolicyPerSettingStatus

**Prüfstatus: Ungeprüft**

Exports detailed status for every setting within a specific Intune Configuration Profile.

<!-- library-status:start -->
    Prüfstatus: Ungeprüft
    Windows- und Tenant-Abnahme ausstehend; keine pauschale Produktionsfreigabe.

    <!-- library-status:end -->

    This script prompts for a Configuration Profile ID (or name search) and then retrieves
    the per-setting status for devices assigned to it.
    It helps troubleshoot which specific setting is failing in a large policy (e.g. Security Baseline).

## Prüfung

Keine fachliche Freigabe aus der Katalogerstellung ableiten.

- static: aktueller erfolgreicher Nachweis fehlt
- pester: aktueller erfolgreicher Nachweis fehlt
- windows: aktueller erfolgreicher Nachweis fehlt
- tenant: aktueller erfolgreicher Nachweis fehlt

## Voraussetzungen

- Module: Microsoft.Graph.Authentication, Microsoft.Graph (passende SDK-Untermodule)
- Dokumentierte Graph-Scopes: DeviceManagementConfiguration.Read.All, DeviceManagementManagedDevices.Read.All
- Hilfsdateien: Keine lokale Hilfsdatei erkannt.

## Verwendung

Noch kein geprüftes Aufrufbeispiel dokumentiert. Parameter mit `Get-Help './16_Mixed_New_Scripts/102_Get-IntunePolicyPerSettingStatus.ps1' -Full` lesen.

## Quelle

[PowerShell-Datei auf GitHub](https://github.com/Kaffeeundcode/Intune-Scripts/blob/main/16_Mixed_New_Scripts/102_Get-IntunePolicyPerSettingStatus.ps1)

Prüfungen gelten nur für den dokumentierten Quellstand und Testumfang.
","16_Mixed_New_Scripts","16_Mixed_New_Scripts/102_Get-IntunePolicyPerSettingStatus.ps1","unreviewed","Ungeprüft","false","normal"
"get-intune-device-hardware-hash-bulk","Get-IntuneDeviceHardwareHashBulk","# Get-IntuneDeviceHardwareHashBulk

**Prüfstatus: Ungeprüft**

Retrieves Hardware Hashes for Windows Autopilot from existing Intune devices.

<!-- library-status:start -->
    Prüfstatus: Ungeprüft
    Windows- und Tenant-Abnahme ausstehend; keine pauschale Produktionsfreigabe.

    <!-- library-status:end -->

    IMPORTANT: You cannot retrieve the full hardware hash from the Graph API for *existing* Intune devices
    if they were not already registered with Autopilot.
    However, if they ARE in Autopilot, this script exports them.

    For non-Autopilot devices, this script collects SerialNumbers and details to help
    target the 'Get-WindowsAutoPilotInfo' remediation script.

## Prüfung

Keine fachliche Freigabe aus der Katalogerstellung ableiten.

- static: aktueller erfolgreicher Nachweis fehlt
- pester: aktueller erfolgreicher Nachweis fehlt
- windows: aktueller erfolgreicher Nachweis fehlt
- tenant: aktueller erfolgreicher Nachweis fehlt

## Voraussetzungen

- Module: Microsoft.Graph.Authentication, Microsoft.Graph (passende SDK-Untermodule)
- Dokumentierte Graph-Scopes: DeviceManagementServiceConfig.Read.All, DeviceManagementManagedDevices.Read.All
- Hilfsdateien: Keine lokale Hilfsdatei erkannt.

## Verwendung

Noch kein geprüftes Aufrufbeispiel dokumentiert. Parameter mit `Get-Help './16_Mixed_New_Scripts/103_Get-IntuneDeviceHardwareHashBulk.ps1' -Full` lesen.

## Quelle

[PowerShell-Datei auf GitHub](https://github.com/Kaffeeundcode/Intune-Scripts/blob/main/16_Mixed_New_Scripts/103_Get-IntuneDeviceHardwareHashBulk.ps1)

Prüfungen gelten nur für den dokumentierten Quellstand und Testumfang.
","16_Mixed_New_Scripts","16_Mixed_New_Scripts/103_Get-IntuneDeviceHardwareHashBulk.ps1","unreviewed","Ungeprüft","false","normal"
"get-intune-app-revision-history","Get-IntuneAppRevisionHistory","# Get-IntuneAppRevisionHistory

**Prüfstatus: Ungeprüft**

Tracks version history and revision changes for Intune Apps (Win32).

<!-- library-status:start -->
    Prüfstatus: Ungeprüft
    Windows- und Tenant-Abnahme ausstehend; keine pauschale Produktionsfreigabe.

    <!-- library-status:end -->

    Gets all Win32 apps and reports their current version, created date, and last modified date.
    Useful for auditing when applications were last updated by administrators.

## Prüfung

Keine fachliche Freigabe aus der Katalogerstellung ableiten.

- static: aktueller erfolgreicher Nachweis fehlt
- pester: aktueller erfolgreicher Nachweis fehlt
- windows: aktueller erfolgreicher Nachweis fehlt
- tenant: aktueller erfolgreicher Nachweis fehlt

## Voraussetzungen

- Module: Microsoft.Graph.Authentication, Microsoft.Graph (passende SDK-Untermodule)
- Dokumentierte Graph-Scopes: DeviceManagementApps.Read.All
- Hilfsdateien: Keine lokale Hilfsdatei erkannt.

## Verwendung

Noch kein geprüftes Aufrufbeispiel dokumentiert. Parameter mit `Get-Help './16_Mixed_New_Scripts/104_Get-IntuneAppRevisionHistory.ps1' -Full` lesen.

## Quelle

[PowerShell-Datei auf GitHub](https://github.com/Kaffeeundcode/Intune-Scripts/blob/main/16_Mixed_New_Scripts/104_Get-IntuneAppRevisionHistory.ps1)

Prüfungen gelten nur für den dokumentierten Quellstand und Testumfang.
","16_Mixed_New_Scripts","16_Mixed_New_Scripts/104_Get-IntuneAppRevisionHistory.ps1","unreviewed","Ungeprüft","false","normal"
"get-intune-assignment-filters-usage","Get-IntuneAssignmentFiltersUsage","# Get-IntuneAssignmentFiltersUsage

**Prüfstatus: Ungeprüft**

Maps Assignment Filters to the Applications and Policies that use them.

<!-- library-status:start -->
    Prüfstatus: Ungeprüft
    Windows- und Tenant-Abnahme ausstehend; keine pauschale Produktionsfreigabe.

    <!-- library-status:end -->

    Assignment Filters are powerful but hard to track. This script retrieves all
    assignment filters and then queries Apps and Policies to find where they are referenced.

    It outputs a mapping of Filter -> Assigned Object Name -> Object Type.

## Prüfung

Keine fachliche Freigabe aus der Katalogerstellung ableiten.

- static: aktueller erfolgreicher Nachweis fehlt
- pester: aktueller erfolgreicher Nachweis fehlt
- windows: aktueller erfolgreicher Nachweis fehlt
- tenant: aktueller erfolgreicher Nachweis fehlt

## Voraussetzungen

- Module: Microsoft.Graph.Authentication, Microsoft.Graph (passende SDK-Untermodule)
- Dokumentierte Graph-Scopes: DeviceManagementApps.Read.All, DeviceManagementConfiguration.Read.All
- Hilfsdateien: Keine lokale Hilfsdatei erkannt.

## Verwendung

Noch kein geprüftes Aufrufbeispiel dokumentiert. Parameter mit `Get-Help './16_Mixed_New_Scripts/105_Get-IntuneAssignmentFiltersUsage.ps1' -Full` lesen.

## Quelle

[PowerShell-Datei auf GitHub](https://github.com/Kaffeeundcode/Intune-Scripts/blob/main/16_Mixed_New_Scripts/105_Get-IntuneAssignmentFiltersUsage.ps1)

Prüfungen gelten nur für den dokumentierten Quellstand und Testumfang.
","16_Mixed_New_Scripts","16_Mixed_New_Scripts/105_Get-IntuneAssignmentFiltersUsage.ps1","unreviewed","Ungeprüft","false","normal"
"get-intune-device-staleness-score","Get-IntuneDeviceStalenessScore","# Get-IntuneDeviceStalenessScore

**Prüfstatus: Ungeprüft**

Calculates a ""Staleness Score"" for devices to help identify candidates for cleanup.

<!-- library-status:start -->
    Prüfstatus: Ungeprüft
    Windows- und Tenant-Abnahme ausstehend; keine pauschale Produktionsfreigabe.

    <!-- library-status:end -->

    Devices are scored based on:
    - Last Check-in date (More than 30/60/90 days)
    - OS Version Lag (Is it an old build?)
    - Compliance State

    A high score indicates a device that is likely abandoned or broken.

## Prüfung

Keine fachliche Freigabe aus der Katalogerstellung ableiten.

- static: aktueller erfolgreicher Nachweis fehlt
- pester: aktueller erfolgreicher Nachweis fehlt
- windows: aktueller erfolgreicher Nachweis fehlt
- tenant: aktueller erfolgreicher Nachweis fehlt

## Voraussetzungen

- Module: Microsoft.Graph.Authentication, Microsoft.Graph (passende SDK-Untermodule)
- Dokumentierte Graph-Scopes: DeviceManagementManagedDevices.Read.All
- Hilfsdateien: Keine lokale Hilfsdatei erkannt.

## Verwendung

Noch kein geprüftes Aufrufbeispiel dokumentiert. Parameter mit `Get-Help './16_Mixed_New_Scripts/106_Get-IntuneDeviceStalenessScore.ps1' -Full` lesen.

## Quelle

[PowerShell-Datei auf GitHub](https://github.com/Kaffeeundcode/Intune-Scripts/blob/main/16_Mixed_New_Scripts/106_Get-IntuneDeviceStalenessScore.ps1)

Prüfungen gelten nur für den dokumentierten Quellstand und Testumfang.
","16_Mixed_New_Scripts","16_Mixed_New_Scripts/106_Get-IntuneDeviceStalenessScore.ps1","unreviewed","Ungeprüft","false","normal"
"get-intune-scope-tag-inventory","Get-IntuneScopeTagInventory","# Get-IntuneScopeTagInventory

**Prüfstatus: Ungeprüft**

Audits the usage of Scope Tags across Intune objects.

<!-- library-status:start -->
    Prüfstatus: Ungeprüft
    Windows- und Tenant-Abnahme ausstehend; keine pauschale Produktionsfreigabe.

    <!-- library-status:end -->

    Scope Tags are critical for RBAC (Role Based Access Control).
    This script retrieves all Scope Tags and then lists which Device Configs, Compliance Policies,
    and Scripts are tagged with them.

    Helps ensure that restrictions are correctly applied to objects.

## Prüfung

Keine fachliche Freigabe aus der Katalogerstellung ableiten.

- static: aktueller erfolgreicher Nachweis fehlt
- pester: aktueller erfolgreicher Nachweis fehlt
- windows: aktueller erfolgreicher Nachweis fehlt
- tenant: aktueller erfolgreicher Nachweis fehlt

## Voraussetzungen

- Module: Microsoft.Graph.Authentication, Microsoft.Graph (passende SDK-Untermodule)
- Dokumentierte Graph-Scopes: DeviceManagementRBAC.Read.All, DeviceManagementConfiguration.Read.All
- Hilfsdateien: Keine lokale Hilfsdatei erkannt.

## Verwendung

Noch kein geprüftes Aufrufbeispiel dokumentiert. Parameter mit `Get-Help './16_Mixed_New_Scripts/107_Get-IntuneScopeTagInventory.ps1' -Full` lesen.

## Quelle

[PowerShell-Datei auf GitHub](https://github.com/Kaffeeundcode/Intune-Scripts/blob/main/16_Mixed_New_Scripts/107_Get-IntuneScopeTagInventory.ps1)

Prüfungen gelten nur für den dokumentierten Quellstand und Testumfang.
","16_Mixed_New_Scripts","16_Mixed_New_Scripts/107_Get-IntuneScopeTagInventory.ps1","unreviewed","Ungeprüft","false","normal"
"get-intune-enrollment-token-status","Get-IntuneEnrollmentTokenStatus","# Get-IntuneEnrollmentTokenStatus

**Prüfstatus: Ungeprüft**

Checks the status and expiration of Enrollment Tokens (DEM, Apple VPP, DEP, Android).

<!-- library-status:start -->
    Prüfstatus: Ungeprüft
    Windows- und Tenant-Abnahme ausstehend; keine pauschale Produktionsfreigabe.

    <!-- library-status:end -->

    Consolidated report for all ""expiring"" infrastructure tokens in Intune.
    - Device Enrollment Managers (Limit 1000)
    - Apple Push Certificate (APNS)
    - Apple VPP Tokens
    - Android Managed Google Play

    Returns ""DaysRemaining"" to allow for alerting.

## Prüfung

Keine fachliche Freigabe aus der Katalogerstellung ableiten.

- static: aktueller erfolgreicher Nachweis fehlt
- pester: aktueller erfolgreicher Nachweis fehlt
- windows: aktueller erfolgreicher Nachweis fehlt
- tenant: aktueller erfolgreicher Nachweis fehlt

## Voraussetzungen

- Module: Microsoft.Graph.Authentication, Microsoft.Graph (passende SDK-Untermodule)
- Dokumentierte Graph-Scopes: DeviceManagementServiceConfig.Read.All
- Hilfsdateien: Keine lokale Hilfsdatei erkannt.

## Verwendung

Noch kein geprüftes Aufrufbeispiel dokumentiert. Parameter mit `Get-Help './16_Mixed_New_Scripts/108_Get-IntuneEnrollmentTokenStatus.ps1' -Full` lesen.

## Quelle

[PowerShell-Datei auf GitHub](https://github.com/Kaffeeundcode/Intune-Scripts/blob/main/16_Mixed_New_Scripts/108_Get-IntuneEnrollmentTokenStatus.ps1)

Prüfungen gelten nur für den dokumentierten Quellstand und Testumfang.
","16_Mixed_New_Scripts","16_Mixed_New_Scripts/108_Get-IntuneEnrollmentTokenStatus.ps1","unreviewed","Ungeprüft","false","normal"
"get-intune-device-restore-points","Get-IntuneDeviceRestorePoints","# Get-IntuneDeviceRestorePoints

**Prüfstatus: Ungeprüft**

Lists Restore Points for Cloud PCs (Windows 365).

<!-- library-status:start -->
    Prüfstatus: Ungeprüft
    Windows- und Tenant-Abnahme ausstehend; keine pauschale Produktionsfreigabe.

    <!-- library-status:end -->

    Windows 365 Cloud PCs support point-in-time restore. This script inspects
    Cloud PC devices and lists the available restore points for auditing backup frequency.

## Prüfung

Keine fachliche Freigabe aus der Katalogerstellung ableiten.

- static: aktueller erfolgreicher Nachweis fehlt
- pester: aktueller erfolgreicher Nachweis fehlt
- windows: aktueller erfolgreicher Nachweis fehlt
- tenant: aktueller erfolgreicher Nachweis fehlt

## Voraussetzungen

- Module: Microsoft.Graph.Authentication, Microsoft.Graph (passende SDK-Untermodule)
- Dokumentierte Graph-Scopes: CloudPC.Read.All, DeviceManagementManagedDevices.Read.All
- Hilfsdateien: Keine lokale Hilfsdatei erkannt.

## Verwendung

Noch kein geprüftes Aufrufbeispiel dokumentiert. Parameter mit `Get-Help './16_Mixed_New_Scripts/109_Get-IntuneDeviceRestorePoints.ps1' -Full` lesen.

## Quelle

[PowerShell-Datei auf GitHub](https://github.com/Kaffeeundcode/Intune-Scripts/blob/main/16_Mixed_New_Scripts/109_Get-IntuneDeviceRestorePoints.ps1)

Prüfungen gelten nur für den dokumentierten Quellstand und Testumfang.
","16_Mixed_New_Scripts","16_Mixed_New_Scripts/109_Get-IntuneDeviceRestorePoints.ps1","unreviewed","Ungeprüft","false","normal"
"get-intune-mampolicy-deployment","Get-IntuneMAMPolicyDeployment","# Get-IntuneMAMPolicyDeployment

**Prüfstatus: Ungeprüft**

Reports on Mobile Application Management (MAM) Policy deployments (App Protection).

<!-- library-status:start -->
    Prüfstatus: Ungeprüft
    Windows- und Tenant-Abnahme ausstehend; keine pauschale Produktionsfreigabe.

    <!-- library-status:end -->

    App Protection Policies (MAM) are applied to users, unlike MDM which is device centric.
    This script lists all App Protection Policies and shows the count of targeted users
    and compliance status (if available via summary).

## Prüfung

Keine fachliche Freigabe aus der Katalogerstellung ableiten.

- static: aktueller erfolgreicher Nachweis fehlt
- pester: aktueller erfolgreicher Nachweis fehlt
- windows: aktueller erfolgreicher Nachweis fehlt
- tenant: aktueller erfolgreicher Nachweis fehlt

## Voraussetzungen

- Module: Microsoft.Graph.Authentication, Microsoft.Graph (passende SDK-Untermodule)
- Dokumentierte Graph-Scopes: DeviceManagementApps.Read.All
- Hilfsdateien: Keine lokale Hilfsdatei erkannt.

## Verwendung

Noch kein geprüftes Aufrufbeispiel dokumentiert. Parameter mit `Get-Help './16_Mixed_New_Scripts/110_Get-IntuneMAMPolicyDeployment.ps1' -Full` lesen.

## Quelle

[PowerShell-Datei auf GitHub](https://github.com/Kaffeeundcode/Intune-Scripts/blob/main/16_Mixed_New_Scripts/110_Get-IntuneMAMPolicyDeployment.ps1)

Prüfungen gelten nur für den dokumentierten Quellstand und Testumfang.
","16_Mixed_New_Scripts","16_Mixed_New_Scripts/110_Get-IntuneMAMPolicyDeployment.ps1","unreviewed","Ungeprüft","false","normal"
"get-entra-idshadow-itapps","Get-EntraIDShadowITApps","# Get-EntraIDShadowITApps

**Prüfstatus: Ungeprüft**

Identifies ""Shadow IT"" applications where users have consented to high-privilege scopes.

<!-- library-status:start -->
    Prüfstatus: Ungeprüft
    Windows- und Tenant-Abnahme ausstehend; keine pauschale Produktionsfreigabe.

    <!-- library-status:end -->

    Scans all Service Principals (Enterprise Apps) in Entra ID.
    Looks for OAuth2PermissionGrants containing sensitive scopes like:
    - Directory.ReadWrite.All
    - User.ReadWrite.All
    - Mail.ReadWrite
    - Files.ReadWrite

    This helps identify risky 3rd party apps users may have connected.

## Prüfung

Keine fachliche Freigabe aus der Katalogerstellung ableiten.

- static: aktueller erfolgreicher Nachweis fehlt
- pester: aktueller erfolgreicher Nachweis fehlt
- windows: aktueller erfolgreicher Nachweis fehlt
- tenant: aktueller erfolgreicher Nachweis fehlt

## Voraussetzungen

- Module: Microsoft.Graph.Authentication, Microsoft.Graph (passende SDK-Untermodule)
- Dokumentierte Graph-Scopes: DelegatedPermissionGrant.Read.All, Application.Read.All
- Hilfsdateien: Keine lokale Hilfsdatei erkannt.

## Verwendung

Noch kein geprüftes Aufrufbeispiel dokumentiert. Parameter mit `Get-Help './16_Mixed_New_Scripts/111_Get-EntraIDShadowITApps.ps1' -Full` lesen.

## Quelle

[PowerShell-Datei auf GitHub](https://github.com/Kaffeeundcode/Intune-Scripts/blob/main/16_Mixed_New_Scripts/111_Get-EntraIDShadowITApps.ps1)

Prüfungen gelten nur für den dokumentierten Quellstand und Testumfang.
","16_Mixed_New_Scripts","16_Mixed_New_Scripts/111_Get-EntraIDShadowITApps.ps1","unreviewed","Ungeprüft","false","normal"
"get-entra-idguest-user-sponsors","Get-EntraIDGuestUserSponsors","# Get-EntraIDGuestUserSponsors

**Prüfstatus: Ungeprüft**

Identifies the ""Sponsor"" or inviter of Guest Users in Entra ID.

<!-- library-status:start -->
    Prüfstatus: Ungeprüft
    Windows- und Tenant-Abnahme ausstehend; keine pauschale Produktionsfreigabe.

    <!-- library-status:end -->

    Often, Guest users are created but nobody knows who invited them.
    This script attempts to look up the 'manager' or creation logs to find the sponsor.

    Note: 'Sponsor' is not a default attribute for old guests, but modern logic often
    uses the 'Manager' field or 'CreatedBy' audit log (if recent).

## Prüfung

Keine fachliche Freigabe aus der Katalogerstellung ableiten.

- static: aktueller erfolgreicher Nachweis fehlt
- pester: aktueller erfolgreicher Nachweis fehlt
- windows: aktueller erfolgreicher Nachweis fehlt
- tenant: aktueller erfolgreicher Nachweis fehlt

## Voraussetzungen

- Module: Microsoft.Graph.Authentication, Microsoft.Graph (passende SDK-Untermodule)
- Dokumentierte Graph-Scopes: User.Read.All, Directory.Read.All, AuditLog.Read.All
- Hilfsdateien: Keine lokale Hilfsdatei erkannt.

## Verwendung

Noch kein geprüftes Aufrufbeispiel dokumentiert. Parameter mit `Get-Help './16_Mixed_New_Scripts/112_Get-EntraIDGuestUserSponsors.ps1' -Full` lesen.

## Quelle

[PowerShell-Datei auf GitHub](https://github.com/Kaffeeundcode/Intune-Scripts/blob/main/16_Mixed_New_Scripts/112_Get-EntraIDGuestUserSponsors.ps1)

Prüfungen gelten nur für den dokumentierten Quellstand und Testumfang.
","16_Mixed_New_Scripts","16_Mixed_New_Scripts/112_Get-EntraIDGuestUserSponsors.ps1","unreviewed","Ungeprüft","false","normal"
"remove-entra-idexpired-group-lifecycle","Remove-EntraIDExpiredGroupLifecycle","# Remove-EntraIDExpiredGroupLifecycle

**Prüfstatus: Ungeprüft**

Simulates or enforces cleanup of M365 Groups based on custom criteria (pseudo-Lifecycle Policy).

<!-- library-status:start -->
    Prüfstatus: Ungeprüft
    Windows- und Tenant-Abnahme ausstehend; keine pauschale Produktionsfreigabe.

    <!-- library-status:end -->

    Finds Unified Groups (Teams/SharePoint) that have not been renewed or active.
    This is for tenants WITHOUT P1/P2 licenses for automatic Lifecycle Policies.

    Checks: RenewedDateTime (if available) or CreatedDateTime.
    Action: Soft Delete (Move to Deleted Items) if -Confirm is passed.

## Prüfung

Keine fachliche Freigabe aus der Katalogerstellung ableiten.

- static: aktueller erfolgreicher Nachweis fehlt
- pester: aktueller erfolgreicher Nachweis fehlt
- windows: aktueller erfolgreicher Nachweis fehlt
- tenant: aktueller erfolgreicher Nachweis fehlt

## Voraussetzungen

- Module: Microsoft.Graph.Authentication, Microsoft.Graph (passende SDK-Untermodule)
- Dokumentierte Graph-Scopes: Group.ReadWrite.All
- Hilfsdateien: Keine lokale Hilfsdatei erkannt.

## Verwendung

Noch kein geprüftes Aufrufbeispiel dokumentiert. Parameter mit `Get-Help './16_Mixed_New_Scripts/113_Remove-EntraIDExpiredGroupLifecycle.ps1' -Full` lesen.

## Quelle

[PowerShell-Datei auf GitHub](https://github.com/Kaffeeundcode/Intune-Scripts/blob/main/16_Mixed_New_Scripts/113_Remove-EntraIDExpiredGroupLifecycle.ps1)

Prüfungen gelten nur für den dokumentierten Quellstand und Testumfang.
","16_Mixed_New_Scripts","16_Mixed_New_Scripts/113_Remove-EntraIDExpiredGroupLifecycle.ps1","unreviewed","Ungeprüft","false","elevated"
"get-entra-idmfaauthentication-method-usage","Get-EntraIDMFAAuthenticationMethodUsage","# Get-EntraIDMFAAuthenticationMethodUsage

**Prüfstatus: Ungeprüft**

Reports on the distribution of MFA methods registered by users.

<!-- library-status:start -->
    Prüfstatus: Ungeprüft
    Windows- und Tenant-Abnahme ausstehend; keine pauschale Produktionsfreigabe.

    <!-- library-status:end -->

    Analyzes which authentication methods users have registered (Microsoft Authenticator, SMS, Phone, FIDO2).
    Helpful for driving migration from SMS to Authenticator App.

## Prüfung

Keine fachliche Freigabe aus der Katalogerstellung ableiten.

- static: aktueller erfolgreicher Nachweis fehlt
- pester: aktueller erfolgreicher Nachweis fehlt
- windows: aktueller erfolgreicher Nachweis fehlt
- tenant: aktueller erfolgreicher Nachweis fehlt

## Voraussetzungen

- Module: Microsoft.Graph.Authentication, Microsoft.Graph (passende SDK-Untermodule)
- Dokumentierte Graph-Scopes: UserAuthenticationMethod.Read.All, User.Read.All
- Hilfsdateien: Keine lokale Hilfsdatei erkannt.

## Verwendung

Noch kein geprüftes Aufrufbeispiel dokumentiert. Parameter mit `Get-Help './16_Mixed_New_Scripts/114_Get-EntraIDMFAAuthenticationMethodUsage.ps1' -Full` lesen.

## Quelle

[PowerShell-Datei auf GitHub](https://github.com/Kaffeeundcode/Intune-Scripts/blob/main/16_Mixed_New_Scripts/114_Get-EntraIDMFAAuthenticationMethodUsage.ps1)

Prüfungen gelten nur für den dokumentierten Quellstand und Testumfang.
","16_Mixed_New_Scripts","16_Mixed_New_Scripts/114_Get-EntraIDMFAAuthenticationMethodUsage.ps1","unreviewed","Ungeprüft","false","normal"
"get-entra-idstale-service-principals","Get-EntraIDStaleServicePrincipals","# Get-EntraIDStaleServicePrincipals

**Prüfstatus: Ungeprüft**

Identifies Service Principals (Enterprise Apps) that have not signed in recently.

<!-- library-status:start -->
    Prüfstatus: Ungeprüft
    Windows- und Tenant-Abnahme ausstehend; keine pauschale Produktionsfreigabe.

    <!-- library-status:end -->

    Scanning 'SignInLogs' for ServicePrincipals is key to reducing attack surface.
    This script looks for SPs that haven't had a successful sign-in log in the last X days.

    Note: Requires P1/P2 for SignInLogs access.

## Prüfung

Keine fachliche Freigabe aus der Katalogerstellung ableiten.

- static: aktueller erfolgreicher Nachweis fehlt
- pester: aktueller erfolgreicher Nachweis fehlt
- windows: aktueller erfolgreicher Nachweis fehlt
- tenant: aktueller erfolgreicher Nachweis fehlt

## Voraussetzungen

- Module: Microsoft.Graph.Authentication, Microsoft.Graph (passende SDK-Untermodule)
- Dokumentierte Graph-Scopes: AuditLog.Read.All, Directory.Read.All
- Hilfsdateien: Keine lokale Hilfsdatei erkannt.

## Verwendung

Noch kein geprüftes Aufrufbeispiel dokumentiert. Parameter mit `Get-Help './16_Mixed_New_Scripts/115_Get-EntraIDStaleServicePrincipals.ps1' -Full` lesen.

## Quelle

[PowerShell-Datei auf GitHub](https://github.com/Kaffeeundcode/Intune-Scripts/blob/main/16_Mixed_New_Scripts/115_Get-EntraIDStaleServicePrincipals.ps1)

Prüfungen gelten nur für den dokumentierten Quellstand und Testumfang.
","16_Mixed_New_Scripts","16_Mixed_New_Scripts/115_Get-EntraIDStaleServicePrincipals.ps1","unreviewed","Ungeprüft","false","normal"
"get-entra-idadministrative-unit-membership","Get-EntraIDAdministrativeUnitMembership","# Get-EntraIDAdministrativeUnitMembership

**Prüfstatus: Ungeprüft**

Reports on Administrative Unit (AU) membership and their assigned roles.

<!-- library-status:start -->
    Prüfstatus: Ungeprüft
    Windows- und Tenant-Abnahme ausstehend; keine pauschale Produktionsfreigabe.

    <!-- library-status:end -->

    Administrative Units are used for delegated administration.
    This script lists all AUs, the members inside them, and which roles are scoped
    to that specific unit.

## Prüfung

Keine fachliche Freigabe aus der Katalogerstellung ableiten.

- static: aktueller erfolgreicher Nachweis fehlt
- pester: aktueller erfolgreicher Nachweis fehlt
- windows: aktueller erfolgreicher Nachweis fehlt
- tenant: aktueller erfolgreicher Nachweis fehlt

## Voraussetzungen

- Module: Microsoft.Graph.Authentication, Microsoft.Graph (passende SDK-Untermodule)
- Dokumentierte Graph-Scopes: Directory.Read.All
- Hilfsdateien: Keine lokale Hilfsdatei erkannt.

## Verwendung

Noch kein geprüftes Aufrufbeispiel dokumentiert. Parameter mit `Get-Help './16_Mixed_New_Scripts/116_Get-EntraIDAdministrativeUnitMembership.ps1' -Full` lesen.

## Quelle

[PowerShell-Datei auf GitHub](https://github.com/Kaffeeundcode/Intune-Scripts/blob/main/16_Mixed_New_Scripts/116_Get-EntraIDAdministrativeUnitMembership.ps1)

Prüfungen gelten nur für den dokumentierten Quellstand und Testumfang.
","16_Mixed_New_Scripts","16_Mixed_New_Scripts/116_Get-EntraIDAdministrativeUnitMembership.ps1","unreviewed","Ungeprüft","false","normal"
"get-entra-idconditional-access-gaps","Get-EntraIDConditionalAccessGaps","# Get-EntraIDConditionalAccessGaps

**Prüfstatus: Ungeprüft**

Identifies users who are NOT covered by specific critical Conditional Access policies.

<!-- library-status:start -->
    Prüfstatus: Ungeprüft
    Windows- und Tenant-Abnahme ausstehend; keine pauschale Produktionsfreigabe.

    <!-- library-status:end -->

    Checks all Enabled CA policies.
    If a policy targets ""All Users"" but has Exclusions, it lists the Excluded users.
    If a policy targets specific groups, it's harder to check gaps without a ""baseline"".

    Focus: Finding users consistently excluded from MFA or Block Legacy Auth rules.

## Prüfung

Keine fachliche Freigabe aus der Katalogerstellung ableiten.

- static: aktueller erfolgreicher Nachweis fehlt
- pester: aktueller erfolgreicher Nachweis fehlt
- windows: aktueller erfolgreicher Nachweis fehlt
- tenant: aktueller erfolgreicher Nachweis fehlt

## Voraussetzungen

- Module: Microsoft.Graph.Authentication, Microsoft.Graph (passende SDK-Untermodule)
- Dokumentierte Graph-Scopes: Policy.Read.All, Group.Read.All, User.Read.All
- Hilfsdateien: Keine lokale Hilfsdatei erkannt.

## Verwendung

Noch kein geprüftes Aufrufbeispiel dokumentiert. Parameter mit `Get-Help './16_Mixed_New_Scripts/117_Get-EntraIDConditionalAccessGaps.ps1' -Full` lesen.

## Quelle

[PowerShell-Datei auf GitHub](https://github.com/Kaffeeundcode/Intune-Scripts/blob/main/16_Mixed_New_Scripts/117_Get-EntraIDConditionalAccessGaps.ps1)

Prüfungen gelten nur für den dokumentierten Quellstand und Testumfang.
","16_Mixed_New_Scripts","16_Mixed_New_Scripts/117_Get-EntraIDConditionalAccessGaps.ps1","unreviewed","Ungeprüft","false","normal"
"set-entra-iduser-location-from-ip","Set-EntraIDUserLocationFromIP","# Set-EntraIDUserLocationFromIP

**Prüfstatus: Ungeprüft**

Suggests Usage Location updates for users based on their recent successful sign-in IP.

<!-- library-status:start -->
    Prüfstatus: Ungeprüft
    Windows- und Tenant-Abnahme ausstehend; keine pauschale Produktionsfreigabe.

    <!-- library-status:end -->

    Users in Entra ID need a UsageLocation to be assigned licenses.
    This script looks at the last successful interactive sign-in, determines the country from
    the IP address (via Graph Sign-in logs), and suggests setting the UsageLocation.

    Use -Confirm to apply.

## Prüfung

Keine fachliche Freigabe aus der Katalogerstellung ableiten.

- static: aktueller erfolgreicher Nachweis fehlt
- pester: aktueller erfolgreicher Nachweis fehlt
- windows: aktueller erfolgreicher Nachweis fehlt
- tenant: aktueller erfolgreicher Nachweis fehlt

## Voraussetzungen

- Module: Microsoft.Graph.Authentication, Microsoft.Graph (passende SDK-Untermodule)
- Dokumentierte Graph-Scopes: AuditLog.Read.All, User.ReadWrite.All, Directory.Read.All
- Hilfsdateien: Keine lokale Hilfsdatei erkannt.

## Verwendung

Noch kein geprüftes Aufrufbeispiel dokumentiert. Parameter mit `Get-Help './16_Mixed_New_Scripts/118_Set-EntraIDUserLocationFromIP.ps1' -Full` lesen.

## Quelle

[PowerShell-Datei auf GitHub](https://github.com/Kaffeeundcode/Intune-Scripts/blob/main/16_Mixed_New_Scripts/118_Set-EntraIDUserLocationFromIP.ps1)

Prüfungen gelten nur für den dokumentierten Quellstand und Testumfang.
","16_Mixed_New_Scripts","16_Mixed_New_Scripts/118_Set-EntraIDUserLocationFromIP.ps1","unreviewed","Ungeprüft","false","elevated"
"get-entra-iddirectory-role-templates","Get-EntraIDDirectoryRoleTemplates","# Get-EntraIDDirectoryRoleTemplates

**Prüfstatus: Ungeprüft**

Lists all available Directory Rules and Templates (Built-in Roles).

<!-- library-status:start -->
    Prüfstatus: Ungeprüft
    Windows- und Tenant-Abnahme ausstehend; keine pauschale Produktionsfreigabe.

    <!-- library-status:end -->

    Exports the definitions of all Entra ID text-based roles (e.g. ""Global Administrator"", ""Helpdesk Admin"").
    Includes the description and verify if they are enabled.
    Useful for understanding the RBAC landscape.

## Prüfung

Keine fachliche Freigabe aus der Katalogerstellung ableiten.

- static: aktueller erfolgreicher Nachweis fehlt
- pester: aktueller erfolgreicher Nachweis fehlt
- windows: aktueller erfolgreicher Nachweis fehlt
- tenant: aktueller erfolgreicher Nachweis fehlt

## Voraussetzungen

- Module: Microsoft.Graph.Authentication, Microsoft.Graph (passende SDK-Untermodule)
- Dokumentierte Graph-Scopes: Nicht angegeben; vor Tenant-Nutzung prüfen.
- Hilfsdateien: Keine lokale Hilfsdatei erkannt.

## Verwendung

Noch kein geprüftes Aufrufbeispiel dokumentiert. Parameter mit `Get-Help './16_Mixed_New_Scripts/119_Get-EntraIDDirectoryRoleTemplates.ps1' -Full` lesen.

## Quelle

[PowerShell-Datei auf GitHub](https://github.com/Kaffeeundcode/Intune-Scripts/blob/main/16_Mixed_New_Scripts/119_Get-EntraIDDirectoryRoleTemplates.ps1)

Prüfungen gelten nur für den dokumentierten Quellstand und Testumfang.
","16_Mixed_New_Scripts","16_Mixed_New_Scripts/119_Get-EntraIDDirectoryRoleTemplates.ps1","unreviewed","Ungeprüft","false","normal"
"get-entra-idapplication-owner-audit","Get-EntraIDApplicationOwnerAudit","# Get-EntraIDApplicationOwnerAudit

**Prüfstatus: Ungeprüft**

Audit Applications (App Registrations) to find those with no owners or disabled owners.

<!-- library-status:start -->
    Prüfstatus: Ungeprüft
    Windows- und Tenant-Abnahme ausstehend; keine pauschale Produktionsfreigabe.

    <!-- library-status:end -->

    Orphaned apps are a security risk. This script iterates all App Registrations,
    retrieves their owners, and checks if the owner account is Enabled.

    Report flags:
    - No Owners
    - Disabled Owner

## Prüfung

Keine fachliche Freigabe aus der Katalogerstellung ableiten.

- static: aktueller erfolgreicher Nachweis fehlt
- pester: aktueller erfolgreicher Nachweis fehlt
- windows: aktueller erfolgreicher Nachweis fehlt
- tenant: aktueller erfolgreicher Nachweis fehlt

## Voraussetzungen

- Module: Microsoft.Graph.Authentication, Microsoft.Graph (passende SDK-Untermodule)
- Dokumentierte Graph-Scopes: Application.Read.All, User.Read.All
- Hilfsdateien: Keine lokale Hilfsdatei erkannt.

## Verwendung

Noch kein geprüftes Aufrufbeispiel dokumentiert. Parameter mit `Get-Help './16_Mixed_New_Scripts/120_Get-EntraIDApplicationOwnerAudit.ps1' -Full` lesen.

## Quelle

[PowerShell-Datei auf GitHub](https://github.com/Kaffeeundcode/Intune-Scripts/blob/main/16_Mixed_New_Scripts/120_Get-EntraIDApplicationOwnerAudit.ps1)

Prüfungen gelten nur für den dokumentierten Quellstand und Testumfang.
","16_Mixed_New_Scripts","16_Mixed_New_Scripts/120_Get-EntraIDApplicationOwnerAudit.ps1","unreviewed","Ungeprüft","false","normal"
"get-az-vmhybrid-use-benefit-candidate","Get-AzVMHybridUseBenefitCandidate","# Get-AzVMHybridUseBenefitCandidate

**Prüfstatus: Ungeprüft**

Identifies Windows VMs that are NOT using the Azure Hybrid Benefit (AHB).

<!-- library-status:start -->
    Prüfstatus: Ungeprüft
    Windows- und Tenant-Abnahme ausstehend; keine pauschale Produktionsfreigabe.

    <!-- library-status:end -->

    Running Windows Server in Azure is cheaper if you bring your own license (AHB).
    This script finds VMs with 'Windows' OS where LicenseType is null or not 'Windows_Server',
    indicating potential cost savings.

## Prüfung

Keine fachliche Freigabe aus der Katalogerstellung ableiten.

- static: aktueller erfolgreicher Nachweis fehlt
- pester: aktueller erfolgreicher Nachweis fehlt
- windows: aktueller erfolgreicher Nachweis fehlt
- tenant: aktueller erfolgreicher Nachweis fehlt

## Voraussetzungen

- Module: Az
- Dokumentierte Graph-Scopes: Nicht angegeben; vor Tenant-Nutzung prüfen.
- Hilfsdateien: Keine lokale Hilfsdatei erkannt.

## Verwendung

Noch kein geprüftes Aufrufbeispiel dokumentiert. Parameter mit `Get-Help './16_Mixed_New_Scripts/121_Get-AzVMHybridUseBenefitCandidate.ps1' -Full` lesen.

## Quelle

[PowerShell-Datei auf GitHub](https://github.com/Kaffeeundcode/Intune-Scripts/blob/main/16_Mixed_New_Scripts/121_Get-AzVMHybridUseBenefitCandidate.ps1)

Prüfungen gelten nur für den dokumentierten Quellstand und Testumfang.
","16_Mixed_New_Scripts","16_Mixed_New_Scripts/121_Get-AzVMHybridUseBenefitCandidate.ps1","unreviewed","Ungeprüft","false","normal"
"get-az-storage-account-lifecycle-policy","Get-AzStorageAccountLifecyclePolicy","# Get-AzStorageAccountLifecyclePolicy

**Prüfstatus: Ungeprüft**

Audits Storage Accounts to check if they have a Lifecycle Management Policy.

<!-- library-status:start -->
    Prüfstatus: Ungeprüft
    Windows- und Tenant-Abnahme ausstehend; keine pauschale Produktionsfreigabe.

    <!-- library-status:end -->

    Lifecycle rules allow automatic tiering (Cool/Archive) or deletion of old data.
    Storage accounts WITHOUT these policies may be accumulating costs indefinitely.

## Prüfung

Keine fachliche Freigabe aus der Katalogerstellung ableiten.

- static: aktueller erfolgreicher Nachweis fehlt
- pester: aktueller erfolgreicher Nachweis fehlt
- windows: aktueller erfolgreicher Nachweis fehlt
- tenant: aktueller erfolgreicher Nachweis fehlt

## Voraussetzungen

- Module: Az
- Dokumentierte Graph-Scopes: Nicht angegeben; vor Tenant-Nutzung prüfen.
- Hilfsdateien: Keine lokale Hilfsdatei erkannt.

## Verwendung

Noch kein geprüftes Aufrufbeispiel dokumentiert. Parameter mit `Get-Help './16_Mixed_New_Scripts/122_Get-AzStorageAccountLifecyclePolicy.ps1' -Full` lesen.

## Quelle

[PowerShell-Datei auf GitHub](https://github.com/Kaffeeundcode/Intune-Scripts/blob/main/16_Mixed_New_Scripts/122_Get-AzStorageAccountLifecyclePolicy.ps1)

Prüfungen gelten nur für den dokumentierten Quellstand und Testumfang.
","16_Mixed_New_Scripts","16_Mixed_New_Scripts/122_Get-AzStorageAccountLifecyclePolicy.ps1","unreviewed","Ungeprüft","false","normal"
"get-az-network-orphaned-nsgs","Get-AzNetworkOrphanedNSGs","# Get-AzNetworkOrphanedNSGs

**Prüfstatus: Ungeprüft**

Identifies Network Security Groups (NSGs) that are not associated with any Subnet or Network Interface.

<!-- library-status:start -->
    Prüfstatus: Ungeprüft
    Windows- und Tenant-Abnahme ausstehend; keine pauschale Produktionsfreigabe.

    <!-- library-status:end -->

    Orphaned NSGs clutter the environment and provide no value.
    This script checks the 'Subnets' and 'NetworkInterfaces' properties of every NSG.

## Prüfung

Keine fachliche Freigabe aus der Katalogerstellung ableiten.

- static: aktueller erfolgreicher Nachweis fehlt
- pester: aktueller erfolgreicher Nachweis fehlt
- windows: aktueller erfolgreicher Nachweis fehlt
- tenant: aktueller erfolgreicher Nachweis fehlt

## Voraussetzungen

- Module: Az
- Dokumentierte Graph-Scopes: Nicht angegeben; vor Tenant-Nutzung prüfen.
- Hilfsdateien: Keine lokale Hilfsdatei erkannt.

## Verwendung

Noch kein geprüftes Aufrufbeispiel dokumentiert. Parameter mit `Get-Help './16_Mixed_New_Scripts/123_Get-AzNetworkOrphanedNSGs.ps1' -Full` lesen.

## Quelle

[PowerShell-Datei auf GitHub](https://github.com/Kaffeeundcode/Intune-Scripts/blob/main/16_Mixed_New_Scripts/123_Get-AzNetworkOrphanedNSGs.ps1)

Prüfungen gelten nur für den dokumentierten Quellstand und Testumfang.
","16_Mixed_New_Scripts","16_Mixed_New_Scripts/123_Get-AzNetworkOrphanedNSGs.ps1","unreviewed","Ungeprüft","false","normal"
"get-az-key-vault-secret-version-history","Get-AzKeyVaultSecretVersionHistory","# Get-AzKeyVaultSecretVersionHistory

**Prüfstatus: Ungeprüft**

Audits the number of past versions for Key Vault Secrets.

<!-- library-status:start -->
    Prüfstatus: Ungeprüft
    Windows- und Tenant-Abnahme ausstehend; keine pauschale Produktionsfreigabe.

    <!-- library-status:end -->

    Excessive versions of secrets can clutter the vault.
    This script iterates through secrets and counts their disabled/historical versions.
    This is often a cleanup candidate.

## Prüfung

Keine fachliche Freigabe aus der Katalogerstellung ableiten.

- static: aktueller erfolgreicher Nachweis fehlt
- pester: aktueller erfolgreicher Nachweis fehlt
- windows: aktueller erfolgreicher Nachweis fehlt
- tenant: aktueller erfolgreicher Nachweis fehlt

## Voraussetzungen

- Module: Az
- Dokumentierte Graph-Scopes: Nicht angegeben; vor Tenant-Nutzung prüfen.
- Hilfsdateien: Keine lokale Hilfsdatei erkannt.

## Verwendung

Noch kein geprüftes Aufrufbeispiel dokumentiert. Parameter mit `Get-Help './16_Mixed_New_Scripts/124_Get-AzKeyVaultSecretVersionHistory.ps1' -Full` lesen.

## Quelle

[PowerShell-Datei auf GitHub](https://github.com/Kaffeeundcode/Intune-Scripts/blob/main/16_Mixed_New_Scripts/124_Get-AzKeyVaultSecretVersionHistory.ps1)

Prüfungen gelten nur für den dokumentierten Quellstand und Testumfang.
","16_Mixed_New_Scripts","16_Mixed_New_Scripts/124_Get-AzKeyVaultSecretVersionHistory.ps1","unreviewed","Ungeprüft","false","normal"
"get-az-resource-change-history","Get-AzResourceChangeHistory","# Get-AzResourceChangeHistory

**Prüfstatus: Ungeprüft**

Summarizes ""Who changed what"" in the last 24 hours via Activity Log.

<!-- library-status:start -->
    Prüfstatus: Ungeprüft
    Windows- und Tenant-Abnahme ausstehend; keine pauschale Produktionsfreigabe.

    <!-- library-status:end -->

    Filters Azure Activity Log for 'Write', 'Delete', or 'Action' events.
    Groups them by Caller (User) and Resource.

    Quick way to catch ""Who turned off the VM?"" or ""Who modified the NSG?"".

## Prüfung

Keine fachliche Freigabe aus der Katalogerstellung ableiten.

- static: aktueller erfolgreicher Nachweis fehlt
- pester: aktueller erfolgreicher Nachweis fehlt
- windows: aktueller erfolgreicher Nachweis fehlt
- tenant: aktueller erfolgreicher Nachweis fehlt

## Voraussetzungen

- Module: Az
- Dokumentierte Graph-Scopes: Nicht angegeben; vor Tenant-Nutzung prüfen.
- Hilfsdateien: Keine lokale Hilfsdatei erkannt.

## Verwendung

Noch kein geprüftes Aufrufbeispiel dokumentiert. Parameter mit `Get-Help './16_Mixed_New_Scripts/125_Get-AzResourceChangeHistory.ps1' -Full` lesen.

## Quelle

[PowerShell-Datei auf GitHub](https://github.com/Kaffeeundcode/Intune-Scripts/blob/main/16_Mixed_New_Scripts/125_Get-AzResourceChangeHistory.ps1)

Prüfungen gelten nur für den dokumentierten Quellstand und Testumfang.
","16_Mixed_New_Scripts","16_Mixed_New_Scripts/125_Get-AzResourceChangeHistory.ps1","unreviewed","Ungeprüft","false","normal"
"get-az-app-service-plan-density","Get-AzAppServicePlanDensity","# Get-AzAppServicePlanDensity

**Prüfstatus: Ungeprüft**

Calculates the density of App Services running per App Service Plan.

<!-- library-status:start -->
    Prüfstatus: Ungeprüft
    Windows- und Tenant-Abnahme ausstehend; keine pauschale Produktionsfreigabe.

    <!-- library-status:end -->

    App Service Plans (ASP) are the billing unit.
    If you have many ASPs with only 1 App each, you are paying for unused compute.
    This script finds ASPs with low density (e.g. < 2 apps) to suggest consolidation.

## Prüfung

Keine fachliche Freigabe aus der Katalogerstellung ableiten.

- static: aktueller erfolgreicher Nachweis fehlt
- pester: aktueller erfolgreicher Nachweis fehlt
- windows: aktueller erfolgreicher Nachweis fehlt
- tenant: aktueller erfolgreicher Nachweis fehlt

## Voraussetzungen

- Module: Az
- Dokumentierte Graph-Scopes: Nicht angegeben; vor Tenant-Nutzung prüfen.
- Hilfsdateien: Keine lokale Hilfsdatei erkannt.

## Verwendung

Noch kein geprüftes Aufrufbeispiel dokumentiert. Parameter mit `Get-Help './16_Mixed_New_Scripts/126_Get-AzAppServicePlanDensity.ps1' -Full` lesen.

## Quelle

[PowerShell-Datei auf GitHub](https://github.com/Kaffeeundcode/Intune-Scripts/blob/main/16_Mixed_New_Scripts/126_Get-AzAppServicePlanDensity.ps1)

Prüfungen gelten nur für den dokumentierten Quellstand und Testumfang.
","16_Mixed_New_Scripts","16_Mixed_New_Scripts/126_Get-AzAppServicePlanDensity.ps1","unreviewed","Ungeprüft","false","normal"
"get-az-vmpublic-ipinsecure-ports","Get-AzVMPublicIPInsecurePorts","# Get-AzVMPublicIPInsecurePorts

**Prüfstatus: Ungeprüft**

Scans VMs with Public IPs for open management ports (RDP/SSH) to the internet.

<!-- library-status:start -->
    Prüfstatus: Ungeprüft
    Windows- und Tenant-Abnahme ausstehend; keine pauschale Produktionsfreigabe.

    <!-- library-status:end -->

    Iterates all VMs with Public IPs.
    Checks the effective Network Security Group (NSG) rules.
    Flags if port 3389 (RDP) or 22 (SSH) allows access from 'Any' or 'Internet'.

## Prüfung

Keine fachliche Freigabe aus der Katalogerstellung ableiten.

- static: aktueller erfolgreicher Nachweis fehlt
- pester: aktueller erfolgreicher Nachweis fehlt
- windows: aktueller erfolgreicher Nachweis fehlt
- tenant: aktueller erfolgreicher Nachweis fehlt

## Voraussetzungen

- Module: Az
- Dokumentierte Graph-Scopes: Nicht angegeben; vor Tenant-Nutzung prüfen.
- Hilfsdateien: Keine lokale Hilfsdatei erkannt.

## Verwendung

Noch kein geprüftes Aufrufbeispiel dokumentiert. Parameter mit `Get-Help './16_Mixed_New_Scripts/127_Get-AzVMPublicIPInsecurePorts.ps1' -Full` lesen.

## Quelle

[PowerShell-Datei auf GitHub](https://github.com/Kaffeeundcode/Intune-Scripts/blob/main/16_Mixed_New_Scripts/127_Get-AzVMPublicIPInsecurePorts.ps1)

Prüfungen gelten nur für den dokumentierten Quellstand und Testumfang.
","16_Mixed_New_Scripts","16_Mixed_New_Scripts/127_Get-AzVMPublicIPInsecurePorts.ps1","unreviewed","Ungeprüft","false","normal"
"get-az-subscription-policy-exemptions","Get-AzSubscriptionPolicyExemptions","# Get-AzSubscriptionPolicyExemptions

**Prüfstatus: Ungeprüft**

Lists all Azure Policy Exemptions in the subscription.

<!-- library-status:start -->
    Prüfstatus: Ungeprüft
    Windows- und Tenant-Abnahme ausstehend; keine pauschale Produktionsfreigabe.

    <!-- library-status:end -->

    Exemptions act as ""Get out of jail free"" cards for compliance.
    This script audits all exemptions to ensure they are still valid/necessary.

## Prüfung

Keine fachliche Freigabe aus der Katalogerstellung ableiten.

- static: aktueller erfolgreicher Nachweis fehlt
- pester: aktueller erfolgreicher Nachweis fehlt
- windows: aktueller erfolgreicher Nachweis fehlt
- tenant: aktueller erfolgreicher Nachweis fehlt

## Voraussetzungen

- Module: Az
- Dokumentierte Graph-Scopes: Nicht angegeben; vor Tenant-Nutzung prüfen.
- Hilfsdateien: Keine lokale Hilfsdatei erkannt.

## Verwendung

Noch kein geprüftes Aufrufbeispiel dokumentiert. Parameter mit `Get-Help './16_Mixed_New_Scripts/128_Get-AzSubscriptionPolicyExemptions.ps1' -Full` lesen.

## Quelle

[PowerShell-Datei auf GitHub](https://github.com/Kaffeeundcode/Intune-Scripts/blob/main/16_Mixed_New_Scripts/128_Get-AzSubscriptionPolicyExemptions.ps1)

Prüfungen gelten nur für den dokumentierten Quellstand und Testumfang.
","16_Mixed_New_Scripts","16_Mixed_New_Scripts/128_Get-AzSubscriptionPolicyExemptions.ps1","unreviewed","Ungeprüft","false","normal"
"get-az-recovery-services-vault-storage","Get-AzRecoveryServicesVaultStorage","# Get-AzRecoveryServicesVaultStorage

**Prüfstatus: Ungeprüft**

Reports the storage usage of Recovery Services Vaults (Backups).

<!-- library-status:start -->
    Prüfstatus: Ungeprüft
    Windows- und Tenant-Abnahme ausstehend; keine pauschale Produktionsfreigabe.

    <!-- library-status:end -->

    Azure Backup storage costs can grow silently.
    This script retrieves the vault usage statistics to show how much LRS/GRS data is stored.

## Prüfung

Keine fachliche Freigabe aus der Katalogerstellung ableiten.

- static: aktueller erfolgreicher Nachweis fehlt
- pester: aktueller erfolgreicher Nachweis fehlt
- windows: aktueller erfolgreicher Nachweis fehlt
- tenant: aktueller erfolgreicher Nachweis fehlt

## Voraussetzungen

- Module: Az
- Dokumentierte Graph-Scopes: Nicht angegeben; vor Tenant-Nutzung prüfen.
- Hilfsdateien: Keine lokale Hilfsdatei erkannt.

## Verwendung

Noch kein geprüftes Aufrufbeispiel dokumentiert. Parameter mit `Get-Help './16_Mixed_New_Scripts/129_Get-AzRecoveryServicesVaultStorage.ps1' -Full` lesen.

## Quelle

[PowerShell-Datei auf GitHub](https://github.com/Kaffeeundcode/Intune-Scripts/blob/main/16_Mixed_New_Scripts/129_Get-AzRecoveryServicesVaultStorage.ps1)

Prüfungen gelten nur für den dokumentierten Quellstand und Testumfang.
","16_Mixed_New_Scripts","16_Mixed_New_Scripts/129_Get-AzRecoveryServicesVaultStorage.ps1","unreviewed","Ungeprüft","false","elevated"
"get-az-load-balancer-empty-pools","Get-AzLoadBalancerEmptyPools","# Get-AzLoadBalancerEmptyPools

**Prüfstatus: Ungeprüft**

Identifies Load Balancers that have no backend pool members defined.

<!-- library-status:start -->
    Prüfstatus: Ungeprüft
    Windows- und Tenant-Abnahme ausstehend; keine pauschale Produktionsfreigabe.

    <!-- library-status:end -->

    An empty Load Balancer incurs costs (Standard SKU) and adds complexity.
    This script flags LBs with 0 backend servers.

## Prüfung

Keine fachliche Freigabe aus der Katalogerstellung ableiten.

- static: aktueller erfolgreicher Nachweis fehlt
- pester: aktueller erfolgreicher Nachweis fehlt
- windows: aktueller erfolgreicher Nachweis fehlt
- tenant: aktueller erfolgreicher Nachweis fehlt

## Voraussetzungen

- Module: Az
- Dokumentierte Graph-Scopes: Nicht angegeben; vor Tenant-Nutzung prüfen.
- Hilfsdateien: Keine lokale Hilfsdatei erkannt.

## Verwendung

Noch kein geprüftes Aufrufbeispiel dokumentiert. Parameter mit `Get-Help './16_Mixed_New_Scripts/130_Get-AzLoadBalancerEmptyPools.ps1' -Full` lesen.

## Quelle

[PowerShell-Datei auf GitHub](https://github.com/Kaffeeundcode/Intune-Scripts/blob/main/16_Mixed_New_Scripts/130_Get-AzLoadBalancerEmptyPools.ps1)

Prüfungen gelten nur für den dokumentierten Quellstand und Testumfang.
","16_Mixed_New_Scripts","16_Mixed_New_Scripts/130_Get-AzLoadBalancerEmptyPools.ps1","unreviewed","Ungeprüft","false","normal"
"get-teams-orphaned-teams","Get-TeamsOrphanedTeams","# Get-TeamsOrphanedTeams

**Prüfstatus: Ungeprüft**

Identifies Microsoft Teams that have no owners.

<!-- library-status:start -->
    Prüfstatus: Ungeprüft
    Windows- und Tenant-Abnahme ausstehend; keine pauschale Produktionsfreigabe.

    <!-- library-status:end -->

    ""Orphaned"" Teams are hard to manage because no user has control.
    This script scans all groups associated with Teams and checks for owner count = 0.

## Prüfung

Keine fachliche Freigabe aus der Katalogerstellung ableiten.

- static: aktueller erfolgreicher Nachweis fehlt
- pester: aktueller erfolgreicher Nachweis fehlt
- windows: aktueller erfolgreicher Nachweis fehlt
- tenant: aktueller erfolgreicher Nachweis fehlt

## Voraussetzungen

- Module: Microsoft.Graph.Authentication, Microsoft.Graph (passende SDK-Untermodule)
- Dokumentierte Graph-Scopes: Group.Read.All, User.Read.All
- Hilfsdateien: Keine lokale Hilfsdatei erkannt.

## Verwendung

Noch kein geprüftes Aufrufbeispiel dokumentiert. Parameter mit `Get-Help './16_Mixed_New_Scripts/131_Get-TeamsOrphanedTeams.ps1' -Full` lesen.

## Quelle

[PowerShell-Datei auf GitHub](https://github.com/Kaffeeundcode/Intune-Scripts/blob/main/16_Mixed_New_Scripts/131_Get-TeamsOrphanedTeams.ps1)

Prüfungen gelten nur für den dokumentierten Quellstand und Testumfang.
","16_Mixed_New_Scripts","16_Mixed_New_Scripts/131_Get-TeamsOrphanedTeams.ps1","unreviewed","Ungeprüft","false","normal"
"get-exo-mailbox-delegation-report","Get-ExoMailboxDelegationReport","# Get-ExoMailboxDelegationReport

**Prüfstatus: Ungeprüft**

Exports a comprehensive report of Mailbox Delegations (Full Access, Send As).

<!-- library-status:start -->
    Prüfstatus: Ungeprüft
    Windows- und Tenant-Abnahme ausstehend; keine pauschale Produktionsfreigabe.

    <!-- library-status:end -->

    Iterates through all user mailboxes and retrieves permissions.
    Filters out 'Self' permissions to show only delegated access.

    Warning: Can be slow on large tenants.

## Prüfung

Keine fachliche Freigabe aus der Katalogerstellung ableiten.

- static: aktueller erfolgreicher Nachweis fehlt
- pester: aktueller erfolgreicher Nachweis fehlt
- windows: aktueller erfolgreicher Nachweis fehlt
- tenant: aktueller erfolgreicher Nachweis fehlt

## Voraussetzungen

- Module: ExchangeOnlineManagement
- Dokumentierte Graph-Scopes: Nicht angegeben; vor Tenant-Nutzung prüfen.
- Hilfsdateien: Keine lokale Hilfsdatei erkannt.

## Verwendung

Noch kein geprüftes Aufrufbeispiel dokumentiert. Parameter mit `Get-Help './16_Mixed_New_Scripts/132_Get-ExoMailboxDelegationReport.ps1' -Full` lesen.

## Quelle

[PowerShell-Datei auf GitHub](https://github.com/Kaffeeundcode/Intune-Scripts/blob/main/16_Mixed_New_Scripts/132_Get-ExoMailboxDelegationReport.ps1)

Prüfungen gelten nur für den dokumentierten Quellstand und Testumfang.
","16_Mixed_New_Scripts","16_Mixed_New_Scripts/132_Get-ExoMailboxDelegationReport.ps1","unreviewed","Ungeprüft","false","normal"
"set-teams-private-channel-lifecycle","Set-TeamsPrivateChannelLifecycle","# Set-TeamsPrivateChannelLifecycle

**Prüfstatus: Ungeprüft**

Archives or alerts on Teams Private Channels with no recent activity.

<!-- library-status:start -->
    Prüfstatus: Ungeprüft
    Windows- und Tenant-Abnahme ausstehend; keine pauschale Produktionsfreigabe.

    <!-- library-status:end -->

    Private channels have their own separate SharePoint sites.
    When a Team is archived, private channels might remain ignored.
    This script finds private channels where the underlying site has not been modified recently.

## Prüfung

Keine fachliche Freigabe aus der Katalogerstellung ableiten.

- static: aktueller erfolgreicher Nachweis fehlt
- pester: aktueller erfolgreicher Nachweis fehlt
- windows: aktueller erfolgreicher Nachweis fehlt
- tenant: aktueller erfolgreicher Nachweis fehlt

## Voraussetzungen

- Module: Microsoft.Graph.Authentication, Microsoft.Graph (passende SDK-Untermodule)
- Dokumentierte Graph-Scopes: Group.Read.All, Sites.Read.All, ChannelMember.Read.All
- Hilfsdateien: Keine lokale Hilfsdatei erkannt.

## Verwendung

Noch kein geprüftes Aufrufbeispiel dokumentiert. Parameter mit `Get-Help './16_Mixed_New_Scripts/133_Set-TeamsPrivateChannelLifecycle.ps1' -Full` lesen.

## Quelle

[PowerShell-Datei auf GitHub](https://github.com/Kaffeeundcode/Intune-Scripts/blob/main/16_Mixed_New_Scripts/133_Set-TeamsPrivateChannelLifecycle.ps1)

Prüfungen gelten nur für den dokumentierten Quellstand und Testumfang.
","16_Mixed_New_Scripts","16_Mixed_New_Scripts/133_Set-TeamsPrivateChannelLifecycle.ps1","unreviewed","Ungeprüft","false","normal"
"get-exo-mail-flow-transport-rule-hits","Get-ExoMailFlowTransportRuleHits","# Get-ExoMailFlowTransportRuleHits

**Prüfstatus: Ungeprüft**

Exports Transport Rules and (where possible) analyzes if they are active.

<!-- library-status:start -->
    Prüfstatus: Ungeprüft
    Windows- und Tenant-Abnahme ausstehend; keine pauschale Produktionsfreigabe.

    <!-- library-status:end -->

    Lists all Transport Rules with their priority, state, and actions.
    Note: Exact ""Hit Count"" is not directly exposed via simple cmdlet, but we can infer
    usage based on Message Trace correlation if needed.
    This script focuses on the Configuration audit part: Which rules enforce encryption, blocking, etc.

## Prüfung

Keine fachliche Freigabe aus der Katalogerstellung ableiten.

- static: aktueller erfolgreicher Nachweis fehlt
- pester: aktueller erfolgreicher Nachweis fehlt
- windows: aktueller erfolgreicher Nachweis fehlt
- tenant: aktueller erfolgreicher Nachweis fehlt

## Voraussetzungen

- Module: ExchangeOnlineManagement
- Dokumentierte Graph-Scopes: Nicht angegeben; vor Tenant-Nutzung prüfen.
- Hilfsdateien: Keine lokale Hilfsdatei erkannt.

## Verwendung

Noch kein geprüftes Aufrufbeispiel dokumentiert. Parameter mit `Get-Help './16_Mixed_New_Scripts/134_Get-ExoMailFlowTransportRuleHits.ps1' -Full` lesen.

## Quelle

[PowerShell-Datei auf GitHub](https://github.com/Kaffeeundcode/Intune-Scripts/blob/main/16_Mixed_New_Scripts/134_Get-ExoMailFlowTransportRuleHits.ps1)

Prüfungen gelten nur für den dokumentierten Quellstand und Testumfang.
","16_Mixed_New_Scripts","16_Mixed_New_Scripts/134_Get-ExoMailFlowTransportRuleHits.ps1","unreviewed","Ungeprüft","false","normal"
"get-m365-group-storage-trend","Get-M365GroupStorageTrend","# Get-M365GroupStorageTrend

**Prüfstatus: Ungeprüft**

Reports on the SharePoint storage usage for M365 Groups (Teams/Groups).

<!-- library-status:start -->
    Prüfstatus: Ungeprüft
    Windows- und Tenant-Abnahme ausstehend; keine pauschale Produktionsfreigabe.

    <!-- library-status:end -->

    Queries the associated SharePoint site for each Unified Group and reports Used Storage vs Quota.
    Top 20 consumers are displayed.

## Prüfung

Keine fachliche Freigabe aus der Katalogerstellung ableiten.

- static: aktueller erfolgreicher Nachweis fehlt
- pester: aktueller erfolgreicher Nachweis fehlt
- windows: aktueller erfolgreicher Nachweis fehlt
- tenant: aktueller erfolgreicher Nachweis fehlt

## Voraussetzungen

- Module: Microsoft.Graph.Authentication, Microsoft.Graph (passende SDK-Untermodule)
- Dokumentierte Graph-Scopes: Sites.Read.All, Group.Read.All
- Hilfsdateien: Keine lokale Hilfsdatei erkannt.

## Verwendung

Noch kein geprüftes Aufrufbeispiel dokumentiert. Parameter mit `Get-Help './16_Mixed_New_Scripts/135_Get-M365GroupStorageTrend.ps1' -Full` lesen.

## Quelle

[PowerShell-Datei auf GitHub](https://github.com/Kaffeeundcode/Intune-Scripts/blob/main/16_Mixed_New_Scripts/135_Get-M365GroupStorageTrend.ps1)

Prüfungen gelten nur für den dokumentierten Quellstand und Testumfang.
","16_Mixed_New_Scripts","16_Mixed_New_Scripts/135_Get-M365GroupStorageTrend.ps1","unreviewed","Ungeprüft","false","normal"
"get-teams-app-permission-grants","Get-TeamsAppPermissionGrants","# Get-TeamsAppPermissionGrants

**Prüfstatus: Ungeprüft**

Audits 3rd party apps installed in Teams and their permissions.

<!-- library-status:start -->
    Prüfstatus: Ungeprüft
    Windows- und Tenant-Abnahme ausstehend; keine pauschale Produktionsfreigabe.

    <!-- library-status:end -->

    Lists all Apps installed in Teams (Tenant-wide automation).
    It checks if they are blocked or allowed by tenant settings.

## Prüfung

Keine fachliche Freigabe aus der Katalogerstellung ableiten.

- static: aktueller erfolgreicher Nachweis fehlt
- pester: aktueller erfolgreicher Nachweis fehlt
- windows: aktueller erfolgreicher Nachweis fehlt
- tenant: aktueller erfolgreicher Nachweis fehlt

## Voraussetzungen

- Module: Microsoft.Graph.Authentication, Microsoft.Graph (passende SDK-Untermodule)
- Dokumentierte Graph-Scopes: Nicht angegeben; vor Tenant-Nutzung prüfen.
- Hilfsdateien: Keine lokale Hilfsdatei erkannt.

## Verwendung

Noch kein geprüftes Aufrufbeispiel dokumentiert. Parameter mit `Get-Help './16_Mixed_New_Scripts/136_Get-TeamsAppPermissionGrants.ps1' -Full` lesen.

## Quelle

[PowerShell-Datei auf GitHub](https://github.com/Kaffeeundcode/Intune-Scripts/blob/main/16_Mixed_New_Scripts/136_Get-TeamsAppPermissionGrants.ps1)

Prüfungen gelten nur für den dokumentierten Quellstand und Testumfang.
","16_Mixed_New_Scripts","16_Mixed_New_Scripts/136_Get-TeamsAppPermissionGrants.ps1","unreviewed","Ungeprüft","false","normal"
"get-exo-room-mailbox-efficiency","Get-ExoRoomMailboxEfficiency","# Get-ExoRoomMailboxEfficiency

**Prüfstatus: Ungeprüft**

Analyzes Room Mailbox usage and decline rates (Capacity Planning).

<!-- library-status:start -->
    Prüfstatus: Ungeprüft
    Windows- und Tenant-Abnahme ausstehend; keine pauschale Produktionsfreigabe.

    <!-- library-status:end -->

    Checks calendar stats for Room mailboxes.
    Note: Requires access to calendar data or usage logs.
    This script checks the 'BookingWindowInDays' and configuration, plus basic item count
    to infer usage intensity.

## Prüfung

Keine fachliche Freigabe aus der Katalogerstellung ableiten.

- static: aktueller erfolgreicher Nachweis fehlt
- pester: aktueller erfolgreicher Nachweis fehlt
- windows: aktueller erfolgreicher Nachweis fehlt
- tenant: aktueller erfolgreicher Nachweis fehlt

## Voraussetzungen

- Module: ExchangeOnlineManagement
- Dokumentierte Graph-Scopes: Nicht angegeben; vor Tenant-Nutzung prüfen.
- Hilfsdateien: Keine lokale Hilfsdatei erkannt.

## Verwendung

Noch kein geprüftes Aufrufbeispiel dokumentiert. Parameter mit `Get-Help './16_Mixed_New_Scripts/137_Get-ExoRoomMailboxEfficiency.ps1' -Full` lesen.

## Quelle

[PowerShell-Datei auf GitHub](https://github.com/Kaffeeundcode/Intune-Scripts/blob/main/16_Mixed_New_Scripts/137_Get-ExoRoomMailboxEfficiency.ps1)

Prüfungen gelten nur für den dokumentierten Quellstand und Testumfang.
","16_Mixed_New_Scripts","16_Mixed_New_Scripts/137_Get-ExoRoomMailboxEfficiency.ps1","unreviewed","Ungeprüft","false","normal"
"set-m365-user-license-reclaim","Set-M365UserLicenseReclaim","# Set-M365UserLicenseReclaim

**Prüfstatus: Ungeprüft**

Identifies disabled users who still hold a license and offers to reclaim them.

<!-- library-status:start -->
    Prüfstatus: Ungeprüft
    Windows- und Tenant-Abnahme ausstehend; keine pauschale Produktionsfreigabe.

    <!-- library-status:end -->

    Cost saving: Finds 'AccountEnabled = False' users with assigned licenses.
    If -Reclaim switch is used, it removes the licenses.

## Prüfung

Keine fachliche Freigabe aus der Katalogerstellung ableiten.

- static: aktueller erfolgreicher Nachweis fehlt
- pester: aktueller erfolgreicher Nachweis fehlt
- windows: aktueller erfolgreicher Nachweis fehlt
- tenant: aktueller erfolgreicher Nachweis fehlt

## Voraussetzungen

- Module: Microsoft.Graph.Authentication, Microsoft.Graph (passende SDK-Untermodule)
- Dokumentierte Graph-Scopes: User.ReadWrite.All
- Hilfsdateien: Keine lokale Hilfsdatei erkannt.

## Verwendung

Noch kein geprüftes Aufrufbeispiel dokumentiert. Parameter mit `Get-Help './16_Mixed_New_Scripts/138_Set-M365UserLicenseReclaim.ps1' -Full` lesen.

## Quelle

[PowerShell-Datei auf GitHub](https://github.com/Kaffeeundcode/Intune-Scripts/blob/main/16_Mixed_New_Scripts/138_Set-M365UserLicenseReclaim.ps1)

Prüfungen gelten nur für den dokumentierten Quellstand und Testumfang.
","16_Mixed_New_Scripts","16_Mixed_New_Scripts/138_Set-M365UserLicenseReclaim.ps1","unreviewed","Ungeprüft","false","elevated"
"get-exo-phishing-simulation-stats","Get-ExoPhishingSimulationStats","# Get-ExoPhishingSimulationStats

**Prüfstatus: Ungeprüft**

Retrieves statistics from Attack Simulation Training (Phishing usage).

<!-- library-status:start -->
    Prüfstatus: Ungeprüft
    Windows- und Tenant-Abnahme ausstehend; keine pauschale Produktionsfreigabe.

    <!-- library-status:end -->

    Reports on the latest simulation runs: Setup status, payload used, and compromise rate.
    Requires 'Attack Simulation Administrator' roles or equivalent.

## Prüfung

Keine fachliche Freigabe aus der Katalogerstellung ableiten.

- static: aktueller erfolgreicher Nachweis fehlt
- pester: aktueller erfolgreicher Nachweis fehlt
- windows: aktueller erfolgreicher Nachweis fehlt
- tenant: aktueller erfolgreicher Nachweis fehlt

## Voraussetzungen

- Module: Microsoft.Graph.Authentication, Microsoft.Graph (passende SDK-Untermodule)
- Dokumentierte Graph-Scopes: AttackSimulation.Read.All
- Hilfsdateien: Keine lokale Hilfsdatei erkannt.

## Verwendung

Noch kein geprüftes Aufrufbeispiel dokumentiert. Parameter mit `Get-Help './16_Mixed_New_Scripts/139_Get-ExoPhishingSimulationStats.ps1' -Full` lesen.

## Quelle

[PowerShell-Datei auf GitHub](https://github.com/Kaffeeundcode/Intune-Scripts/blob/main/16_Mixed_New_Scripts/139_Get-ExoPhishingSimulationStats.ps1)

Prüfungen gelten nur für den dokumentierten Quellstand und Testumfang.
","16_Mixed_New_Scripts","16_Mixed_New_Scripts/139_Get-ExoPhishingSimulationStats.ps1","unreviewed","Ungeprüft","false","normal"
"get-teams-device-health-detailed","Get-TeamsDeviceHealthDetailed","# Get-TeamsDeviceHealthDetailed

**Prüfstatus: Ungeprüft**

Deep dive into Teams Devices (Rooms, Panels, Phones) health.

<!-- library-status:start -->
    Prüfstatus: Ungeprüft
    Windows- und Tenant-Abnahme ausstehend; keine pauschale Produktionsfreigabe.

    <!-- library-status:end -->

    Lists all provisioned Teams devices and checks their health status:
    - Software version
    - Network connectivity
    - Peripherals status (Camera/Mic)

    Useful for MTR (Microsoft Teams Room) fleet management.

## Prüfung

Keine fachliche Freigabe aus der Katalogerstellung ableiten.

- static: aktueller erfolgreicher Nachweis fehlt
- pester: aktueller erfolgreicher Nachweis fehlt
- windows: aktueller erfolgreicher Nachweis fehlt
- tenant: aktueller erfolgreicher Nachweis fehlt

## Voraussetzungen

- Module: Microsoft.Graph.Authentication, Microsoft.Graph (passende SDK-Untermodule)
- Dokumentierte Graph-Scopes: TeamworkDevice.Read.All
- Hilfsdateien: Keine lokale Hilfsdatei erkannt.

## Verwendung

Noch kein geprüftes Aufrufbeispiel dokumentiert. Parameter mit `Get-Help './16_Mixed_New_Scripts/140_Get-TeamsDeviceHealthDetailed.ps1' -Full` lesen.

## Quelle

[PowerShell-Datei auf GitHub](https://github.com/Kaffeeundcode/Intune-Scripts/blob/main/16_Mixed_New_Scripts/140_Get-TeamsDeviceHealthDetailed.ps1)

Prüfungen gelten nur für den dokumentierten Quellstand und Testumfang.
","16_Mixed_New_Scripts","16_Mixed_New_Scripts/140_Get-TeamsDeviceHealthDetailed.ps1","unreviewed","Ungeprüft","false","normal"
"invoke-az-automation-job-cleanup","Invoke-AzAutomationJobCleanup","# Invoke-AzAutomationJobCleanup

**Prüfstatus: Ungeprüft**

Maintenance script to clean up old Automation Job history.

<!-- library-status:start -->
    Prüfstatus: Ungeprüft
    Windows- und Tenant-Abnahme ausstehend; keine pauschale Produktionsfreigabe.

    <!-- library-status:end -->

    Azure Automation keeps job logs which can be noisy.
    This script finds jobs older than X days and effectively clears them from view
    (though archiving is native, this is for operational dashboard cleanup).

    Note: Can't delete jobs via simple cmdlet easily, often used to just export-and-purge logic.
    Here we focus on identifying the purge candidates.

## Prüfung

Keine fachliche Freigabe aus der Katalogerstellung ableiten.

- static: aktueller erfolgreicher Nachweis fehlt
- pester: aktueller erfolgreicher Nachweis fehlt
- windows: aktueller erfolgreicher Nachweis fehlt
- tenant: aktueller erfolgreicher Nachweis fehlt

## Voraussetzungen

- Module: Az
- Dokumentierte Graph-Scopes: Nicht angegeben; vor Tenant-Nutzung prüfen.
- Hilfsdateien: Keine lokale Hilfsdatei erkannt.

## Verwendung

Noch kein geprüftes Aufrufbeispiel dokumentiert. Parameter mit `Get-Help './16_Mixed_New_Scripts/141_Invoke-AzAutomationJobCleanup.ps1' -Full` lesen.

## Quelle

[PowerShell-Datei auf GitHub](https://github.com/Kaffeeundcode/Intune-Scripts/blob/main/16_Mixed_New_Scripts/141_Invoke-AzAutomationJobCleanup.ps1)

Prüfungen gelten nur für den dokumentierten Quellstand und Testumfang.
","16_Mixed_New_Scripts","16_Mixed_New_Scripts/141_Invoke-AzAutomationJobCleanup.ps1","unreviewed","Ungeprüft","false","elevated"
"get-script-execution-telemetry","Get-ScriptExecutionTelemetry","# Get-ScriptExecutionTelemetry

**Prüfstatus: Ungeprüft**

Parses local Intune Management Extension logs to analyze script execution times.

<!-- library-status:start -->
    Prüfstatus: Ungeprüft
    Windows- und Tenant-Abnahme ausstehend; keine pauschale Produktionsfreigabe.

    <!-- library-status:end -->

    Designed to run LOCALLY on a client.
    Reads 'IntuneManagementExtension.log' and extracts script execution events.
    Calculates how long each remediation/script took to run.

## Prüfung

Keine fachliche Freigabe aus der Katalogerstellung ableiten.

- static: aktueller erfolgreicher Nachweis fehlt
- pester: aktueller erfolgreicher Nachweis fehlt
- windows: aktueller erfolgreicher Nachweis fehlt
- tenant: aktueller erfolgreicher Nachweis fehlt

## Voraussetzungen

- Module: Skript prüfen; keine Cloud-Module erkannt.
- Dokumentierte Graph-Scopes: Nicht angegeben; vor Tenant-Nutzung prüfen.
- Hilfsdateien: Keine lokale Hilfsdatei erkannt.

## Verwendung

Noch kein geprüftes Aufrufbeispiel dokumentiert. Parameter mit `Get-Help './16_Mixed_New_Scripts/142_Get-ScriptExecutionTelemetry.ps1' -Full` lesen.

## Quelle

[PowerShell-Datei auf GitHub](https://github.com/Kaffeeundcode/Intune-Scripts/blob/main/16_Mixed_New_Scripts/142_Get-ScriptExecutionTelemetry.ps1)

Prüfungen gelten nur für den dokumentierten Quellstand und Testumfang.
","16_Mixed_New_Scripts","16_Mixed_New_Scripts/142_Get-ScriptExecutionTelemetry.ps1","unreviewed","Ungeprüft","false","normal"
"new-scheduled-task-maintenance","New-ScheduledTaskMaintenance","# New-ScheduledTaskMaintenance

**Prüfstatus: Ungeprüft**

Creates a local Windows Scheduled Task to run weekly maintenance (Cleanup).

<!-- library-status:start -->
    Prüfstatus: Ungeprüft
    Windows- und Tenant-Abnahme ausstehend; keine pauschale Produktionsfreigabe.

    <!-- library-status:end -->

    Useful for deploying via Intune as a ""Script"" to ensure clients self-maintain.
    Task Actions:
    - Clear Temp
    - Windows Update Cleanup (Dism)

    Runs as SYSTEM.

## Prüfung

Keine fachliche Freigabe aus der Katalogerstellung ableiten.

- static: aktueller erfolgreicher Nachweis fehlt
- pester: aktueller erfolgreicher Nachweis fehlt
- windows: aktueller erfolgreicher Nachweis fehlt
- tenant: aktueller erfolgreicher Nachweis fehlt

## Voraussetzungen

- Module: Skript prüfen; keine Cloud-Module erkannt.
- Dokumentierte Graph-Scopes: Nicht angegeben; vor Tenant-Nutzung prüfen.
- Hilfsdateien: Keine lokale Hilfsdatei erkannt.

## Verwendung

Noch kein geprüftes Aufrufbeispiel dokumentiert. Parameter mit `Get-Help './16_Mixed_New_Scripts/143_New-ScheduledTaskMaintenance.ps1' -Full` lesen.

## Quelle

[PowerShell-Datei auf GitHub](https://github.com/Kaffeeundcode/Intune-Scripts/blob/main/16_Mixed_New_Scripts/143_New-ScheduledTaskMaintenance.ps1)

Prüfungen gelten nur für den dokumentierten Quellstand und Testumfang.
","16_Mixed_New_Scripts","16_Mixed_New_Scripts/143_New-ScheduledTaskMaintenance.ps1","unreviewed","Ungeprüft","false","elevated"
"get-system-uptime-report-bulk","Get-SystemUptimeReportBulk","# Get-SystemUptimeReportBulk

**Prüfstatus: Ungeprüft**

Queries a list of remote computers (WMI/CIM) for their uptime.

<!-- library-status:start -->
    Prüfstatus: Ungeprüft
    Windows- und Tenant-Abnahme ausstehend; keine pauschale Produktionsfreigabe.

    <!-- library-status:end -->

    Simple audit tool for Admin PCs.
    Input: List of computer names.
    Output: Boot time and Uptime days.

## Prüfung

Keine fachliche Freigabe aus der Katalogerstellung ableiten.

- static: aktueller erfolgreicher Nachweis fehlt
- pester: aktueller erfolgreicher Nachweis fehlt
- windows: aktueller erfolgreicher Nachweis fehlt
- tenant: aktueller erfolgreicher Nachweis fehlt

## Voraussetzungen

- Module: Skript prüfen; keine Cloud-Module erkannt.
- Dokumentierte Graph-Scopes: Nicht angegeben; vor Tenant-Nutzung prüfen.
- Hilfsdateien: Keine lokale Hilfsdatei erkannt.

## Verwendung

Noch kein geprüftes Aufrufbeispiel dokumentiert. Parameter mit `Get-Help './16_Mixed_New_Scripts/144_Get-SystemUptimeReportBulk.ps1' -Full` lesen.

## Quelle

[PowerShell-Datei auf GitHub](https://github.com/Kaffeeundcode/Intune-Scripts/blob/main/16_Mixed_New_Scripts/144_Get-SystemUptimeReportBulk.ps1)

Prüfungen gelten nur für den dokumentierten Quellstand und Testumfang.
","16_Mixed_New_Scripts","16_Mixed_New_Scripts/144_Get-SystemUptimeReportBulk.ps1","unreviewed","Ungeprüft","false","normal"
"get-local-user-profile-size","Get-LocalUserProfileSize","# Get-LocalUserProfileSize

**Prüfstatus: Ungeprüft**

Calculates the size of User Profiles on the local machine.

<!-- library-status:start -->
    Prüfstatus: Ungeprüft
    Windows- und Tenant-Abnahme ausstehend; keine pauschale Produktionsfreigabe.

    <!-- library-status:end -->

    Useful for shared devices to identify space hogs.
    Iterates C:\Users and calculates folder size.
    Warning: Slow on large drives.

## Prüfung

Keine fachliche Freigabe aus der Katalogerstellung ableiten.

- static: aktueller erfolgreicher Nachweis fehlt
- pester: aktueller erfolgreicher Nachweis fehlt
- windows: aktueller erfolgreicher Nachweis fehlt
- tenant: aktueller erfolgreicher Nachweis fehlt

## Voraussetzungen

- Module: Skript prüfen; keine Cloud-Module erkannt.
- Dokumentierte Graph-Scopes: Nicht angegeben; vor Tenant-Nutzung prüfen.
- Hilfsdateien: Keine lokale Hilfsdatei erkannt.

## Verwendung

Noch kein geprüftes Aufrufbeispiel dokumentiert. Parameter mit `Get-Help './16_Mixed_New_Scripts/145_Get-LocalUserProfileSize.ps1' -Full` lesen.

## Quelle

[PowerShell-Datei auf GitHub](https://github.com/Kaffeeundcode/Intune-Scripts/blob/main/16_Mixed_New_Scripts/145_Get-LocalUserProfileSize.ps1)

Prüfungen gelten nur für den dokumentierten Quellstand und Testumfang.
","16_Mixed_New_Scripts","16_Mixed_New_Scripts/145_Get-LocalUserProfileSize.ps1","unreviewed","Ungeprüft","false","normal"
"remove-old-log-files","Remove-OldLogFiles","# Remove-OldLogFiles

**Prüfstatus: Ungeprüft**

Rotates or deletes old log files in a specific directory.

<!-- library-status:start -->
    Prüfstatus: Ungeprüft
    Windows- und Tenant-Abnahme ausstehend; keine pauschale Produktionsfreigabe.

    <!-- library-status:end -->

    Generic maintenance tool.
    Target a folder (e.g. IIS logs, Custom App logs) and delete files older than X days.

    Safe mode included (WhatIf).

## Prüfung

Keine fachliche Freigabe aus der Katalogerstellung ableiten.

- static: aktueller erfolgreicher Nachweis fehlt
- pester: aktueller erfolgreicher Nachweis fehlt
- windows: aktueller erfolgreicher Nachweis fehlt
- tenant: aktueller erfolgreicher Nachweis fehlt

## Voraussetzungen

- Module: Skript prüfen; keine Cloud-Module erkannt.
- Dokumentierte Graph-Scopes: Nicht angegeben; vor Tenant-Nutzung prüfen.
- Hilfsdateien: Keine lokale Hilfsdatei erkannt.

## Verwendung

Noch kein geprüftes Aufrufbeispiel dokumentiert. Parameter mit `Get-Help './16_Mixed_New_Scripts/146_Remove-OldLogFiles.ps1' -Full` lesen.

## Quelle

[PowerShell-Datei auf GitHub](https://github.com/Kaffeeundcode/Intune-Scripts/blob/main/16_Mixed_New_Scripts/146_Remove-OldLogFiles.ps1)

Prüfungen gelten nur für den dokumentierten Quellstand und Testumfang.
","16_Mixed_New_Scripts","16_Mixed_New_Scripts/146_Remove-OldLogFiles.ps1","unreviewed","Ungeprüft","false","elevated"
"get-driver-version-inventory","Get-DriverVersionInventory","# Get-DriverVersionInventory

**Prüfstatus: Ungeprüft**

Exports driver versions for specific hardware components (e.g., Display, Net).

<!-- library-status:start -->
    Prüfstatus: Ungeprüft
    Windows- und Tenant-Abnahme ausstehend; keine pauschale Produktionsfreigabe.

    <!-- library-status:end -->

    Useful for compliance checking (e.g. ""Do we have the bad Nvidia driver?"").
    Queries Win32_PnPSignedDriver.

## Prüfung

Keine fachliche Freigabe aus der Katalogerstellung ableiten.

- static: aktueller erfolgreicher Nachweis fehlt
- pester: aktueller erfolgreicher Nachweis fehlt
- windows: aktueller erfolgreicher Nachweis fehlt
- tenant: aktueller erfolgreicher Nachweis fehlt

## Voraussetzungen

- Module: Skript prüfen; keine Cloud-Module erkannt.
- Dokumentierte Graph-Scopes: Nicht angegeben; vor Tenant-Nutzung prüfen.
- Hilfsdateien: Keine lokale Hilfsdatei erkannt.

## Verwendung

Noch kein geprüftes Aufrufbeispiel dokumentiert. Parameter mit `Get-Help './16_Mixed_New_Scripts/147_Get-DriverVersionInventory.ps1' -Full` lesen.

## Quelle

[PowerShell-Datei auf GitHub](https://github.com/Kaffeeundcode/Intune-Scripts/blob/main/16_Mixed_New_Scripts/147_Get-DriverVersionInventory.ps1)

Prüfungen gelten nur für den dokumentierten Quellstand und Testumfang.
","16_Mixed_New_Scripts","16_Mixed_New_Scripts/147_Get-DriverVersionInventory.ps1","unreviewed","Ungeprüft","false","normal"
"set-power-plan-high-performance","Set-PowerPlanHighPerformance","# Set-PowerPlanHighPerformance

**Prüfstatus: Ungeprüft**

Enforces 'High Performance' power plan when connected to AC power.

<!-- library-status:start -->
    Prüfstatus: Ungeprüft
    Windows- und Tenant-Abnahme ausstehend; keine pauschale Produktionsfreigabe.

    <!-- library-status:end -->

    Prevents devices from sleeping aggressively when plugged in.
    Useful for Kiosk devices or developer machines.

    Uses powercfg.exe.

## Prüfung

Keine fachliche Freigabe aus der Katalogerstellung ableiten.

- static: aktueller erfolgreicher Nachweis fehlt
- pester: aktueller erfolgreicher Nachweis fehlt
- windows: aktueller erfolgreicher Nachweis fehlt
- tenant: aktueller erfolgreicher Nachweis fehlt

## Voraussetzungen

- Module: Skript prüfen; keine Cloud-Module erkannt.
- Dokumentierte Graph-Scopes: Nicht angegeben; vor Tenant-Nutzung prüfen.
- Hilfsdateien: Keine lokale Hilfsdatei erkannt.

## Verwendung

Noch kein geprüftes Aufrufbeispiel dokumentiert. Parameter mit `Get-Help './16_Mixed_New_Scripts/148_Set-PowerPlanHighPerformance.ps1' -Full` lesen.

## Quelle

[PowerShell-Datei auf GitHub](https://github.com/Kaffeeundcode/Intune-Scripts/blob/main/16_Mixed_New_Scripts/148_Set-PowerPlanHighPerformance.ps1)

Prüfungen gelten nur für den dokumentierten Quellstand und Testumfang.
","16_Mixed_New_Scripts","16_Mixed_New_Scripts/148_Set-PowerPlanHighPerformance.ps1","unreviewed","Ungeprüft","false","normal"
"get-installed-software-fuzzy","Get-InstalledSoftwareFuzzy","# Get-InstalledSoftwareFuzzy

**Prüfstatus: Ungeprüft**

Searches installed software (Registry) using fuzzy matching/wildcards.

<!-- library-status:start -->
    Prüfstatus: Ungeprüft
    Windows- und Tenant-Abnahme ausstehend; keine pauschale Produktionsfreigabe.

    <!-- library-status:end -->

    ""Get-Package"" or ""Get-WmiObject"" can be slow or incomplete.
    This script quickly scans Uninstall keys in Registry for a keyword (e.g. ""Adobe"", ""Java"").

## Prüfung

Keine fachliche Freigabe aus der Katalogerstellung ableiten.

- static: aktueller erfolgreicher Nachweis fehlt
- pester: aktueller erfolgreicher Nachweis fehlt
- windows: aktueller erfolgreicher Nachweis fehlt
- tenant: aktueller erfolgreicher Nachweis fehlt

## Voraussetzungen

- Module: Skript prüfen; keine Cloud-Module erkannt.
- Dokumentierte Graph-Scopes: Nicht angegeben; vor Tenant-Nutzung prüfen.
- Hilfsdateien: Keine lokale Hilfsdatei erkannt.

## Verwendung

Noch kein geprüftes Aufrufbeispiel dokumentiert. Parameter mit `Get-Help './16_Mixed_New_Scripts/149_Get-InstalledSoftwareFuzzy.ps1' -Full` lesen.

## Quelle

[PowerShell-Datei auf GitHub](https://github.com/Kaffeeundcode/Intune-Scripts/blob/main/16_Mixed_New_Scripts/149_Get-InstalledSoftwareFuzzy.ps1)

Prüfungen gelten nur für den dokumentierten Quellstand und Testumfang.
","16_Mixed_New_Scripts","16_Mixed_New_Scripts/149_Get-InstalledSoftwareFuzzy.ps1","unreviewed","Ungeprüft","false","normal"
"repair-wmihealth","Repair-WMIHealth","# Repair-WMIHealth

**Prüfstatus: Ungeprüft**

Basic check and repair for WMI consistency.

<!-- library-status:start -->
    Prüfstatus: Ungeprüft
    Windows- und Tenant-Abnahme ausstehend; keine pauschale Produktionsfreigabe.

    <!-- library-status:end -->

    Runs 'winmgmt /verifyrepository'.
    If inconsistent, attempts '/salvagerepository'.

    WARNING: Restarting WMI service can impact running services (IPHelper, etc).
    Use with caution.

## Prüfung

Keine fachliche Freigabe aus der Katalogerstellung ableiten.

- static: aktueller erfolgreicher Nachweis fehlt
- pester: aktueller erfolgreicher Nachweis fehlt
- windows: aktueller erfolgreicher Nachweis fehlt
- tenant: aktueller erfolgreicher Nachweis fehlt

## Voraussetzungen

- Module: Skript prüfen; keine Cloud-Module erkannt.
- Dokumentierte Graph-Scopes: Nicht angegeben; vor Tenant-Nutzung prüfen.
- Hilfsdateien: Keine lokale Hilfsdatei erkannt.

## Verwendung

Noch kein geprüftes Aufrufbeispiel dokumentiert. Parameter mit `Get-Help './16_Mixed_New_Scripts/150_Repair-WMIHealth.ps1' -Full` lesen.

## Quelle

[PowerShell-Datei auf GitHub](https://github.com/Kaffeeundcode/Intune-Scripts/blob/main/16_Mixed_New_Scripts/150_Repair-WMIHealth.ps1)

Prüfungen gelten nur für den dokumentierten Quellstand und Testumfang.
","16_Mixed_New_Scripts","16_Mixed_New_Scripts/150_Repair-WMIHealth.ps1","unreviewed","Ungeprüft","false","normal"
"get-teams-phone-number-inventory","Get-TeamsPhoneNumberInventory","# Get-TeamsPhoneNumberInventory

**Prüfstatus: Ungeprüft**

Teams Phone Number Inventory

<!-- library-status:start -->
    Prüfstatus: Ungeprüft
    Windows- und Tenant-Abnahme ausstehend; keine pauschale Produktionsfreigabe.

    <!-- library-status:end -->

    Ruft Teams Phone Number Inventory aus der Teams-Telefonie ab.

## Prüfung

Keine fachliche Freigabe aus der Katalogerstellung ableiten.

- static: aktueller erfolgreicher Nachweis fehlt
- pester: aktueller erfolgreicher Nachweis fehlt
- windows: aktueller erfolgreicher Nachweis fehlt
- tenant: aktueller erfolgreicher Nachweis fehlt

## Voraussetzungen

- Module: MicrosoftTeams
- Dokumentierte Graph-Scopes: Nicht angegeben; vor Tenant-Nutzung prüfen.
- Hilfsdateien: Keine lokale Hilfsdatei erkannt.

## Verwendung

Noch kein geprüftes Aufrufbeispiel dokumentiert. Parameter mit `Get-Help './16_Teams_Telephony/151_Get-TeamsPhoneNumberInventory.ps1' -Full` lesen.

## Quelle

[PowerShell-Datei auf GitHub](https://github.com/Kaffeeundcode/Intune-Scripts/blob/main/16_Teams_Telephony/151_Get-TeamsPhoneNumberInventory.ps1)

Prüfungen gelten nur für den dokumentierten Quellstand und Testumfang.
","16_Teams_Telephony","16_Teams_Telephony/151_Get-TeamsPhoneNumberInventory.ps1","unreviewed","Ungeprüft","false","elevated"
"get-teams-users-without-phone-number","Get-TeamsUsersWithoutPhoneNumber","# Get-TeamsUsersWithoutPhoneNumber

**Prüfstatus: Ungeprüft**

Teams Users Without Phone Number

<!-- library-status:start -->
    Prüfstatus: Ungeprüft
    Windows- und Tenant-Abnahme ausstehend; keine pauschale Produktionsfreigabe.

    <!-- library-status:end -->

    Ruft Teams Users Without Phone Number aus der Teams-Telefonie ab.

## Prüfung

Keine fachliche Freigabe aus der Katalogerstellung ableiten.

- static: aktueller erfolgreicher Nachweis fehlt
- pester: aktueller erfolgreicher Nachweis fehlt
- windows: aktueller erfolgreicher Nachweis fehlt
- tenant: aktueller erfolgreicher Nachweis fehlt

## Voraussetzungen

- Module: MicrosoftTeams
- Dokumentierte Graph-Scopes: Nicht angegeben; vor Tenant-Nutzung prüfen.
- Hilfsdateien: Keine lokale Hilfsdatei erkannt.

## Verwendung

Noch kein geprüftes Aufrufbeispiel dokumentiert. Parameter mit `Get-Help './16_Teams_Telephony/152_Get-TeamsUsersWithoutPhoneNumber.ps1' -Full` lesen.

## Quelle

[PowerShell-Datei auf GitHub](https://github.com/Kaffeeundcode/Intune-Scripts/blob/main/16_Teams_Telephony/152_Get-TeamsUsersWithoutPhoneNumber.ps1)

Prüfungen gelten nur für den dokumentierten Quellstand und Testumfang.
","16_Teams_Telephony","16_Teams_Telephony/152_Get-TeamsUsersWithoutPhoneNumber.ps1","unreviewed","Ungeprüft","false","elevated"
"get-teams-enterprise-voice-users","Get-TeamsEnterpriseVoiceUsers","# Get-TeamsEnterpriseVoiceUsers

**Prüfstatus: Ungeprüft**

Teams Enterprise Voice Users

<!-- library-status:start -->
    Prüfstatus: Ungeprüft
    Windows- und Tenant-Abnahme ausstehend; keine pauschale Produktionsfreigabe.

    <!-- library-status:end -->

    Ruft Teams Enterprise Voice Users aus der Teams-Telefonie ab.

## Prüfung

Keine fachliche Freigabe aus der Katalogerstellung ableiten.

- static: aktueller erfolgreicher Nachweis fehlt
- pester: aktueller erfolgreicher Nachweis fehlt
- windows: aktueller erfolgreicher Nachweis fehlt
- tenant: aktueller erfolgreicher Nachweis fehlt

## Voraussetzungen

- Module: MicrosoftTeams
- Dokumentierte Graph-Scopes: Nicht angegeben; vor Tenant-Nutzung prüfen.
- Hilfsdateien: Keine lokale Hilfsdatei erkannt.

## Verwendung

Noch kein geprüftes Aufrufbeispiel dokumentiert. Parameter mit `Get-Help './16_Teams_Telephony/153_Get-TeamsEnterpriseVoiceUsers.ps1' -Full` lesen.

## Quelle

[PowerShell-Datei auf GitHub](https://github.com/Kaffeeundcode/Intune-Scripts/blob/main/16_Teams_Telephony/153_Get-TeamsEnterpriseVoiceUsers.ps1)

Prüfungen gelten nur für den dokumentierten Quellstand und Testumfang.
","16_Teams_Telephony","16_Teams_Telephony/153_Get-TeamsEnterpriseVoiceUsers.ps1","unreviewed","Ungeprüft","false","elevated"
"find-teams-users-with-direct-routing-number","Find-TeamsUsersWithDirectRoutingNumber","# Find-TeamsUsersWithDirectRoutingNumber

**Prüfstatus: Ungeprüft**

Teams Users With Direct Routing Number

<!-- library-status:start -->
    Prüfstatus: Ungeprüft
    Windows- und Tenant-Abnahme ausstehend; keine pauschale Produktionsfreigabe.

    <!-- library-status:end -->

    Identifiziert Teams Users With Direct Routing Number in der Teams-Telefonie.

## Prüfung

Keine fachliche Freigabe aus der Katalogerstellung ableiten.

- static: aktueller erfolgreicher Nachweis fehlt
- pester: aktueller erfolgreicher Nachweis fehlt
- windows: aktueller erfolgreicher Nachweis fehlt
- tenant: aktueller erfolgreicher Nachweis fehlt

## Voraussetzungen

- Module: MicrosoftTeams
- Dokumentierte Graph-Scopes: Nicht angegeben; vor Tenant-Nutzung prüfen.
- Hilfsdateien: Keine lokale Hilfsdatei erkannt.

## Verwendung

Noch kein geprüftes Aufrufbeispiel dokumentiert. Parameter mit `Get-Help './16_Teams_Telephony/154_Find-TeamsUsersWithDirectRoutingNumber.ps1' -Full` lesen.

## Quelle

[PowerShell-Datei auf GitHub](https://github.com/Kaffeeundcode/Intune-Scripts/blob/main/16_Teams_Telephony/154_Find-TeamsUsersWithDirectRoutingNumber.ps1)

Prüfungen gelten nur für den dokumentierten Quellstand und Testumfang.
","16_Teams_Telephony","16_Teams_Telephony/154_Find-TeamsUsersWithDirectRoutingNumber.ps1","unreviewed","Ungeprüft","false","elevated"
"find-teams-users-without-hosted-voicemail","Find-TeamsUsersWithoutHostedVoicemail","# Find-TeamsUsersWithoutHostedVoicemail

**Prüfstatus: Ungeprüft**

Teams Users Without Hosted Voicemail

<!-- library-status:start -->
    Prüfstatus: Ungeprüft
    Windows- und Tenant-Abnahme ausstehend; keine pauschale Produktionsfreigabe.

    <!-- library-status:end -->

    Identifiziert Teams Users Without Hosted Voicemail in der Teams-Telefonie.

## Prüfung

Keine fachliche Freigabe aus der Katalogerstellung ableiten.

- static: aktueller erfolgreicher Nachweis fehlt
- pester: aktueller erfolgreicher Nachweis fehlt
- windows: aktueller erfolgreicher Nachweis fehlt
- tenant: aktueller erfolgreicher Nachweis fehlt

## Voraussetzungen

- Module: MicrosoftTeams
- Dokumentierte Graph-Scopes: Nicht angegeben; vor Tenant-Nutzung prüfen.
- Hilfsdateien: Keine lokale Hilfsdatei erkannt.

## Verwendung

Noch kein geprüftes Aufrufbeispiel dokumentiert. Parameter mit `Get-Help './16_Teams_Telephony/155_Find-TeamsUsersWithoutHostedVoicemail.ps1' -Full` lesen.

## Quelle

[PowerShell-Datei auf GitHub](https://github.com/Kaffeeundcode/Intune-Scripts/blob/main/16_Teams_Telephony/155_Find-TeamsUsersWithoutHostedVoicemail.ps1)

Prüfungen gelten nur für den dokumentierten Quellstand und Testumfang.
","16_Teams_Telephony","16_Teams_Telephony/155_Find-TeamsUsersWithoutHostedVoicemail.ps1","unreviewed","Ungeprüft","false","elevated"
"get-teams-users-by-usage-location","Get-TeamsUsersByUsageLocation","# Get-TeamsUsersByUsageLocation

**Prüfstatus: Ungeprüft**

Teams Users By Usage Location

<!-- library-status:start -->
    Prüfstatus: Ungeprüft
    Windows- und Tenant-Abnahme ausstehend; keine pauschale Produktionsfreigabe.

    <!-- library-status:end -->

    Ruft Teams Users By Usage Location aus der Teams-Telefonie ab.

## Prüfung

Keine fachliche Freigabe aus der Katalogerstellung ableiten.

- static: aktueller erfolgreicher Nachweis fehlt
- pester: aktueller erfolgreicher Nachweis fehlt
- windows: aktueller erfolgreicher Nachweis fehlt
- tenant: aktueller erfolgreicher Nachweis fehlt

## Voraussetzungen

- Module: MicrosoftTeams
- Dokumentierte Graph-Scopes: Nicht angegeben; vor Tenant-Nutzung prüfen.
- Hilfsdateien: Keine lokale Hilfsdatei erkannt.

## Verwendung

Noch kein geprüftes Aufrufbeispiel dokumentiert. Parameter mit `Get-Help './16_Teams_Telephony/156_Get-TeamsUsersByUsageLocation.ps1' -Full` lesen.

## Quelle

[PowerShell-Datei auf GitHub](https://github.com/Kaffeeundcode/Intune-Scripts/blob/main/16_Teams_Telephony/156_Get-TeamsUsersByUsageLocation.ps1)

Prüfungen gelten nur für den dokumentierten Quellstand und Testumfang.
","16_Teams_Telephony","16_Teams_Telephony/156_Get-TeamsUsersByUsageLocation.ps1","unreviewed","Ungeprüft","false","elevated"
"get-teams-users-by-department","Get-TeamsUsersByDepartment","# Get-TeamsUsersByDepartment

**Prüfstatus: Ungeprüft**

Teams Users By Department

<!-- library-status:start -->
    Prüfstatus: Ungeprüft
    Windows- und Tenant-Abnahme ausstehend; keine pauschale Produktionsfreigabe.

    <!-- library-status:end -->

    Ruft Teams Users By Department aus der Teams-Telefonie ab.

## Prüfung

Keine fachliche Freigabe aus der Katalogerstellung ableiten.

- static: aktueller erfolgreicher Nachweis fehlt
- pester: aktueller erfolgreicher Nachweis fehlt
- windows: aktueller erfolgreicher Nachweis fehlt
- tenant: aktueller erfolgreicher Nachweis fehlt

## Voraussetzungen

- Module: MicrosoftTeams
- Dokumentierte Graph-Scopes: Nicht angegeben; vor Tenant-Nutzung prüfen.
- Hilfsdateien: Keine lokale Hilfsdatei erkannt.

## Verwendung

Noch kein geprüftes Aufrufbeispiel dokumentiert. Parameter mit `Get-Help './16_Teams_Telephony/157_Get-TeamsUsersByDepartment.ps1' -Full` lesen.

## Quelle

[PowerShell-Datei auf GitHub](https://github.com/Kaffeeundcode/Intune-Scripts/blob/main/16_Teams_Telephony/157_Get-TeamsUsersByDepartment.ps1)

Prüfungen gelten nur für den dokumentierten Quellstand und Testumfang.
","16_Teams_Telephony","16_Teams_Telephony/157_Get-TeamsUsersByDepartment.ps1","unreviewed","Ungeprüft","false","elevated"
"get-teams-users-by-office","Get-TeamsUsersByOffice","# Get-TeamsUsersByOffice

**Prüfstatus: Ungeprüft**

Teams Users By Office

<!-- library-status:start -->
    Prüfstatus: Ungeprüft
    Windows- und Tenant-Abnahme ausstehend; keine pauschale Produktionsfreigabe.

    <!-- library-status:end -->

    Ruft Teams Users By Office aus der Teams-Telefonie ab.

## Prüfung

Keine fachliche Freigabe aus der Katalogerstellung ableiten.

- static: aktueller erfolgreicher Nachweis fehlt
- pester: aktueller erfolgreicher Nachweis fehlt
- windows: aktueller erfolgreicher Nachweis fehlt
- tenant: aktueller erfolgreicher Nachweis fehlt

## Voraussetzungen

- Module: MicrosoftTeams
- Dokumentierte Graph-Scopes: Nicht angegeben; vor Tenant-Nutzung prüfen.
- Hilfsdateien: Keine lokale Hilfsdatei erkannt.

## Verwendung

Noch kein geprüftes Aufrufbeispiel dokumentiert. Parameter mit `Get-Help './16_Teams_Telephony/158_Get-TeamsUsersByOffice.ps1' -Full` lesen.

## Quelle

[PowerShell-Datei auf GitHub](https://github.com/Kaffeeundcode/Intune-Scripts/blob/main/16_Teams_Telephony/158_Get-TeamsUsersByOffice.ps1)

Prüfungen gelten nur für den dokumentierten Quellstand und Testumfang.
","16_Teams_Telephony","16_Teams_Telephony/158_Get-TeamsUsersByOffice.ps1","unreviewed","Ungeprüft","false","elevated"
"get-teams-users-by-city","Get-TeamsUsersByCity","# Get-TeamsUsersByCity

**Prüfstatus: Ungeprüft**

Teams Users By City

<!-- library-status:start -->
    Prüfstatus: Ungeprüft
    Windows- und Tenant-Abnahme ausstehend; keine pauschale Produktionsfreigabe.

    <!-- library-status:end -->

    Ruft Teams Users By City aus der Teams-Telefonie ab.

## Prüfung

Keine fachliche Freigabe aus der Katalogerstellung ableiten.

- static: aktueller erfolgreicher Nachweis fehlt
- pester: aktueller erfolgreicher Nachweis fehlt
- windows: aktueller erfolgreicher Nachweis fehlt
- tenant: aktueller erfolgreicher Nachweis fehlt

## Voraussetzungen

- Module: MicrosoftTeams
- Dokumentierte Graph-Scopes: Nicht angegeben; vor Tenant-Nutzung prüfen.
- Hilfsdateien: Keine lokale Hilfsdatei erkannt.

## Verwendung

Noch kein geprüftes Aufrufbeispiel dokumentiert. Parameter mit `Get-Help './16_Teams_Telephony/159_Get-TeamsUsersByCity.ps1' -Full` lesen.

## Quelle

[PowerShell-Datei auf GitHub](https://github.com/Kaffeeundcode/Intune-Scripts/blob/main/16_Teams_Telephony/159_Get-TeamsUsersByCity.ps1)

Prüfungen gelten nur für den dokumentierten Quellstand und Testumfang.
","16_Teams_Telephony","16_Teams_Telephony/159_Get-TeamsUsersByCity.ps1","unreviewed","Ungeprüft","false","elevated"
"get-teams-users-by-country","Get-TeamsUsersByCountry","# Get-TeamsUsersByCountry

**Prüfstatus: Ungeprüft**

Teams Users By Country

<!-- library-status:start -->
    Prüfstatus: Ungeprüft
    Windows- und Tenant-Abnahme ausstehend; keine pauschale Produktionsfreigabe.

    <!-- library-status:end -->

    Ruft Teams Users By Country aus der Teams-Telefonie ab.

## Prüfung

Keine fachliche Freigabe aus der Katalogerstellung ableiten.

- static: aktueller erfolgreicher Nachweis fehlt
- pester: aktueller erfolgreicher Nachweis fehlt
- windows: aktueller erfolgreicher Nachweis fehlt
- tenant: aktueller erfolgreicher Nachweis fehlt

## Voraussetzungen

- Module: MicrosoftTeams
- Dokumentierte Graph-Scopes: Nicht angegeben; vor Tenant-Nutzung prüfen.
- Hilfsdateien: Keine lokale Hilfsdatei erkannt.

## Verwendung

Noch kein geprüftes Aufrufbeispiel dokumentiert. Parameter mit `Get-Help './16_Teams_Telephony/160_Get-TeamsUsersByCountry.ps1' -Full` lesen.

## Quelle

[PowerShell-Datei auf GitHub](https://github.com/Kaffeeundcode/Intune-Scripts/blob/main/16_Teams_Telephony/160_Get-TeamsUsersByCountry.ps1)

Prüfungen gelten nur für den dokumentierten Quellstand und Testumfang.
","16_Teams_Telephony","16_Teams_Telephony/160_Get-TeamsUsersByCountry.ps1","unreviewed","Ungeprüft","false","elevated"
"get-teams-users-with-extension-numbers","Get-TeamsUsersWithExtensionNumbers","# Get-TeamsUsersWithExtensionNumbers

**Prüfstatus: Ungeprüft**

Teams Users With Extension Numbers

<!-- library-status:start -->
    Prüfstatus: Ungeprüft
    Windows- und Tenant-Abnahme ausstehend; keine pauschale Produktionsfreigabe.

    <!-- library-status:end -->

    Ruft Teams Users With Extension Numbers aus der Teams-Telefonie ab.

## Prüfung

Keine fachliche Freigabe aus der Katalogerstellung ableiten.

- static: aktueller erfolgreicher Nachweis fehlt
- pester: aktueller erfolgreicher Nachweis fehlt
- windows: aktueller erfolgreicher Nachweis fehlt
- tenant: aktueller erfolgreicher Nachweis fehlt

## Voraussetzungen

- Module: MicrosoftTeams
- Dokumentierte Graph-Scopes: Nicht angegeben; vor Tenant-Nutzung prüfen.
- Hilfsdateien: Keine lokale Hilfsdatei erkannt.

## Verwendung

Noch kein geprüftes Aufrufbeispiel dokumentiert. Parameter mit `Get-Help './16_Teams_Telephony/161_Get-TeamsUsersWithExtensionNumbers.ps1' -Full` lesen.

## Quelle

[PowerShell-Datei auf GitHub](https://github.com/Kaffeeundcode/Intune-Scripts/blob/main/16_Teams_Telephony/161_Get-TeamsUsersWithExtensionNumbers.ps1)

Prüfungen gelten nur für den dokumentierten Quellstand und Testumfang.
","16_Teams_Telephony","16_Teams_Telephony/161_Get-TeamsUsersWithExtensionNumbers.ps1","unreviewed","Ungeprüft","false","elevated"
"find-teams-users-without-voice-enablement","Find-TeamsUsersWithoutVoiceEnablement","# Find-TeamsUsersWithoutVoiceEnablement

**Prüfstatus: Ungeprüft**

Teams Users Without Voice Enablement

<!-- library-status:start -->
    Prüfstatus: Ungeprüft
    Windows- und Tenant-Abnahme ausstehend; keine pauschale Produktionsfreigabe.

    <!-- library-status:end -->

    Identifiziert Teams Users Without Voice Enablement in der Teams-Telefonie.

## Prüfung

Keine fachliche Freigabe aus der Katalogerstellung ableiten.

- static: aktueller erfolgreicher Nachweis fehlt
- pester: aktueller erfolgreicher Nachweis fehlt
- windows: aktueller erfolgreicher Nachweis fehlt
- tenant: aktueller erfolgreicher Nachweis fehlt

## Voraussetzungen

- Module: MicrosoftTeams
- Dokumentierte Graph-Scopes: Nicht angegeben; vor Tenant-Nutzung prüfen.
- Hilfsdateien: Keine lokale Hilfsdatei erkannt.

## Verwendung

Noch kein geprüftes Aufrufbeispiel dokumentiert. Parameter mit `Get-Help './16_Teams_Telephony/162_Find-TeamsUsersWithoutVoiceEnablement.ps1' -Full` lesen.

## Quelle

[PowerShell-Datei auf GitHub](https://github.com/Kaffeeundcode/Intune-Scripts/blob/main/16_Teams_Telephony/162_Find-TeamsUsersWithoutVoiceEnablement.ps1)

Prüfungen gelten nur für den dokumentierten Quellstand und Testumfang.
","16_Teams_Telephony","16_Teams_Telephony/162_Find-TeamsUsersWithoutVoiceEnablement.ps1","unreviewed","Ungeprüft","false","elevated"
"get-teams-users-with-on-prem-line-uri","Get-TeamsUsersWithOnPremLineUri","# Get-TeamsUsersWithOnPremLineUri

**Prüfstatus: Ungeprüft**

Teams Users With On Prem Line Uri

<!-- library-status:start -->
    Prüfstatus: Ungeprüft
    Windows- und Tenant-Abnahme ausstehend; keine pauschale Produktionsfreigabe.

    <!-- library-status:end -->

    Ruft Teams Users With On Prem Line Uri aus der Teams-Telefonie ab.

## Prüfung

Keine fachliche Freigabe aus der Katalogerstellung ableiten.

- static: aktueller erfolgreicher Nachweis fehlt
- pester: aktueller erfolgreicher Nachweis fehlt
- windows: aktueller erfolgreicher Nachweis fehlt
- tenant: aktueller erfolgreicher Nachweis fehlt

## Voraussetzungen

- Module: MicrosoftTeams
- Dokumentierte Graph-Scopes: Nicht angegeben; vor Tenant-Nutzung prüfen.
- Hilfsdateien: Keine lokale Hilfsdatei erkannt.

## Verwendung

Noch kein geprüftes Aufrufbeispiel dokumentiert. Parameter mit `Get-Help './16_Teams_Telephony/163_Get-TeamsUsersWithOnPremLineUri.ps1' -Full` lesen.

## Quelle

[PowerShell-Datei auf GitHub](https://github.com/Kaffeeundcode/Intune-Scripts/blob/main/16_Teams_Telephony/163_Get-TeamsUsersWithOnPremLineUri.ps1)

Prüfungen gelten nur für den dokumentierten Quellstand und Testumfang.
","16_Teams_Telephony","16_Teams_Telephony/163_Get-TeamsUsersWithOnPremLineUri.ps1","unreviewed","Ungeprüft","false","elevated"
"compare-teams-line-uri-and-on-prem-line-uri","Compare-TeamsLineUriAndOnPremLineUri","# Compare-TeamsLineUriAndOnPremLineUri

**Prüfstatus: Ungeprüft**

Teams Line Uri And On Prem Line Uri

<!-- library-status:start -->
    Prüfstatus: Ungeprüft
    Windows- und Tenant-Abnahme ausstehend; keine pauschale Produktionsfreigabe.

    <!-- library-status:end -->

    Vergleicht Teams Line Uri And On Prem Line Uri in der Teams-Telefonie.

## Prüfung

Keine fachliche Freigabe aus der Katalogerstellung ableiten.

- static: aktueller erfolgreicher Nachweis fehlt
- pester: aktueller erfolgreicher Nachweis fehlt
- windows: aktueller erfolgreicher Nachweis fehlt
- tenant: aktueller erfolgreicher Nachweis fehlt

## Voraussetzungen

- Module: MicrosoftTeams
- Dokumentierte Graph-Scopes: Nicht angegeben; vor Tenant-Nutzung prüfen.
- Hilfsdateien: Keine lokale Hilfsdatei erkannt.

## Verwendung

Noch kein geprüftes Aufrufbeispiel dokumentiert. Parameter mit `Get-Help './16_Teams_Telephony/164_Compare-TeamsLineUriAndOnPremLineUri.ps1' -Full` lesen.

## Quelle

[PowerShell-Datei auf GitHub](https://github.com/Kaffeeundcode/Intune-Scripts/blob/main/16_Teams_Telephony/164_Compare-TeamsLineUriAndOnPremLineUri.ps1)

Prüfungen gelten nur für den dokumentierten Quellstand und Testumfang.
","16_Teams_Telephony","16_Teams_Telephony/164_Compare-TeamsLineUriAndOnPremLineUri.ps1","unreviewed","Ungeprüft","false","elevated"
"measure-teams-number-assignment-coverage","Measure-TeamsNumberAssignmentCoverage","# Measure-TeamsNumberAssignmentCoverage

**Prüfstatus: Ungeprüft**

Teams Number Assignment Coverage

<!-- library-status:start -->
    Prüfstatus: Ungeprüft
    Windows- und Tenant-Abnahme ausstehend; keine pauschale Produktionsfreigabe.

    <!-- library-status:end -->

    Misst Teams Number Assignment Coverage in der Teams-Telefonie.

## Prüfung

Keine fachliche Freigabe aus der Katalogerstellung ableiten.

- static: aktueller erfolgreicher Nachweis fehlt
- pester: aktueller erfolgreicher Nachweis fehlt
- windows: aktueller erfolgreicher Nachweis fehlt
- tenant: aktueller erfolgreicher Nachweis fehlt

## Voraussetzungen

- Module: MicrosoftTeams
- Dokumentierte Graph-Scopes: Nicht angegeben; vor Tenant-Nutzung prüfen.
- Hilfsdateien: Keine lokale Hilfsdatei erkannt.

## Verwendung

Noch kein geprüftes Aufrufbeispiel dokumentiert. Parameter mit `Get-Help './16_Teams_Telephony/165_Measure-TeamsNumberAssignmentCoverage.ps1' -Full` lesen.

## Quelle

[PowerShell-Datei auf GitHub](https://github.com/Kaffeeundcode/Intune-Scripts/blob/main/16_Teams_Telephony/165_Measure-TeamsNumberAssignmentCoverage.ps1)

Prüfungen gelten nur für den dokumentierten Quellstand und Testumfang.
","16_Teams_Telephony","16_Teams_Telephony/165_Measure-TeamsNumberAssignmentCoverage.ps1","unreviewed","Ungeprüft","false","elevated"
"export-teams-voice-enabled-users","Export-TeamsVoiceEnabledUsers","# Export-TeamsVoiceEnabledUsers

**Prüfstatus: Ungeprüft**

Teams Voice Enabled Users

<!-- library-status:start -->
    Prüfstatus: Ungeprüft
    Windows- und Tenant-Abnahme ausstehend; keine pauschale Produktionsfreigabe.
    Hauptversion: 16_Teams_Telephony/153_Get-TeamsEnterpriseVoiceUsers&#46;ps1
    <!-- library-status:end -->

    Exportiert Teams Voice Enabled Users aus der Teams-Telefonie.

## Prüfung

Keine fachliche Freigabe aus der Katalogerstellung ableiten.

- static: aktueller erfolgreicher Nachweis fehlt
- pester: aktueller erfolgreicher Nachweis fehlt
- windows: aktueller erfolgreicher Nachweis fehlt
- tenant: aktueller erfolgreicher Nachweis fehlt

Gleiche Implementierung: [Hauptversion](https://github.com/Kaffeeundcode/Intune-Scripts/blob/main/16_Teams_Telephony/153_Get-TeamsEnterpriseVoiceUsers.ps1).

## Voraussetzungen

- Module: MicrosoftTeams
- Dokumentierte Graph-Scopes: Nicht angegeben; vor Tenant-Nutzung prüfen.
- Hilfsdateien: Keine lokale Hilfsdatei erkannt.

## Verwendung

Noch kein geprüftes Aufrufbeispiel dokumentiert. Parameter mit `Get-Help './16_Teams_Telephony/166_Export-TeamsVoiceEnabledUsers.ps1' -Full` lesen.

## Quelle

[PowerShell-Datei auf GitHub](https://github.com/Kaffeeundcode/Intune-Scripts/blob/main/16_Teams_Telephony/166_Export-TeamsVoiceEnabledUsers.ps1)

Prüfungen gelten nur für den dokumentierten Quellstand und Testumfang.
","16_Teams_Telephony","16_Teams_Telephony/166_Export-TeamsVoiceEnabledUsers.ps1","unreviewed","Ungeprüft","false","elevated"
"export-teams-users-with-phone-numbers","Export-TeamsUsersWithPhoneNumbers","# Export-TeamsUsersWithPhoneNumbers

**Prüfstatus: Ungeprüft**

Teams Users With Phone Numbers

<!-- library-status:start -->
    Prüfstatus: Ungeprüft
    Windows- und Tenant-Abnahme ausstehend; keine pauschale Produktionsfreigabe.

    <!-- library-status:end -->

    Exportiert Teams Users With Phone Numbers aus der Teams-Telefonie.

## Prüfung

Keine fachliche Freigabe aus der Katalogerstellung ableiten.

- static: aktueller erfolgreicher Nachweis fehlt
- pester: aktueller erfolgreicher Nachweis fehlt
- windows: aktueller erfolgreicher Nachweis fehlt
- tenant: aktueller erfolgreicher Nachweis fehlt

## Voraussetzungen

- Module: MicrosoftTeams
- Dokumentierte Graph-Scopes: Nicht angegeben; vor Tenant-Nutzung prüfen.
- Hilfsdateien: Keine lokale Hilfsdatei erkannt.

## Verwendung

Noch kein geprüftes Aufrufbeispiel dokumentiert. Parameter mit `Get-Help './16_Teams_Telephony/167_Export-TeamsUsersWithPhoneNumbers.ps1' -Full` lesen.

## Quelle

[PowerShell-Datei auf GitHub](https://github.com/Kaffeeundcode/Intune-Scripts/blob/main/16_Teams_Telephony/167_Export-TeamsUsersWithPhoneNumbers.ps1)

Prüfungen gelten nur für den dokumentierten Quellstand und Testumfang.
","16_Teams_Telephony","16_Teams_Telephony/167_Export-TeamsUsersWithPhoneNumbers.ps1","unreviewed","Ungeprüft","false","elevated"
"test-teams-user-line-uri-formatting","Test-TeamsUserLineUriFormatting","# Test-TeamsUserLineUriFormatting

**Prüfstatus: Ungeprüft**

Teams User Line Uri Formatting

<!-- library-status:start -->
    Prüfstatus: Ungeprüft
    Windows- und Tenant-Abnahme ausstehend; keine pauschale Produktionsfreigabe.

    <!-- library-status:end -->

    Prueft Teams User Line Uri Formatting in der Teams-Telefonie.

## Prüfung

Keine fachliche Freigabe aus der Katalogerstellung ableiten.

- static: aktueller erfolgreicher Nachweis fehlt
- pester: aktueller erfolgreicher Nachweis fehlt
- windows: aktueller erfolgreicher Nachweis fehlt
- tenant: aktueller erfolgreicher Nachweis fehlt

## Voraussetzungen

- Module: MicrosoftTeams
- Dokumentierte Graph-Scopes: Nicht angegeben; vor Tenant-Nutzung prüfen.
- Hilfsdateien: Keine lokale Hilfsdatei erkannt.

## Verwendung

Noch kein geprüftes Aufrufbeispiel dokumentiert. Parameter mit `Get-Help './16_Teams_Telephony/168_Test-TeamsUserLineUriFormatting.ps1' -Full` lesen.

## Quelle

[PowerShell-Datei auf GitHub](https://github.com/Kaffeeundcode/Intune-Scripts/blob/main/16_Teams_Telephony/168_Test-TeamsUserLineUriFormatting.ps1)

Prüfungen gelten nur für den dokumentierten Quellstand und Testumfang.
","16_Teams_Telephony","16_Teams_Telephony/168_Test-TeamsUserLineUriFormatting.ps1","unreviewed","Ungeprüft","false","elevated"
"find-teams-duplicate-line-uri-candidates","Find-TeamsDuplicateLineUriCandidates","# Find-TeamsDuplicateLineUriCandidates

**Prüfstatus: Ungeprüft**

Teams Duplicate Line Uri Candidates

<!-- library-status:start -->
    Prüfstatus: Ungeprüft
    Windows- und Tenant-Abnahme ausstehend; keine pauschale Produktionsfreigabe.

    <!-- library-status:end -->

    Identifiziert Teams Duplicate Line Uri Candidates in der Teams-Telefonie.

## Prüfung

Keine fachliche Freigabe aus der Katalogerstellung ableiten.

- static: aktueller erfolgreicher Nachweis fehlt
- pester: aktueller erfolgreicher Nachweis fehlt
- windows: aktueller erfolgreicher Nachweis fehlt
- tenant: aktueller erfolgreicher Nachweis fehlt

## Voraussetzungen

- Module: MicrosoftTeams
- Dokumentierte Graph-Scopes: Nicht angegeben; vor Tenant-Nutzung prüfen.
- Hilfsdateien: Keine lokale Hilfsdatei erkannt.

## Verwendung

Noch kein geprüftes Aufrufbeispiel dokumentiert. Parameter mit `Get-Help './16_Teams_Telephony/169_Find-TeamsDuplicateLineUriCandidates.ps1' -Full` lesen.

## Quelle

[PowerShell-Datei auf GitHub](https://github.com/Kaffeeundcode/Intune-Scripts/blob/main/16_Teams_Telephony/169_Find-TeamsDuplicateLineUriCandidates.ps1)

Prüfungen gelten nur für den dokumentierten Quellstand und Testumfang.
","16_Teams_Telephony","16_Teams_Telephony/169_Find-TeamsDuplicateLineUriCandidates.ps1","unreviewed","Ungeprüft","false","elevated"
"get-teams-telephony-user-overview","Get-TeamsTelephonyUserOverview","# Get-TeamsTelephonyUserOverview

**Prüfstatus: Ungeprüft**

Teams Telephony User Overview

<!-- library-status:start -->
    Prüfstatus: Ungeprüft
    Windows- und Tenant-Abnahme ausstehend; keine pauschale Produktionsfreigabe.

    <!-- library-status:end -->

    Ruft Teams Telephony User Overview aus der Teams-Telefonie ab.

## Prüfung

Keine fachliche Freigabe aus der Katalogerstellung ableiten.

- static: aktueller erfolgreicher Nachweis fehlt
- pester: aktueller erfolgreicher Nachweis fehlt
- windows: aktueller erfolgreicher Nachweis fehlt
- tenant: aktueller erfolgreicher Nachweis fehlt

## Voraussetzungen

- Module: MicrosoftTeams
- Dokumentierte Graph-Scopes: Nicht angegeben; vor Tenant-Nutzung prüfen.
- Hilfsdateien: Keine lokale Hilfsdatei erkannt.

## Verwendung

Noch kein geprüftes Aufrufbeispiel dokumentiert. Parameter mit `Get-Help './16_Teams_Telephony/170_Get-TeamsTelephonyUserOverview.ps1' -Full` lesen.

## Quelle

[PowerShell-Datei auf GitHub](https://github.com/Kaffeeundcode/Intune-Scripts/blob/main/16_Teams_Telephony/170_Get-TeamsTelephonyUserOverview.ps1)

Prüfungen gelten nur für den dokumentierten Quellstand und Testumfang.
","16_Teams_Telephony","16_Teams_Telephony/170_Get-TeamsTelephonyUserOverview.ps1","unreviewed","Ungeprüft","false","elevated"
"get-teams-tenant-dial-plans","Get-TeamsTenantDialPlans","# Get-TeamsTenantDialPlans

**Prüfstatus: Ungeprüft**

Teams Tenant Dial Plans

<!-- library-status:start -->
    Prüfstatus: Ungeprüft
    Windows- und Tenant-Abnahme ausstehend; keine pauschale Produktionsfreigabe.

    <!-- library-status:end -->

    Ruft Teams Tenant Dial Plans aus der Teams-Telefonie ab.

## Prüfung

Keine fachliche Freigabe aus der Katalogerstellung ableiten.

- static: aktueller erfolgreicher Nachweis fehlt
- pester: aktueller erfolgreicher Nachweis fehlt
- windows: aktueller erfolgreicher Nachweis fehlt
- tenant: aktueller erfolgreicher Nachweis fehlt

## Voraussetzungen

- Module: MicrosoftTeams
- Dokumentierte Graph-Scopes: Nicht angegeben; vor Tenant-Nutzung prüfen.
- Hilfsdateien: Keine lokale Hilfsdatei erkannt.

## Verwendung

Noch kein geprüftes Aufrufbeispiel dokumentiert. Parameter mit `Get-Help './16_Teams_Telephony/171_Get-TeamsTenantDialPlans.ps1' -Full` lesen.

## Quelle

[PowerShell-Datei auf GitHub](https://github.com/Kaffeeundcode/Intune-Scripts/blob/main/16_Teams_Telephony/171_Get-TeamsTenantDialPlans.ps1)

Prüfungen gelten nur für den dokumentierten Quellstand und Testumfang.
","16_Teams_Telephony","16_Teams_Telephony/171_Get-TeamsTenantDialPlans.ps1","unreviewed","Ungeprüft","false","elevated"
"export-teams-tenant-dial-plans","Export-TeamsTenantDialPlans","# Export-TeamsTenantDialPlans

**Prüfstatus: Ungeprüft**

Teams Tenant Dial Plans

<!-- library-status:start -->
    Prüfstatus: Ungeprüft
    Windows- und Tenant-Abnahme ausstehend; keine pauschale Produktionsfreigabe.

    <!-- library-status:end -->

    Exportiert Teams Tenant Dial Plans aus der Teams-Telefonie.

## Prüfung

Keine fachliche Freigabe aus der Katalogerstellung ableiten.

- static: aktueller erfolgreicher Nachweis fehlt
- pester: aktueller erfolgreicher Nachweis fehlt
- windows: aktueller erfolgreicher Nachweis fehlt
- tenant: aktueller erfolgreicher Nachweis fehlt

## Voraussetzungen

- Module: MicrosoftTeams
- Dokumentierte Graph-Scopes: Nicht angegeben; vor Tenant-Nutzung prüfen.
- Hilfsdateien: Keine lokale Hilfsdatei erkannt.

## Verwendung

Noch kein geprüftes Aufrufbeispiel dokumentiert. Parameter mit `Get-Help './16_Teams_Telephony/172_Export-TeamsTenantDialPlans.ps1' -Full` lesen.

## Quelle

[PowerShell-Datei auf GitHub](https://github.com/Kaffeeundcode/Intune-Scripts/blob/main/16_Teams_Telephony/172_Export-TeamsTenantDialPlans.ps1)

Prüfungen gelten nur für den dokumentierten Quellstand und Testumfang.
","16_Teams_Telephony","16_Teams_Telephony/172_Export-TeamsTenantDialPlans.ps1","unreviewed","Ungeprüft","false","elevated"
"get-teams-voice-routes","Get-TeamsVoiceRoutes","# Get-TeamsVoiceRoutes

**Prüfstatus: Ungeprüft**

Teams Voice Routes

<!-- library-status:start -->
    Prüfstatus: Ungeprüft
    Windows- und Tenant-Abnahme ausstehend; keine pauschale Produktionsfreigabe.

    <!-- library-status:end -->

    Ruft Teams Voice Routes aus der Teams-Telefonie ab.

## Prüfung

Keine fachliche Freigabe aus der Katalogerstellung ableiten.

- static: aktueller erfolgreicher Nachweis fehlt
- pester: aktueller erfolgreicher Nachweis fehlt
- windows: aktueller erfolgreicher Nachweis fehlt
- tenant: aktueller erfolgreicher Nachweis fehlt

## Voraussetzungen

- Module: MicrosoftTeams
- Dokumentierte Graph-Scopes: Nicht angegeben; vor Tenant-Nutzung prüfen.
- Hilfsdateien: Keine lokale Hilfsdatei erkannt.

## Verwendung

Noch kein geprüftes Aufrufbeispiel dokumentiert. Parameter mit `Get-Help './16_Teams_Telephony/173_Get-TeamsVoiceRoutes.ps1' -Full` lesen.

## Quelle

[PowerShell-Datei auf GitHub](https://github.com/Kaffeeundcode/Intune-Scripts/blob/main/16_Teams_Telephony/173_Get-TeamsVoiceRoutes.ps1)

Prüfungen gelten nur für den dokumentierten Quellstand und Testumfang.
","16_Teams_Telephony","16_Teams_Telephony/173_Get-TeamsVoiceRoutes.ps1","unreviewed","Ungeprüft","false","elevated"
"export-teams-voice-routes","Export-TeamsVoiceRoutes","# Export-TeamsVoiceRoutes

**Prüfstatus: Ungeprüft**

Teams Voice Routes

<!-- library-status:start -->
    Prüfstatus: Ungeprüft
    Windows- und Tenant-Abnahme ausstehend; keine pauschale Produktionsfreigabe.

    <!-- library-status:end -->

    Exportiert Teams Voice Routes aus der Teams-Telefonie.

## Prüfung

Keine fachliche Freigabe aus der Katalogerstellung ableiten.

- static: aktueller erfolgreicher Nachweis fehlt
- pester: aktueller erfolgreicher Nachweis fehlt
- windows: aktueller erfolgreicher Nachweis fehlt
- tenant: aktueller erfolgreicher Nachweis fehlt

## Voraussetzungen

- Module: MicrosoftTeams
- Dokumentierte Graph-Scopes: Nicht angegeben; vor Tenant-Nutzung prüfen.
- Hilfsdateien: Keine lokale Hilfsdatei erkannt.

## Verwendung

Noch kein geprüftes Aufrufbeispiel dokumentiert. Parameter mit `Get-Help './16_Teams_Telephony/174_Export-TeamsVoiceRoutes.ps1' -Full` lesen.

## Quelle

[PowerShell-Datei auf GitHub](https://github.com/Kaffeeundcode/Intune-Scripts/blob/main/16_Teams_Telephony/174_Export-TeamsVoiceRoutes.ps1)

Prüfungen gelten nur für den dokumentierten Quellstand und Testumfang.
","16_Teams_Telephony","16_Teams_Telephony/174_Export-TeamsVoiceRoutes.ps1","unreviewed","Ungeprüft","false","elevated"
"get-teams-voice-routing-policies","Get-TeamsVoiceRoutingPolicies","# Get-TeamsVoiceRoutingPolicies

**Prüfstatus: Ungeprüft**

Teams Voice Routing Policies

<!-- library-status:start -->
    Prüfstatus: Ungeprüft
    Windows- und Tenant-Abnahme ausstehend; keine pauschale Produktionsfreigabe.

    <!-- library-status:end -->

    Ruft Teams Voice Routing Policies aus der Teams-Telefonie ab.

## Prüfung

Keine fachliche Freigabe aus der Katalogerstellung ableiten.

- static: aktueller erfolgreicher Nachweis fehlt
- pester: aktueller erfolgreicher Nachweis fehlt
- windows: aktueller erfolgreicher Nachweis fehlt
- tenant: aktueller erfolgreicher Nachweis fehlt

## Voraussetzungen

- Module: MicrosoftTeams
- Dokumentierte Graph-Scopes: Nicht angegeben; vor Tenant-Nutzung prüfen.
- Hilfsdateien: Keine lokale Hilfsdatei erkannt.

## Verwendung

Noch kein geprüftes Aufrufbeispiel dokumentiert. Parameter mit `Get-Help './16_Teams_Telephony/175_Get-TeamsVoiceRoutingPolicies.ps1' -Full` lesen.

## Quelle

[PowerShell-Datei auf GitHub](https://github.com/Kaffeeundcode/Intune-Scripts/blob/main/16_Teams_Telephony/175_Get-TeamsVoiceRoutingPolicies.ps1)

Prüfungen gelten nur für den dokumentierten Quellstand und Testumfang.
","16_Teams_Telephony","16_Teams_Telephony/175_Get-TeamsVoiceRoutingPolicies.ps1","unreviewed","Ungeprüft","false","elevated"
"export-teams-voice-routing-policies","Export-TeamsVoiceRoutingPolicies","# Export-TeamsVoiceRoutingPolicies

**Prüfstatus: Ungeprüft**

Teams Voice Routing Policies

<!-- library-status:start -->
    Prüfstatus: Ungeprüft
    Windows- und Tenant-Abnahme ausstehend; keine pauschale Produktionsfreigabe.

    <!-- library-status:end -->

    Exportiert Teams Voice Routing Policies aus der Teams-Telefonie.

## Prüfung

Keine fachliche Freigabe aus der Katalogerstellung ableiten.

- static: aktueller erfolgreicher Nachweis fehlt
- pester: aktueller erfolgreicher Nachweis fehlt
- windows: aktueller erfolgreicher Nachweis fehlt
- tenant: aktueller erfolgreicher Nachweis fehlt

## Voraussetzungen

- Module: MicrosoftTeams
- Dokumentierte Graph-Scopes: Nicht angegeben; vor Tenant-Nutzung prüfen.
- Hilfsdateien: Keine lokale Hilfsdatei erkannt.

## Verwendung

Noch kein geprüftes Aufrufbeispiel dokumentiert. Parameter mit `Get-Help './16_Teams_Telephony/176_Export-TeamsVoiceRoutingPolicies.ps1' -Full` lesen.

## Quelle

[PowerShell-Datei auf GitHub](https://github.com/Kaffeeundcode/Intune-Scripts/blob/main/16_Teams_Telephony/176_Export-TeamsVoiceRoutingPolicies.ps1)

Prüfungen gelten nur für den dokumentierten Quellstand und Testumfang.
","16_Teams_Telephony","16_Teams_Telephony/176_Export-TeamsVoiceRoutingPolicies.ps1","unreviewed","Ungeprüft","false","elevated"
"get-teams-calling-policies","Get-TeamsCallingPolicies","# Get-TeamsCallingPolicies

**Prüfstatus: Ungeprüft**

Teams Calling Policies

<!-- library-status:start -->
    Prüfstatus: Ungeprüft
    Windows- und Tenant-Abnahme ausstehend; keine pauschale Produktionsfreigabe.

    <!-- library-status:end -->

    Ruft Teams Calling Policies aus der Teams-Telefonie ab.

## Prüfung

Keine fachliche Freigabe aus der Katalogerstellung ableiten.

- static: aktueller erfolgreicher Nachweis fehlt
- pester: aktueller erfolgreicher Nachweis fehlt
- windows: aktueller erfolgreicher Nachweis fehlt
- tenant: aktueller erfolgreicher Nachweis fehlt

## Voraussetzungen

- Module: MicrosoftTeams
- Dokumentierte Graph-Scopes: Nicht angegeben; vor Tenant-Nutzung prüfen.
- Hilfsdateien: Keine lokale Hilfsdatei erkannt.

## Verwendung

Noch kein geprüftes Aufrufbeispiel dokumentiert. Parameter mit `Get-Help './16_Teams_Telephony/177_Get-TeamsCallingPolicies.ps1' -Full` lesen.

## Quelle

[PowerShell-Datei auf GitHub](https://github.com/Kaffeeundcode/Intune-Scripts/blob/main/16_Teams_Telephony/177_Get-TeamsCallingPolicies.ps1)

Prüfungen gelten nur für den dokumentierten Quellstand und Testumfang.
","16_Teams_Telephony","16_Teams_Telephony/177_Get-TeamsCallingPolicies.ps1","unreviewed","Ungeprüft","false","elevated"
"export-teams-calling-policies","Export-TeamsCallingPolicies","# Export-TeamsCallingPolicies

**Prüfstatus: Ungeprüft**

Teams Calling Policies

<!-- library-status:start -->
    Prüfstatus: Ungeprüft
    Windows- und Tenant-Abnahme ausstehend; keine pauschale Produktionsfreigabe.

    <!-- library-status:end -->

    Exportiert Teams Calling Policies aus der Teams-Telefonie.

## Prüfung

Keine fachliche Freigabe aus der Katalogerstellung ableiten.

- static: aktueller erfolgreicher Nachweis fehlt
- pester: aktueller erfolgreicher Nachweis fehlt
- windows: aktueller erfolgreicher Nachweis fehlt
- tenant: aktueller erfolgreicher Nachweis fehlt

## Voraussetzungen

- Module: MicrosoftTeams
- Dokumentierte Graph-Scopes: Nicht angegeben; vor Tenant-Nutzung prüfen.
- Hilfsdateien: Keine lokale Hilfsdatei erkannt.

## Verwendung

Noch kein geprüftes Aufrufbeispiel dokumentiert. Parameter mit `Get-Help './16_Teams_Telephony/178_Export-TeamsCallingPolicies.ps1' -Full` lesen.

## Quelle

[PowerShell-Datei auf GitHub](https://github.com/Kaffeeundcode/Intune-Scripts/blob/main/16_Teams_Telephony/178_Export-TeamsCallingPolicies.ps1)

Prüfungen gelten nur für den dokumentierten Quellstand und Testumfang.
","16_Teams_Telephony","16_Teams_Telephony/178_Export-TeamsCallingPolicies.ps1","unreviewed","Ungeprüft","false","elevated"
"get-teams-calling-line-identities","Get-TeamsCallingLineIdentities","# Get-TeamsCallingLineIdentities

**Prüfstatus: Ungeprüft**

Teams Calling Line Identities

<!-- library-status:start -->
    Prüfstatus: Ungeprüft
    Windows- und Tenant-Abnahme ausstehend; keine pauschale Produktionsfreigabe.

    <!-- library-status:end -->

    Ruft Teams Calling Line Identities aus der Teams-Telefonie ab.

## Prüfung

Keine fachliche Freigabe aus der Katalogerstellung ableiten.

- static: aktueller erfolgreicher Nachweis fehlt
- pester: aktueller erfolgreicher Nachweis fehlt
- windows: aktueller erfolgreicher Nachweis fehlt
- tenant: aktueller erfolgreicher Nachweis fehlt

## Voraussetzungen

- Module: MicrosoftTeams
- Dokumentierte Graph-Scopes: Nicht angegeben; vor Tenant-Nutzung prüfen.
- Hilfsdateien: Keine lokale Hilfsdatei erkannt.

## Verwendung

Noch kein geprüftes Aufrufbeispiel dokumentiert. Parameter mit `Get-Help './16_Teams_Telephony/179_Get-TeamsCallingLineIdentities.ps1' -Full` lesen.

## Quelle

[PowerShell-Datei auf GitHub](https://github.com/Kaffeeundcode/Intune-Scripts/blob/main/16_Teams_Telephony/179_Get-TeamsCallingLineIdentities.ps1)

Prüfungen gelten nur für den dokumentierten Quellstand und Testumfang.
","16_Teams_Telephony","16_Teams_Telephony/179_Get-TeamsCallingLineIdentities.ps1","unreviewed","Ungeprüft","false","elevated"
"export-teams-calling-line-identities","Export-TeamsCallingLineIdentities","# Export-TeamsCallingLineIdentities

**Prüfstatus: Ungeprüft**

Teams Calling Line Identities

<!-- library-status:start -->
    Prüfstatus: Ungeprüft
    Windows- und Tenant-Abnahme ausstehend; keine pauschale Produktionsfreigabe.

    <!-- library-status:end -->

    Exportiert Teams Calling Line Identities aus der Teams-Telefonie.

## Prüfung

Keine fachliche Freigabe aus der Katalogerstellung ableiten.

- static: aktueller erfolgreicher Nachweis fehlt
- pester: aktueller erfolgreicher Nachweis fehlt
- windows: aktueller erfolgreicher Nachweis fehlt
- tenant: aktueller erfolgreicher Nachweis fehlt

## Voraussetzungen

- Module: MicrosoftTeams
- Dokumentierte Graph-Scopes: Nicht angegeben; vor Tenant-Nutzung prüfen.
- Hilfsdateien: Keine lokale Hilfsdatei erkannt.

## Verwendung

Noch kein geprüftes Aufrufbeispiel dokumentiert. Parameter mit `Get-Help './16_Teams_Telephony/180_Export-TeamsCallingLineIdentities.ps1' -Full` lesen.

## Quelle

[PowerShell-Datei auf GitHub](https://github.com/Kaffeeundcode/Intune-Scripts/blob/main/16_Teams_Telephony/180_Export-TeamsCallingLineIdentities.ps1)

Prüfungen gelten nur für den dokumentierten Quellstand und Testumfang.
","16_Teams_Telephony","16_Teams_Telephony/180_Export-TeamsCallingLineIdentities.ps1","unreviewed","Ungeprüft","false","elevated"
"get-teams-call-park-policies","Get-TeamsCallParkPolicies","# Get-TeamsCallParkPolicies

**Prüfstatus: Ungeprüft**

Teams Call Park Policies

<!-- library-status:start -->
    Prüfstatus: Ungeprüft
    Windows- und Tenant-Abnahme ausstehend; keine pauschale Produktionsfreigabe.

    <!-- library-status:end -->

    Ruft Teams Call Park Policies aus der Teams-Telefonie ab.

## Prüfung

Keine fachliche Freigabe aus der Katalogerstellung ableiten.

- static: aktueller erfolgreicher Nachweis fehlt
- pester: aktueller erfolgreicher Nachweis fehlt
- windows: aktueller erfolgreicher Nachweis fehlt
- tenant: aktueller erfolgreicher Nachweis fehlt

## Voraussetzungen

- Module: MicrosoftTeams
- Dokumentierte Graph-Scopes: Nicht angegeben; vor Tenant-Nutzung prüfen.
- Hilfsdateien: Keine lokale Hilfsdatei erkannt.

## Verwendung

Noch kein geprüftes Aufrufbeispiel dokumentiert. Parameter mit `Get-Help './16_Teams_Telephony/181_Get-TeamsCallParkPolicies.ps1' -Full` lesen.

## Quelle

[PowerShell-Datei auf GitHub](https://github.com/Kaffeeundcode/Intune-Scripts/blob/main/16_Teams_Telephony/181_Get-TeamsCallParkPolicies.ps1)

Prüfungen gelten nur für den dokumentierten Quellstand und Testumfang.
","16_Teams_Telephony","16_Teams_Telephony/181_Get-TeamsCallParkPolicies.ps1","unreviewed","Ungeprüft","false","elevated"
"export-teams-call-park-policies","Export-TeamsCallParkPolicies","# Export-TeamsCallParkPolicies

**Prüfstatus: Ungeprüft**

Teams Call Park Policies

<!-- library-status:start -->
    Prüfstatus: Ungeprüft
    Windows- und Tenant-Abnahme ausstehend; keine pauschale Produktionsfreigabe.

    <!-- library-status:end -->

    Exportiert Teams Call Park Policies aus der Teams-Telefonie.

## Prüfung

Keine fachliche Freigabe aus der Katalogerstellung ableiten.

- static: aktueller erfolgreicher Nachweis fehlt
- pester: aktueller erfolgreicher Nachweis fehlt
- windows: aktueller erfolgreicher Nachweis fehlt
- tenant: aktueller erfolgreicher Nachweis fehlt

## Voraussetzungen

- Module: MicrosoftTeams
- Dokumentierte Graph-Scopes: Nicht angegeben; vor Tenant-Nutzung prüfen.
- Hilfsdateien: Keine lokale Hilfsdatei erkannt.

## Verwendung

Noch kein geprüftes Aufrufbeispiel dokumentiert. Parameter mit `Get-Help './16_Teams_Telephony/182_Export-TeamsCallParkPolicies.ps1' -Full` lesen.

## Quelle

[PowerShell-Datei auf GitHub](https://github.com/Kaffeeundcode/Intune-Scripts/blob/main/16_Teams_Telephony/182_Export-TeamsCallParkPolicies.ps1)

Prüfungen gelten nur für den dokumentierten Quellstand und Testumfang.
","16_Teams_Telephony","16_Teams_Telephony/182_Export-TeamsCallParkPolicies.ps1","unreviewed","Ungeprüft","false","elevated"
"get-teams-ipphone-policies","Get-TeamsIPPhonePolicies","# Get-TeamsIPPhonePolicies

**Prüfstatus: Ungeprüft**

Teams IPPhone Policies

<!-- library-status:start -->
    Prüfstatus: Ungeprüft
    Windows- und Tenant-Abnahme ausstehend; keine pauschale Produktionsfreigabe.

    <!-- library-status:end -->

    Ruft Teams IPPhone Policies aus der Teams-Telefonie ab.

## Prüfung

Keine fachliche Freigabe aus der Katalogerstellung ableiten.

- static: aktueller erfolgreicher Nachweis fehlt
- pester: aktueller erfolgreicher Nachweis fehlt
- windows: aktueller erfolgreicher Nachweis fehlt
- tenant: aktueller erfolgreicher Nachweis fehlt

## Voraussetzungen

- Module: MicrosoftTeams
- Dokumentierte Graph-Scopes: Nicht angegeben; vor Tenant-Nutzung prüfen.
- Hilfsdateien: Keine lokale Hilfsdatei erkannt.

## Verwendung

Noch kein geprüftes Aufrufbeispiel dokumentiert. Parameter mit `Get-Help './16_Teams_Telephony/183_Get-TeamsIPPhonePolicies.ps1' -Full` lesen.

## Quelle

[PowerShell-Datei auf GitHub](https://github.com/Kaffeeundcode/Intune-Scripts/blob/main/16_Teams_Telephony/183_Get-TeamsIPPhonePolicies.ps1)

Prüfungen gelten nur für den dokumentierten Quellstand und Testumfang.
","16_Teams_Telephony","16_Teams_Telephony/183_Get-TeamsIPPhonePolicies.ps1","unreviewed","Ungeprüft","false","elevated"
"export-teams-ipphone-policies","Export-TeamsIPPhonePolicies","# Export-TeamsIPPhonePolicies

**Prüfstatus: Ungeprüft**

Teams IPPhone Policies

<!-- library-status:start -->
    Prüfstatus: Ungeprüft
    Windows- und Tenant-Abnahme ausstehend; keine pauschale Produktionsfreigabe.

    <!-- library-status:end -->

    Exportiert Teams IPPhone Policies aus der Teams-Telefonie.

## Prüfung

Keine fachliche Freigabe aus der Katalogerstellung ableiten.

- static: aktueller erfolgreicher Nachweis fehlt
- pester: aktueller erfolgreicher Nachweis fehlt
- windows: aktueller erfolgreicher Nachweis fehlt
- tenant: aktueller erfolgreicher Nachweis fehlt

## Voraussetzungen

- Module: MicrosoftTeams
- Dokumentierte Graph-Scopes: Nicht angegeben; vor Tenant-Nutzung prüfen.
- Hilfsdateien: Keine lokale Hilfsdatei erkannt.

## Verwendung

Noch kein geprüftes Aufrufbeispiel dokumentiert. Parameter mit `Get-Help './16_Teams_Telephony/184_Export-TeamsIPPhonePolicies.ps1' -Full` lesen.

## Quelle

[PowerShell-Datei auf GitHub](https://github.com/Kaffeeundcode/Intune-Scripts/blob/main/16_Teams_Telephony/184_Export-TeamsIPPhonePolicies.ps1)

Prüfungen gelten nur für den dokumentierten Quellstand und Testumfang.
","16_Teams_Telephony","16_Teams_Telephony/184_Export-TeamsIPPhonePolicies.ps1","unreviewed","Ungeprüft","false","elevated"
"get-teams-emergency-calling-policies","Get-TeamsEmergencyCallingPolicies","# Get-TeamsEmergencyCallingPolicies

**Prüfstatus: Ungeprüft**

Teams Emergency Calling Policies

<!-- library-status:start -->
    Prüfstatus: Ungeprüft
    Windows- und Tenant-Abnahme ausstehend; keine pauschale Produktionsfreigabe.

    <!-- library-status:end -->

    Ruft Teams Emergency Calling Policies aus der Teams-Telefonie ab.

## Prüfung

Keine fachliche Freigabe aus der Katalogerstellung ableiten.

- static: aktueller erfolgreicher Nachweis fehlt
- pester: aktueller erfolgreicher Nachweis fehlt
- windows: aktueller erfolgreicher Nachweis fehlt
- tenant: aktueller erfolgreicher Nachweis fehlt

## Voraussetzungen

- Module: MicrosoftTeams
- Dokumentierte Graph-Scopes: Nicht angegeben; vor Tenant-Nutzung prüfen.
- Hilfsdateien: Keine lokale Hilfsdatei erkannt.

## Verwendung

Noch kein geprüftes Aufrufbeispiel dokumentiert. Parameter mit `Get-Help './16_Teams_Telephony/185_Get-TeamsEmergencyCallingPolicies.ps1' -Full` lesen.

## Quelle

[PowerShell-Datei auf GitHub](https://github.com/Kaffeeundcode/Intune-Scripts/blob/main/16_Teams_Telephony/185_Get-TeamsEmergencyCallingPolicies.ps1)

Prüfungen gelten nur für den dokumentierten Quellstand und Testumfang.
","16_Teams_Telephony","16_Teams_Telephony/185_Get-TeamsEmergencyCallingPolicies.ps1","unreviewed","Ungeprüft","false","elevated"
"export-teams-emergency-calling-policies","Export-TeamsEmergencyCallingPolicies","# Export-TeamsEmergencyCallingPolicies

**Prüfstatus: Ungeprüft**

Teams Emergency Calling Policies

<!-- library-status:start -->
    Prüfstatus: Ungeprüft
    Windows- und Tenant-Abnahme ausstehend; keine pauschale Produktionsfreigabe.

    <!-- library-status:end -->

    Exportiert Teams Emergency Calling Policies aus der Teams-Telefonie.

## Prüfung

Keine fachliche Freigabe aus der Katalogerstellung ableiten.

- static: aktueller erfolgreicher Nachweis fehlt
- pester: aktueller erfolgreicher Nachweis fehlt
- windows: aktueller erfolgreicher Nachweis fehlt
- tenant: aktueller erfolgreicher Nachweis fehlt

## Voraussetzungen

- Module: MicrosoftTeams
- Dokumentierte Graph-Scopes: Nicht angegeben; vor Tenant-Nutzung prüfen.
- Hilfsdateien: Keine lokale Hilfsdatei erkannt.

## Verwendung

Noch kein geprüftes Aufrufbeispiel dokumentiert. Parameter mit `Get-Help './16_Teams_Telephony/186_Export-TeamsEmergencyCallingPolicies.ps1' -Full` lesen.

## Quelle

[PowerShell-Datei auf GitHub](https://github.com/Kaffeeundcode/Intune-Scripts/blob/main/16_Teams_Telephony/186_Export-TeamsEmergencyCallingPolicies.ps1)

Prüfungen gelten nur für den dokumentierten Quellstand und Testumfang.
","16_Teams_Telephony","16_Teams_Telephony/186_Export-TeamsEmergencyCallingPolicies.ps1","unreviewed","Ungeprüft","false","elevated"
"get-teams-emergency-call-routing-policies","Get-TeamsEmergencyCallRoutingPolicies","# Get-TeamsEmergencyCallRoutingPolicies

**Prüfstatus: Ungeprüft**

Teams Emergency Call Routing Policies

<!-- library-status:start -->
    Prüfstatus: Ungeprüft
    Windows- und Tenant-Abnahme ausstehend; keine pauschale Produktionsfreigabe.

    <!-- library-status:end -->

    Ruft Teams Emergency Call Routing Policies aus der Teams-Telefonie ab.

## Prüfung

Keine fachliche Freigabe aus der Katalogerstellung ableiten.

- static: aktueller erfolgreicher Nachweis fehlt
- pester: aktueller erfolgreicher Nachweis fehlt
- windows: aktueller erfolgreicher Nachweis fehlt
- tenant: aktueller erfolgreicher Nachweis fehlt

## Voraussetzungen

- Module: MicrosoftTeams
- Dokumentierte Graph-Scopes: Nicht angegeben; vor Tenant-Nutzung prüfen.
- Hilfsdateien: Keine lokale Hilfsdatei erkannt.

## Verwendung

Noch kein geprüftes Aufrufbeispiel dokumentiert. Parameter mit `Get-Help './16_Teams_Telephony/187_Get-TeamsEmergencyCallRoutingPolicies.ps1' -Full` lesen.

## Quelle

[PowerShell-Datei auf GitHub](https://github.com/Kaffeeundcode/Intune-Scripts/blob/main/16_Teams_Telephony/187_Get-TeamsEmergencyCallRoutingPolicies.ps1)

Prüfungen gelten nur für den dokumentierten Quellstand und Testumfang.
","16_Teams_Telephony","16_Teams_Telephony/187_Get-TeamsEmergencyCallRoutingPolicies.ps1","unreviewed","Ungeprüft","false","elevated"
"export-teams-emergency-call-routing-policies","Export-TeamsEmergencyCallRoutingPolicies","# Export-TeamsEmergencyCallRoutingPolicies

**Prüfstatus: Ungeprüft**

Teams Emergency Call Routing Policies

<!-- library-status:start -->
    Prüfstatus: Ungeprüft
    Windows- und Tenant-Abnahme ausstehend; keine pauschale Produktionsfreigabe.

    <!-- library-status:end -->

    Exportiert Teams Emergency Call Routing Policies aus der Teams-Telefonie.

## Prüfung

Keine fachliche Freigabe aus der Katalogerstellung ableiten.

- static: aktueller erfolgreicher Nachweis fehlt
- pester: aktueller erfolgreicher Nachweis fehlt
- windows: aktueller erfolgreicher Nachweis fehlt
- tenant: aktueller erfolgreicher Nachweis fehlt

## Voraussetzungen

- Module: MicrosoftTeams
- Dokumentierte Graph-Scopes: Nicht angegeben; vor Tenant-Nutzung prüfen.
- Hilfsdateien: Keine lokale Hilfsdatei erkannt.

## Verwendung

Noch kein geprüftes Aufrufbeispiel dokumentiert. Parameter mit `Get-Help './16_Teams_Telephony/188_Export-TeamsEmergencyCallRoutingPolicies.ps1' -Full` lesen.

## Quelle

[PowerShell-Datei auf GitHub](https://github.com/Kaffeeundcode/Intune-Scripts/blob/main/16_Teams_Telephony/188_Export-TeamsEmergencyCallRoutingPolicies.ps1)

Prüfungen gelten nur für den dokumentierten Quellstand und Testumfang.
","16_Teams_Telephony","16_Teams_Telephony/188_Export-TeamsEmergencyCallRoutingPolicies.ps1","unreviewed","Ungeprüft","false","elevated"
"get-teams-policy-inventory-summary","Get-TeamsPolicyInventorySummary","# Get-TeamsPolicyInventorySummary

**Prüfstatus: Ungeprüft**

Teams Policy Inventory Summary

<!-- library-status:start -->
    Prüfstatus: Ungeprüft
    Windows- und Tenant-Abnahme ausstehend; keine pauschale Produktionsfreigabe.

    <!-- library-status:end -->

    Ruft Teams Policy Inventory Summary aus der Teams-Telefonie ab.

## Prüfung

Keine fachliche Freigabe aus der Katalogerstellung ableiten.

- static: aktueller erfolgreicher Nachweis fehlt
- pester: aktueller erfolgreicher Nachweis fehlt
- windows: aktueller erfolgreicher Nachweis fehlt
- tenant: aktueller erfolgreicher Nachweis fehlt

## Voraussetzungen

- Module: MicrosoftTeams
- Dokumentierte Graph-Scopes: Nicht angegeben; vor Tenant-Nutzung prüfen.
- Hilfsdateien: Keine lokale Hilfsdatei erkannt.

## Verwendung

Noch kein geprüftes Aufrufbeispiel dokumentiert. Parameter mit `Get-Help './16_Teams_Telephony/189_Get-TeamsPolicyInventorySummary.ps1' -Full` lesen.

## Quelle

[PowerShell-Datei auf GitHub](https://github.com/Kaffeeundcode/Intune-Scripts/blob/main/16_Teams_Telephony/189_Get-TeamsPolicyInventorySummary.ps1)

Prüfungen gelten nur für den dokumentierten Quellstand und Testumfang.
","16_Teams_Telephony","16_Teams_Telephony/189_Get-TeamsPolicyInventorySummary.ps1","unreviewed","Ungeprüft","false","elevated"
"backup-teams-core-telephony-policies","Backup-TeamsCoreTelephonyPolicies","# Backup-TeamsCoreTelephonyPolicies

**Prüfstatus: Ungeprüft**

Teams Core Telephony Policies

<!-- library-status:start -->
    Prüfstatus: Ungeprüft
    Windows- und Tenant-Abnahme ausstehend; keine pauschale Produktionsfreigabe.

    <!-- library-status:end -->

    Sichert Teams Core Telephony Policies aus der Teams-Telefonie.

## Prüfung

Keine fachliche Freigabe aus der Katalogerstellung ableiten.

- static: aktueller erfolgreicher Nachweis fehlt
- pester: aktueller erfolgreicher Nachweis fehlt
- windows: aktueller erfolgreicher Nachweis fehlt
- tenant: aktueller erfolgreicher Nachweis fehlt

## Voraussetzungen

- Module: MicrosoftTeams
- Dokumentierte Graph-Scopes: Nicht angegeben; vor Tenant-Nutzung prüfen.
- Hilfsdateien: Keine lokale Hilfsdatei erkannt.

## Verwendung

Noch kein geprüftes Aufrufbeispiel dokumentiert. Parameter mit `Get-Help './16_Teams_Telephony/190_Backup-TeamsCoreTelephonyPolicies.ps1' -Full` lesen.

## Quelle

[PowerShell-Datei auf GitHub](https://github.com/Kaffeeundcode/Intune-Scripts/blob/main/16_Teams_Telephony/190_Backup-TeamsCoreTelephonyPolicies.ps1)

Prüfungen gelten nur für den dokumentierten Quellstand und Testumfang.
","16_Teams_Telephony","16_Teams_Telephony/190_Backup-TeamsCoreTelephonyPolicies.ps1","unreviewed","Ungeprüft","false","elevated"
"get-teams-call-queue-inventory","Get-TeamsCallQueueInventory","# Get-TeamsCallQueueInventory

**Prüfstatus: Ungeprüft**

Teams Call Queue Inventory

<!-- library-status:start -->
    Prüfstatus: Ungeprüft
    Windows- und Tenant-Abnahme ausstehend; keine pauschale Produktionsfreigabe.

    <!-- library-status:end -->

    Ruft Teams Call Queue Inventory aus der Teams-Telefonie ab.

## Prüfung

Keine fachliche Freigabe aus der Katalogerstellung ableiten.

- static: aktueller erfolgreicher Nachweis fehlt
- pester: aktueller erfolgreicher Nachweis fehlt
- windows: aktueller erfolgreicher Nachweis fehlt
- tenant: aktueller erfolgreicher Nachweis fehlt

## Voraussetzungen

- Module: MicrosoftTeams
- Dokumentierte Graph-Scopes: Nicht angegeben; vor Tenant-Nutzung prüfen.
- Hilfsdateien: Keine lokale Hilfsdatei erkannt.

## Verwendung

Noch kein geprüftes Aufrufbeispiel dokumentiert. Parameter mit `Get-Help './16_Teams_Telephony/191_Get-TeamsCallQueueInventory.ps1' -Full` lesen.

## Quelle

[PowerShell-Datei auf GitHub](https://github.com/Kaffeeundcode/Intune-Scripts/blob/main/16_Teams_Telephony/191_Get-TeamsCallQueueInventory.ps1)

Prüfungen gelten nur für den dokumentierten Quellstand und Testumfang.
","16_Teams_Telephony","16_Teams_Telephony/191_Get-TeamsCallQueueInventory.ps1","unreviewed","Ungeprüft","false","elevated"
"export-teams-call-queue-inventory","Export-TeamsCallQueueInventory","# Export-TeamsCallQueueInventory

**Prüfstatus: Ungeprüft**

Teams Call Queue Inventory

<!-- library-status:start -->
    Prüfstatus: Ungeprüft
    Windows- und Tenant-Abnahme ausstehend; keine pauschale Produktionsfreigabe.

    <!-- library-status:end -->

    Exportiert Teams Call Queue Inventory aus der Teams-Telefonie.

## Prüfung

Keine fachliche Freigabe aus der Katalogerstellung ableiten.

- static: aktueller erfolgreicher Nachweis fehlt
- pester: aktueller erfolgreicher Nachweis fehlt
- windows: aktueller erfolgreicher Nachweis fehlt
- tenant: aktueller erfolgreicher Nachweis fehlt

## Voraussetzungen

- Module: MicrosoftTeams
- Dokumentierte Graph-Scopes: Nicht angegeben; vor Tenant-Nutzung prüfen.
- Hilfsdateien: Keine lokale Hilfsdatei erkannt.

## Verwendung

Noch kein geprüftes Aufrufbeispiel dokumentiert. Parameter mit `Get-Help './16_Teams_Telephony/192_Export-TeamsCallQueueInventory.ps1' -Full` lesen.

## Quelle

[PowerShell-Datei auf GitHub](https://github.com/Kaffeeundcode/Intune-Scripts/blob/main/16_Teams_Telephony/192_Export-TeamsCallQueueInventory.ps1)

Prüfungen gelten nur für den dokumentierten Quellstand und Testumfang.
","16_Teams_Telephony","16_Teams_Telephony/192_Export-TeamsCallQueueInventory.ps1","unreviewed","Ungeprüft","false","elevated"
"find-teams-call-queues-without-resource-accounts","Find-TeamsCallQueuesWithoutResourceAccounts","# Find-TeamsCallQueuesWithoutResourceAccounts

**Prüfstatus: Ungeprüft**

Teams Call Queues Without Resource Accounts

<!-- library-status:start -->
    Prüfstatus: Ungeprüft
    Windows- und Tenant-Abnahme ausstehend; keine pauschale Produktionsfreigabe.

    <!-- library-status:end -->

    Identifiziert Teams Call Queues Without Resource Accounts in der Teams-Telefonie.

## Prüfung

Keine fachliche Freigabe aus der Katalogerstellung ableiten.

- static: aktueller erfolgreicher Nachweis fehlt
- pester: aktueller erfolgreicher Nachweis fehlt
- windows: aktueller erfolgreicher Nachweis fehlt
- tenant: aktueller erfolgreicher Nachweis fehlt

## Voraussetzungen

- Module: MicrosoftTeams
- Dokumentierte Graph-Scopes: Nicht angegeben; vor Tenant-Nutzung prüfen.
- Hilfsdateien: Keine lokale Hilfsdatei erkannt.

## Verwendung

Noch kein geprüftes Aufrufbeispiel dokumentiert. Parameter mit `Get-Help './16_Teams_Telephony/193_Find-TeamsCallQueuesWithoutResourceAccounts.ps1' -Full` lesen.

## Quelle

[PowerShell-Datei auf GitHub](https://github.com/Kaffeeundcode/Intune-Scripts/blob/main/16_Teams_Telephony/193_Find-TeamsCallQueuesWithoutResourceAccounts.ps1)

Prüfungen gelten nur für den dokumentierten Quellstand und Testumfang.
","16_Teams_Telephony","16_Teams_Telephony/193_Find-TeamsCallQueuesWithoutResourceAccounts.ps1","unreviewed","Ungeprüft","false","elevated"
"find-teams-call-queues-without-agents","Find-TeamsCallQueuesWithoutAgents","# Find-TeamsCallQueuesWithoutAgents

**Prüfstatus: Ungeprüft**

Teams Call Queues Without Agents

<!-- library-status:start -->
    Prüfstatus: Ungeprüft
    Windows- und Tenant-Abnahme ausstehend; keine pauschale Produktionsfreigabe.

    <!-- library-status:end -->

    Identifiziert Teams Call Queues Without Agents in der Teams-Telefonie.

## Prüfung

Keine fachliche Freigabe aus der Katalogerstellung ableiten.

- static: aktueller erfolgreicher Nachweis fehlt
- pester: aktueller erfolgreicher Nachweis fehlt
- windows: aktueller erfolgreicher Nachweis fehlt
- tenant: aktueller erfolgreicher Nachweis fehlt

## Voraussetzungen

- Module: MicrosoftTeams
- Dokumentierte Graph-Scopes: Nicht angegeben; vor Tenant-Nutzung prüfen.
- Hilfsdateien: Keine lokale Hilfsdatei erkannt.

## Verwendung

Noch kein geprüftes Aufrufbeispiel dokumentiert. Parameter mit `Get-Help './16_Teams_Telephony/194_Find-TeamsCallQueuesWithoutAgents.ps1' -Full` lesen.

## Quelle

[PowerShell-Datei auf GitHub](https://github.com/Kaffeeundcode/Intune-Scripts/blob/main/16_Teams_Telephony/194_Find-TeamsCallQueuesWithoutAgents.ps1)

Prüfungen gelten nur für den dokumentierten Quellstand und Testumfang.
","16_Teams_Telephony","16_Teams_Telephony/194_Find-TeamsCallQueuesWithoutAgents.ps1","unreviewed","Ungeprüft","false","elevated"
"get-teams-call-queues-by-language","Get-TeamsCallQueuesByLanguage","# Get-TeamsCallQueuesByLanguage

**Prüfstatus: Ungeprüft**

Teams Call Queues By Language

<!-- library-status:start -->
    Prüfstatus: Ungeprüft
    Windows- und Tenant-Abnahme ausstehend; keine pauschale Produktionsfreigabe.

    <!-- library-status:end -->

    Ruft Teams Call Queues By Language aus der Teams-Telefonie ab.

## Prüfung

Keine fachliche Freigabe aus der Katalogerstellung ableiten.

- static: aktueller erfolgreicher Nachweis fehlt
- pester: aktueller erfolgreicher Nachweis fehlt
- windows: aktueller erfolgreicher Nachweis fehlt
- tenant: aktueller erfolgreicher Nachweis fehlt

## Voraussetzungen

- Module: MicrosoftTeams
- Dokumentierte Graph-Scopes: Nicht angegeben; vor Tenant-Nutzung prüfen.
- Hilfsdateien: Keine lokale Hilfsdatei erkannt.

## Verwendung

Noch kein geprüftes Aufrufbeispiel dokumentiert. Parameter mit `Get-Help './16_Teams_Telephony/195_Get-TeamsCallQueuesByLanguage.ps1' -Full` lesen.

## Quelle

[PowerShell-Datei auf GitHub](https://github.com/Kaffeeundcode/Intune-Scripts/blob/main/16_Teams_Telephony/195_Get-TeamsCallQueuesByLanguage.ps1)

Prüfungen gelten nur für den dokumentierten Quellstand und Testumfang.
","16_Teams_Telephony","16_Teams_Telephony/195_Get-TeamsCallQueuesByLanguage.ps1","unreviewed","Ungeprüft","false","elevated"
"get-teams-call-queues-by-routing-method","Get-TeamsCallQueuesByRoutingMethod","# Get-TeamsCallQueuesByRoutingMethod

**Prüfstatus: Ungeprüft**

Teams Call Queues By Routing Method

<!-- library-status:start -->
    Prüfstatus: Ungeprüft
    Windows- und Tenant-Abnahme ausstehend; keine pauschale Produktionsfreigabe.

    <!-- library-status:end -->

    Ruft Teams Call Queues By Routing Method aus der Teams-Telefonie ab.

## Prüfung

Keine fachliche Freigabe aus der Katalogerstellung ableiten.

- static: aktueller erfolgreicher Nachweis fehlt
- pester: aktueller erfolgreicher Nachweis fehlt
- windows: aktueller erfolgreicher Nachweis fehlt
- tenant: aktueller erfolgreicher Nachweis fehlt

## Voraussetzungen

- Module: MicrosoftTeams
- Dokumentierte Graph-Scopes: Nicht angegeben; vor Tenant-Nutzung prüfen.
- Hilfsdateien: Keine lokale Hilfsdatei erkannt.

## Verwendung

Noch kein geprüftes Aufrufbeispiel dokumentiert. Parameter mit `Get-Help './16_Teams_Telephony/196_Get-TeamsCallQueuesByRoutingMethod.ps1' -Full` lesen.

## Quelle

[PowerShell-Datei auf GitHub](https://github.com/Kaffeeundcode/Intune-Scripts/blob/main/16_Teams_Telephony/196_Get-TeamsCallQueuesByRoutingMethod.ps1)

Prüfungen gelten nur für den dokumentierten Quellstand und Testumfang.
","16_Teams_Telephony","16_Teams_Telephony/196_Get-TeamsCallQueuesByRoutingMethod.ps1","unreviewed","Ungeprüft","false","elevated"
"get-teams-call-queues-with-presence-routing","Get-TeamsCallQueuesWithPresenceRouting","# Get-TeamsCallQueuesWithPresenceRouting

**Prüfstatus: Ungeprüft**

Teams Call Queues With Presence Routing

<!-- library-status:start -->
    Prüfstatus: Ungeprüft
    Windows- und Tenant-Abnahme ausstehend; keine pauschale Produktionsfreigabe.

    <!-- library-status:end -->

    Ruft Teams Call Queues With Presence Routing aus der Teams-Telefonie ab.

## Prüfung

Keine fachliche Freigabe aus der Katalogerstellung ableiten.

- static: aktueller erfolgreicher Nachweis fehlt
- pester: aktueller erfolgreicher Nachweis fehlt
- windows: aktueller erfolgreicher Nachweis fehlt
- tenant: aktueller erfolgreicher Nachweis fehlt

## Voraussetzungen

- Module: MicrosoftTeams
- Dokumentierte Graph-Scopes: Nicht angegeben; vor Tenant-Nutzung prüfen.
- Hilfsdateien: Keine lokale Hilfsdatei erkannt.

## Verwendung

Noch kein geprüftes Aufrufbeispiel dokumentiert. Parameter mit `Get-Help './16_Teams_Telephony/197_Get-TeamsCallQueuesWithPresenceRouting.ps1' -Full` lesen.

## Quelle

[PowerShell-Datei auf GitHub](https://github.com/Kaffeeundcode/Intune-Scripts/blob/main/16_Teams_Telephony/197_Get-TeamsCallQueuesWithPresenceRouting.ps1)

Prüfungen gelten nur für den dokumentierten Quellstand und Testumfang.
","16_Teams_Telephony","16_Teams_Telephony/197_Get-TeamsCallQueuesWithPresenceRouting.ps1","unreviewed","Ungeprüft","false","elevated"
"get-teams-call-queues-by-conference-mode","Get-TeamsCallQueuesByConferenceMode","# Get-TeamsCallQueuesByConferenceMode

**Prüfstatus: Ungeprüft**

Teams Call Queues By Conference Mode

<!-- library-status:start -->
    Prüfstatus: Ungeprüft
    Windows- und Tenant-Abnahme ausstehend; keine pauschale Produktionsfreigabe.

    <!-- library-status:end -->

    Ruft Teams Call Queues By Conference Mode aus der Teams-Telefonie ab.

## Prüfung

Keine fachliche Freigabe aus der Katalogerstellung ableiten.

- static: aktueller erfolgreicher Nachweis fehlt
- pester: aktueller erfolgreicher Nachweis fehlt
- windows: aktueller erfolgreicher Nachweis fehlt
- tenant: aktueller erfolgreicher Nachweis fehlt

## Voraussetzungen

- Module: MicrosoftTeams
- Dokumentierte Graph-Scopes: Nicht angegeben; vor Tenant-Nutzung prüfen.
- Hilfsdateien: Keine lokale Hilfsdatei erkannt.

## Verwendung

Noch kein geprüftes Aufrufbeispiel dokumentiert. Parameter mit `Get-Help './16_Teams_Telephony/198_Get-TeamsCallQueuesByConferenceMode.ps1' -Full` lesen.

## Quelle

[PowerShell-Datei auf GitHub](https://github.com/Kaffeeundcode/Intune-Scripts/blob/main/16_Teams_Telephony/198_Get-TeamsCallQueuesByConferenceMode.ps1)

Prüfungen gelten nur für den dokumentierten Quellstand und Testumfang.
","16_Teams_Telephony","16_Teams_Telephony/198_Get-TeamsCallQueuesByConferenceMode.ps1","unreviewed","Ungeprüft","false","elevated"
"find-teams-call-queues-with-conference-mode-disabled","Find-TeamsCallQueuesWithConferenceModeDisabled","# Find-TeamsCallQueuesWithConferenceModeDisabled

**Prüfstatus: Ungeprüft**

Teams Call Queues With Conference Mode Disabled

<!-- library-status:start -->
    Prüfstatus: Ungeprüft
    Windows- und Tenant-Abnahme ausstehend; keine pauschale Produktionsfreigabe.

    <!-- library-status:end -->

    Identifiziert Teams Call Queues With Conference Mode Disabled in der Teams-Telefonie.

## Prüfung

Keine fachliche Freigabe aus der Katalogerstellung ableiten.

- static: aktueller erfolgreicher Nachweis fehlt
- pester: aktueller erfolgreicher Nachweis fehlt
- windows: aktueller erfolgreicher Nachweis fehlt
- tenant: aktueller erfolgreicher Nachweis fehlt

## Voraussetzungen

- Module: MicrosoftTeams
- Dokumentierte Graph-Scopes: Nicht angegeben; vor Tenant-Nutzung prüfen.
- Hilfsdateien: Keine lokale Hilfsdatei erkannt.

## Verwendung

Noch kein geprüftes Aufrufbeispiel dokumentiert. Parameter mit `Get-Help './16_Teams_Telephony/199_Find-TeamsCallQueuesWithConferenceModeDisabled.ps1' -Full` lesen.

## Quelle

[PowerShell-Datei auf GitHub](https://github.com/Kaffeeundcode/Intune-Scripts/blob/main/16_Teams_Telephony/199_Find-TeamsCallQueuesWithConferenceModeDisabled.ps1)

Prüfungen gelten nur für den dokumentierten Quellstand und Testumfang.
","16_Teams_Telephony","16_Teams_Telephony/199_Find-TeamsCallQueuesWithConferenceModeDisabled.ps1","unreviewed","Ungeprüft","false","elevated"
"get-teams-call-queues-with-overflow-configuration","Get-TeamsCallQueuesWithOverflowConfiguration","# Get-TeamsCallQueuesWithOverflowConfiguration

**Prüfstatus: Ungeprüft**

Teams Call Queues With Overflow Configuration

<!-- library-status:start -->
    Prüfstatus: Ungeprüft
    Windows- und Tenant-Abnahme ausstehend; keine pauschale Produktionsfreigabe.

    <!-- library-status:end -->

    Ruft Teams Call Queues With Overflow Configuration aus der Teams-Telefonie ab.

## Prüfung

Keine fachliche Freigabe aus der Katalogerstellung ableiten.

- static: aktueller erfolgreicher Nachweis fehlt
- pester: aktueller erfolgreicher Nachweis fehlt
- windows: aktueller erfolgreicher Nachweis fehlt
- tenant: aktueller erfolgreicher Nachweis fehlt

## Voraussetzungen

- Module: MicrosoftTeams
- Dokumentierte Graph-Scopes: Nicht angegeben; vor Tenant-Nutzung prüfen.
- Hilfsdateien: Keine lokale Hilfsdatei erkannt.

## Verwendung

Noch kein geprüftes Aufrufbeispiel dokumentiert. Parameter mit `Get-Help './16_Teams_Telephony/200_Get-TeamsCallQueuesWithOverflowConfiguration.ps1' -Full` lesen.

## Quelle

[PowerShell-Datei auf GitHub](https://github.com/Kaffeeundcode/Intune-Scripts/blob/main/16_Teams_Telephony/200_Get-TeamsCallQueuesWithOverflowConfiguration.ps1)

Prüfungen gelten nur für den dokumentierten Quellstand und Testumfang.
","16_Teams_Telephony","16_Teams_Telephony/200_Get-TeamsCallQueuesWithOverflowConfiguration.ps1","unreviewed","Ungeprüft","false","elevated"
"get-teams-call-queues-with-timeout-configuration","Get-TeamsCallQueuesWithTimeoutConfiguration","# Get-TeamsCallQueuesWithTimeoutConfiguration

**Prüfstatus: Ungeprüft**

Teams Call Queues With Timeout Configuration

<!-- library-status:start -->
    Prüfstatus: Ungeprüft
    Windows- und Tenant-Abnahme ausstehend; keine pauschale Produktionsfreigabe.

    <!-- library-status:end -->

    Ruft Teams Call Queues With Timeout Configuration aus der Teams-Telefonie ab.

## Prüfung

Keine fachliche Freigabe aus der Katalogerstellung ableiten.

- static: aktueller erfolgreicher Nachweis fehlt
- pester: aktueller erfolgreicher Nachweis fehlt
- windows: aktueller erfolgreicher Nachweis fehlt
- tenant: aktueller erfolgreicher Nachweis fehlt

## Voraussetzungen

- Module: MicrosoftTeams
- Dokumentierte Graph-Scopes: Nicht angegeben; vor Tenant-Nutzung prüfen.
- Hilfsdateien: Keine lokale Hilfsdatei erkannt.

## Verwendung

Noch kein geprüftes Aufrufbeispiel dokumentiert. Parameter mit `Get-Help './16_Teams_Telephony/201_Get-TeamsCallQueuesWithTimeoutConfiguration.ps1' -Full` lesen.

## Quelle

[PowerShell-Datei auf GitHub](https://github.com/Kaffeeundcode/Intune-Scripts/blob/main/16_Teams_Telephony/201_Get-TeamsCallQueuesWithTimeoutConfiguration.ps1)

Prüfungen gelten nur für den dokumentierten Quellstand und Testumfang.
","16_Teams_Telephony","16_Teams_Telephony/201_Get-TeamsCallQueuesWithTimeoutConfiguration.ps1","unreviewed","Ungeprüft","false","elevated"
"get-teams-call-queue-agent-summary","Get-TeamsCallQueueAgentSummary","# Get-TeamsCallQueueAgentSummary

**Prüfstatus: Ungeprüft**

Teams Call Queue Agent Summary

<!-- library-status:start -->
    Prüfstatus: Ungeprüft
    Windows- und Tenant-Abnahme ausstehend; keine pauschale Produktionsfreigabe.

    <!-- library-status:end -->

    Ruft Teams Call Queue Agent Summary aus der Teams-Telefonie ab.

## Prüfung

Keine fachliche Freigabe aus der Katalogerstellung ableiten.

- static: aktueller erfolgreicher Nachweis fehlt
- pester: aktueller erfolgreicher Nachweis fehlt
- windows: aktueller erfolgreicher Nachweis fehlt
- tenant: aktueller erfolgreicher Nachweis fehlt

## Voraussetzungen

- Module: MicrosoftTeams
- Dokumentierte Graph-Scopes: Nicht angegeben; vor Tenant-Nutzung prüfen.
- Hilfsdateien: Keine lokale Hilfsdatei erkannt.

## Verwendung

Noch kein geprüftes Aufrufbeispiel dokumentiert. Parameter mit `Get-Help './16_Teams_Telephony/202_Get-TeamsCallQueueAgentSummary.ps1' -Full` lesen.

## Quelle

[PowerShell-Datei auf GitHub](https://github.com/Kaffeeundcode/Intune-Scripts/blob/main/16_Teams_Telephony/202_Get-TeamsCallQueueAgentSummary.ps1)

Prüfungen gelten nur für den dokumentierten Quellstand und Testumfang.
","16_Teams_Telephony","16_Teams_Telephony/202_Get-TeamsCallQueueAgentSummary.ps1","unreviewed","Ungeprüft","false","elevated"
"get-teams-call-queue-distribution-lists","Get-TeamsCallQueueDistributionLists","# Get-TeamsCallQueueDistributionLists

**Prüfstatus: Ungeprüft**

Teams Call Queue Distribution Lists

<!-- library-status:start -->
    Prüfstatus: Ungeprüft
    Windows- und Tenant-Abnahme ausstehend; keine pauschale Produktionsfreigabe.

    <!-- library-status:end -->

    Ruft Teams Call Queue Distribution Lists aus der Teams-Telefonie ab.

## Prüfung

Keine fachliche Freigabe aus der Katalogerstellung ableiten.

- static: aktueller erfolgreicher Nachweis fehlt
- pester: aktueller erfolgreicher Nachweis fehlt
- windows: aktueller erfolgreicher Nachweis fehlt
- tenant: aktueller erfolgreicher Nachweis fehlt

## Voraussetzungen

- Module: MicrosoftTeams
- Dokumentierte Graph-Scopes: Nicht angegeben; vor Tenant-Nutzung prüfen.
- Hilfsdateien: Keine lokale Hilfsdatei erkannt.

## Verwendung

Noch kein geprüftes Aufrufbeispiel dokumentiert. Parameter mit `Get-Help './16_Teams_Telephony/203_Get-TeamsCallQueueDistributionLists.ps1' -Full` lesen.

## Quelle

[PowerShell-Datei auf GitHub](https://github.com/Kaffeeundcode/Intune-Scripts/blob/main/16_Teams_Telephony/203_Get-TeamsCallQueueDistributionLists.ps1)

Prüfungen gelten nur für den dokumentierten Quellstand und Testumfang.
","16_Teams_Telephony","16_Teams_Telephony/203_Get-TeamsCallQueueDistributionLists.ps1","unreviewed","Ungeprüft","false","elevated"
"compare-teams-call-queue-routing-modes","Compare-TeamsCallQueueRoutingModes","# Compare-TeamsCallQueueRoutingModes

**Prüfstatus: Ungeprüft**

Teams Call Queue Routing Modes

<!-- library-status:start -->
    Prüfstatus: Ungeprüft
    Windows- und Tenant-Abnahme ausstehend; keine pauschale Produktionsfreigabe.

    <!-- library-status:end -->

    Vergleicht Teams Call Queue Routing Modes in der Teams-Telefonie.

## Prüfung

Keine fachliche Freigabe aus der Katalogerstellung ableiten.

- static: aktueller erfolgreicher Nachweis fehlt
- pester: aktueller erfolgreicher Nachweis fehlt
- windows: aktueller erfolgreicher Nachweis fehlt
- tenant: aktueller erfolgreicher Nachweis fehlt

## Voraussetzungen

- Module: MicrosoftTeams
- Dokumentierte Graph-Scopes: Nicht angegeben; vor Tenant-Nutzung prüfen.
- Hilfsdateien: Keine lokale Hilfsdatei erkannt.

## Verwendung

Noch kein geprüftes Aufrufbeispiel dokumentiert. Parameter mit `Get-Help './16_Teams_Telephony/204_Compare-TeamsCallQueueRoutingModes.ps1' -Full` lesen.

## Quelle

[PowerShell-Datei auf GitHub](https://github.com/Kaffeeundcode/Intune-Scripts/blob/main/16_Teams_Telephony/204_Compare-TeamsCallQueueRoutingModes.ps1)

Prüfungen gelten nur für den dokumentierten Quellstand und Testumfang.
","16_Teams_Telephony","16_Teams_Telephony/204_Compare-TeamsCallQueueRoutingModes.ps1","unreviewed","Ungeprüft","false","elevated"
"measure-teams-call-queue-agent-coverage","Measure-TeamsCallQueueAgentCoverage","# Measure-TeamsCallQueueAgentCoverage

**Prüfstatus: Ungeprüft**

Teams Call Queue Agent Coverage

<!-- library-status:start -->
    Prüfstatus: Ungeprüft
    Windows- und Tenant-Abnahme ausstehend; keine pauschale Produktionsfreigabe.

    <!-- library-status:end -->

    Misst Teams Call Queue Agent Coverage in der Teams-Telefonie.

## Prüfung

Keine fachliche Freigabe aus der Katalogerstellung ableiten.

- static: aktueller erfolgreicher Nachweis fehlt
- pester: aktueller erfolgreicher Nachweis fehlt
- windows: aktueller erfolgreicher Nachweis fehlt
- tenant: aktueller erfolgreicher Nachweis fehlt

## Voraussetzungen

- Module: MicrosoftTeams
- Dokumentierte Graph-Scopes: Nicht angegeben; vor Tenant-Nutzung prüfen.
- Hilfsdateien: Keine lokale Hilfsdatei erkannt.

## Verwendung

Noch kein geprüftes Aufrufbeispiel dokumentiert. Parameter mit `Get-Help './16_Teams_Telephony/205_Measure-TeamsCallQueueAgentCoverage.ps1' -Full` lesen.

## Quelle

[PowerShell-Datei auf GitHub](https://github.com/Kaffeeundcode/Intune-Scripts/blob/main/16_Teams_Telephony/205_Measure-TeamsCallQueueAgentCoverage.ps1)

Prüfungen gelten nur für den dokumentierten Quellstand und Testumfang.
","16_Teams_Telephony","16_Teams_Telephony/205_Measure-TeamsCallQueueAgentCoverage.ps1","unreviewed","Ungeprüft","false","elevated"
"test-teams-call-queue-naming-standard","Test-TeamsCallQueueNamingStandard","# Test-TeamsCallQueueNamingStandard

**Prüfstatus: Ungeprüft**

Teams Call Queue Naming Standard

<!-- library-status:start -->
    Prüfstatus: Ungeprüft
    Windows- und Tenant-Abnahme ausstehend; keine pauschale Produktionsfreigabe.

    <!-- library-status:end -->

    Prueft Teams Call Queue Naming Standard in der Teams-Telefonie.

## Prüfung

Keine fachliche Freigabe aus der Katalogerstellung ableiten.

- static: aktueller erfolgreicher Nachweis fehlt
- pester: aktueller erfolgreicher Nachweis fehlt
- windows: aktueller erfolgreicher Nachweis fehlt
- tenant: aktueller erfolgreicher Nachweis fehlt

## Voraussetzungen

- Module: MicrosoftTeams
- Dokumentierte Graph-Scopes: Nicht angegeben; vor Tenant-Nutzung prüfen.
- Hilfsdateien: Keine lokale Hilfsdatei erkannt.

## Verwendung

Noch kein geprüftes Aufrufbeispiel dokumentiert. Parameter mit `Get-Help './16_Teams_Telephony/206_Test-TeamsCallQueueNamingStandard.ps1' -Full` lesen.

## Quelle

[PowerShell-Datei auf GitHub](https://github.com/Kaffeeundcode/Intune-Scripts/blob/main/16_Teams_Telephony/206_Test-TeamsCallQueueNamingStandard.ps1)

Prüfungen gelten nur für den dokumentierten Quellstand und Testumfang.
","16_Teams_Telephony","16_Teams_Telephony/206_Test-TeamsCallQueueNamingStandard.ps1","unreviewed","Ungeprüft","false","elevated"
"find-teams-call-queues-without-language","Find-TeamsCallQueuesWithoutLanguage","# Find-TeamsCallQueuesWithoutLanguage

**Prüfstatus: Ungeprüft**

Teams Call Queues Without Language

<!-- library-status:start -->
    Prüfstatus: Ungeprüft
    Windows- und Tenant-Abnahme ausstehend; keine pauschale Produktionsfreigabe.

    <!-- library-status:end -->

    Identifiziert Teams Call Queues Without Language in der Teams-Telefonie.

## Prüfung

Keine fachliche Freigabe aus der Katalogerstellung ableiten.

- static: aktueller erfolgreicher Nachweis fehlt
- pester: aktueller erfolgreicher Nachweis fehlt
- windows: aktueller erfolgreicher Nachweis fehlt
- tenant: aktueller erfolgreicher Nachweis fehlt

## Voraussetzungen

- Module: MicrosoftTeams
- Dokumentierte Graph-Scopes: Nicht angegeben; vor Tenant-Nutzung prüfen.
- Hilfsdateien: Keine lokale Hilfsdatei erkannt.

## Verwendung

Noch kein geprüftes Aufrufbeispiel dokumentiert. Parameter mit `Get-Help './16_Teams_Telephony/207_Find-TeamsCallQueuesWithoutLanguage.ps1' -Full` lesen.

## Quelle

[PowerShell-Datei auf GitHub](https://github.com/Kaffeeundcode/Intune-Scripts/blob/main/16_Teams_Telephony/207_Find-TeamsCallQueuesWithoutLanguage.ps1)

Prüfungen gelten nur für den dokumentierten Quellstand und Testumfang.
","16_Teams_Telephony","16_Teams_Telephony/207_Find-TeamsCallQueuesWithoutLanguage.ps1","unreviewed","Ungeprüft","false","elevated"
"get-teams-call-queue-channel-bindings","Get-TeamsCallQueueChannelBindings","# Get-TeamsCallQueueChannelBindings

**Prüfstatus: Ungeprüft**

Teams Call Queue Channel Bindings

<!-- library-status:start -->
    Prüfstatus: Ungeprüft
    Windows- und Tenant-Abnahme ausstehend; keine pauschale Produktionsfreigabe.

    <!-- library-status:end -->

    Ruft Teams Call Queue Channel Bindings aus der Teams-Telefonie ab.

## Prüfung

Keine fachliche Freigabe aus der Katalogerstellung ableiten.

- static: aktueller erfolgreicher Nachweis fehlt
- pester: aktueller erfolgreicher Nachweis fehlt
- windows: aktueller erfolgreicher Nachweis fehlt
- tenant: aktueller erfolgreicher Nachweis fehlt

## Voraussetzungen

- Module: MicrosoftTeams
- Dokumentierte Graph-Scopes: Nicht angegeben; vor Tenant-Nutzung prüfen.
- Hilfsdateien: Keine lokale Hilfsdatei erkannt.

## Verwendung

Noch kein geprüftes Aufrufbeispiel dokumentiert. Parameter mit `Get-Help './16_Teams_Telephony/208_Get-TeamsCallQueueChannelBindings.ps1' -Full` lesen.

## Quelle

[PowerShell-Datei auf GitHub](https://github.com/Kaffeeundcode/Intune-Scripts/blob/main/16_Teams_Telephony/208_Get-TeamsCallQueueChannelBindings.ps1)

Prüfungen gelten nur für den dokumentierten Quellstand und Testumfang.
","16_Teams_Telephony","16_Teams_Telephony/208_Get-TeamsCallQueueChannelBindings.ps1","unreviewed","Ungeprüft","false","elevated"
"export-teams-call-queue-resource-accounts","Export-TeamsCallQueueResourceAccounts","# Export-TeamsCallQueueResourceAccounts

**Prüfstatus: Ungeprüft**

Teams Call Queue Resource Accounts

<!-- library-status:start -->
    Prüfstatus: Ungeprüft
    Windows- und Tenant-Abnahme ausstehend; keine pauschale Produktionsfreigabe.

    <!-- library-status:end -->

    Exportiert Teams Call Queue Resource Accounts aus der Teams-Telefonie.

## Prüfung

Keine fachliche Freigabe aus der Katalogerstellung ableiten.

- static: aktueller erfolgreicher Nachweis fehlt
- pester: aktueller erfolgreicher Nachweis fehlt
- windows: aktueller erfolgreicher Nachweis fehlt
- tenant: aktueller erfolgreicher Nachweis fehlt

## Voraussetzungen

- Module: MicrosoftTeams
- Dokumentierte Graph-Scopes: Nicht angegeben; vor Tenant-Nutzung prüfen.
- Hilfsdateien: Keine lokale Hilfsdatei erkannt.

## Verwendung

Noch kein geprüftes Aufrufbeispiel dokumentiert. Parameter mit `Get-Help './16_Teams_Telephony/209_Export-TeamsCallQueueResourceAccounts.ps1' -Full` lesen.

## Quelle

[PowerShell-Datei auf GitHub](https://github.com/Kaffeeundcode/Intune-Scripts/blob/main/16_Teams_Telephony/209_Export-TeamsCallQueueResourceAccounts.ps1)

Prüfungen gelten nur für den dokumentierten Quellstand und Testumfang.
","16_Teams_Telephony","16_Teams_Telephony/209_Export-TeamsCallQueueResourceAccounts.ps1","unreviewed","Ungeprüft","false","elevated"
"backup-teams-call-queue-configuration","Backup-TeamsCallQueueConfiguration","# Backup-TeamsCallQueueConfiguration

**Prüfstatus: Ungeprüft**

Teams Call Queue Configuration

<!-- library-status:start -->
    Prüfstatus: Ungeprüft
    Windows- und Tenant-Abnahme ausstehend; keine pauschale Produktionsfreigabe.
    Hauptversion: 16_Teams_Telephony/192_Export-TeamsCallQueueInventory&#46;ps1
    <!-- library-status:end -->

    Sichert Teams Call Queue Configuration aus der Teams-Telefonie.

## Prüfung

Keine fachliche Freigabe aus der Katalogerstellung ableiten.

- static: aktueller erfolgreicher Nachweis fehlt
- pester: aktueller erfolgreicher Nachweis fehlt
- windows: aktueller erfolgreicher Nachweis fehlt
- tenant: aktueller erfolgreicher Nachweis fehlt

Gleiche Implementierung: [Hauptversion](https://github.com/Kaffeeundcode/Intune-Scripts/blob/main/16_Teams_Telephony/192_Export-TeamsCallQueueInventory.ps1).

## Voraussetzungen

- Module: MicrosoftTeams
- Dokumentierte Graph-Scopes: Nicht angegeben; vor Tenant-Nutzung prüfen.
- Hilfsdateien: Keine lokale Hilfsdatei erkannt.

## Verwendung

Noch kein geprüftes Aufrufbeispiel dokumentiert. Parameter mit `Get-Help './16_Teams_Telephony/210_Backup-TeamsCallQueueConfiguration.ps1' -Full` lesen.

## Quelle

[PowerShell-Datei auf GitHub](https://github.com/Kaffeeundcode/Intune-Scripts/blob/main/16_Teams_Telephony/210_Backup-TeamsCallQueueConfiguration.ps1)

Prüfungen gelten nur für den dokumentierten Quellstand und Testumfang.
","16_Teams_Telephony","16_Teams_Telephony/210_Backup-TeamsCallQueueConfiguration.ps1","unreviewed","Ungeprüft","false","elevated"
"get-teams-call-queue-overview","Get-TeamsCallQueueOverview","# Get-TeamsCallQueueOverview

**Prüfstatus: Ungeprüft**

Teams Call Queue Overview

<!-- library-status:start -->
    Prüfstatus: Ungeprüft
    Windows- und Tenant-Abnahme ausstehend; keine pauschale Produktionsfreigabe.
    Hauptversion: 16_Teams_Telephony/191_Get-TeamsCallQueueInventory&#46;ps1
    <!-- library-status:end -->

    Ruft Teams Call Queue Overview aus der Teams-Telefonie ab.

## Prüfung

Keine fachliche Freigabe aus der Katalogerstellung ableiten.

- static: aktueller erfolgreicher Nachweis fehlt
- pester: aktueller erfolgreicher Nachweis fehlt
- windows: aktueller erfolgreicher Nachweis fehlt
- tenant: aktueller erfolgreicher Nachweis fehlt

Gleiche Implementierung: [Hauptversion](https://github.com/Kaffeeundcode/Intune-Scripts/blob/main/16_Teams_Telephony/191_Get-TeamsCallQueueInventory.ps1).

## Voraussetzungen

- Module: MicrosoftTeams
- Dokumentierte Graph-Scopes: Nicht angegeben; vor Tenant-Nutzung prüfen.
- Hilfsdateien: Keine lokale Hilfsdatei erkannt.

## Verwendung

Noch kein geprüftes Aufrufbeispiel dokumentiert. Parameter mit `Get-Help './16_Teams_Telephony/211_Get-TeamsCallQueueOverview.ps1' -Full` lesen.

## Quelle

[PowerShell-Datei auf GitHub](https://github.com/Kaffeeundcode/Intune-Scripts/blob/main/16_Teams_Telephony/211_Get-TeamsCallQueueOverview.ps1)

Prüfungen gelten nur für den dokumentierten Quellstand und Testumfang.
","16_Teams_Telephony","16_Teams_Telephony/211_Get-TeamsCallQueueOverview.ps1","unreviewed","Ungeprüft","false","elevated"
"get-teams-auto-attendant-inventory","Get-TeamsAutoAttendantInventory","# Get-TeamsAutoAttendantInventory

**Prüfstatus: Ungeprüft**

Teams Auto Attendant Inventory

<!-- library-status:start -->
    Prüfstatus: Ungeprüft
    Windows- und Tenant-Abnahme ausstehend; keine pauschale Produktionsfreigabe.

    <!-- library-status:end -->

    Ruft Teams Auto Attendant Inventory aus der Teams-Telefonie ab.

## Prüfung

Keine fachliche Freigabe aus der Katalogerstellung ableiten.

- static: aktueller erfolgreicher Nachweis fehlt
- pester: aktueller erfolgreicher Nachweis fehlt
- windows: aktueller erfolgreicher Nachweis fehlt
- tenant: aktueller erfolgreicher Nachweis fehlt

## Voraussetzungen

- Module: MicrosoftTeams
- Dokumentierte Graph-Scopes: Nicht angegeben; vor Tenant-Nutzung prüfen.
- Hilfsdateien: Keine lokale Hilfsdatei erkannt.

## Verwendung

Noch kein geprüftes Aufrufbeispiel dokumentiert. Parameter mit `Get-Help './16_Teams_Telephony/212_Get-TeamsAutoAttendantInventory.ps1' -Full` lesen.

## Quelle

[PowerShell-Datei auf GitHub](https://github.com/Kaffeeundcode/Intune-Scripts/blob/main/16_Teams_Telephony/212_Get-TeamsAutoAttendantInventory.ps1)

Prüfungen gelten nur für den dokumentierten Quellstand und Testumfang.
","16_Teams_Telephony","16_Teams_Telephony/212_Get-TeamsAutoAttendantInventory.ps1","unreviewed","Ungeprüft","false","elevated"
"export-teams-auto-attendant-inventory","Export-TeamsAutoAttendantInventory","# Export-TeamsAutoAttendantInventory

**Prüfstatus: Ungeprüft**

Teams Auto Attendant Inventory

<!-- library-status:start -->
    Prüfstatus: Ungeprüft
    Windows- und Tenant-Abnahme ausstehend; keine pauschale Produktionsfreigabe.

    <!-- library-status:end -->

    Exportiert Teams Auto Attendant Inventory aus der Teams-Telefonie.

## Prüfung

Keine fachliche Freigabe aus der Katalogerstellung ableiten.

- static: aktueller erfolgreicher Nachweis fehlt
- pester: aktueller erfolgreicher Nachweis fehlt
- windows: aktueller erfolgreicher Nachweis fehlt
- tenant: aktueller erfolgreicher Nachweis fehlt

## Voraussetzungen

- Module: MicrosoftTeams
- Dokumentierte Graph-Scopes: Nicht angegeben; vor Tenant-Nutzung prüfen.
- Hilfsdateien: Keine lokale Hilfsdatei erkannt.

## Verwendung

Noch kein geprüftes Aufrufbeispiel dokumentiert. Parameter mit `Get-Help './16_Teams_Telephony/213_Export-TeamsAutoAttendantInventory.ps1' -Full` lesen.

## Quelle

[PowerShell-Datei auf GitHub](https://github.com/Kaffeeundcode/Intune-Scripts/blob/main/16_Teams_Telephony/213_Export-TeamsAutoAttendantInventory.ps1)

Prüfungen gelten nur für den dokumentierten Quellstand und Testumfang.
","16_Teams_Telephony","16_Teams_Telephony/213_Export-TeamsAutoAttendantInventory.ps1","unreviewed","Ungeprüft","false","elevated"
"find-teams-auto-attendants-without-resource-accounts","Find-TeamsAutoAttendantsWithoutResourceAccounts","# Find-TeamsAutoAttendantsWithoutResourceAccounts

**Prüfstatus: Ungeprüft**

Teams Auto Attendants Without Resource Accounts

<!-- library-status:start -->
    Prüfstatus: Ungeprüft
    Windows- und Tenant-Abnahme ausstehend; keine pauschale Produktionsfreigabe.

    <!-- library-status:end -->

    Identifiziert Teams Auto Attendants Without Resource Accounts in der Teams-Telefonie.

## Prüfung

Keine fachliche Freigabe aus der Katalogerstellung ableiten.

- static: aktueller erfolgreicher Nachweis fehlt
- pester: aktueller erfolgreicher Nachweis fehlt
- windows: aktueller erfolgreicher Nachweis fehlt
- tenant: aktueller erfolgreicher Nachweis fehlt

## Voraussetzungen

- Module: MicrosoftTeams
- Dokumentierte Graph-Scopes: Nicht angegeben; vor Tenant-Nutzung prüfen.
- Hilfsdateien: Keine lokale Hilfsdatei erkannt.

## Verwendung

Noch kein geprüftes Aufrufbeispiel dokumentiert. Parameter mit `Get-Help './16_Teams_Telephony/214_Find-TeamsAutoAttendantsWithoutResourceAccounts.ps1' -Full` lesen.

## Quelle

[PowerShell-Datei auf GitHub](https://github.com/Kaffeeundcode/Intune-Scripts/blob/main/16_Teams_Telephony/214_Find-TeamsAutoAttendantsWithoutResourceAccounts.ps1)

Prüfungen gelten nur für den dokumentierten Quellstand und Testumfang.
","16_Teams_Telephony","16_Teams_Telephony/214_Find-TeamsAutoAttendantsWithoutResourceAccounts.ps1","unreviewed","Ungeprüft","false","elevated"
"get-teams-auto-attendants-by-language","Get-TeamsAutoAttendantsByLanguage","# Get-TeamsAutoAttendantsByLanguage

**Prüfstatus: Ungeprüft**

Teams Auto Attendants By Language

<!-- library-status:start -->
    Prüfstatus: Ungeprüft
    Windows- und Tenant-Abnahme ausstehend; keine pauschale Produktionsfreigabe.

    <!-- library-status:end -->

    Ruft Teams Auto Attendants By Language aus der Teams-Telefonie ab.

## Prüfung

Keine fachliche Freigabe aus der Katalogerstellung ableiten.

- static: aktueller erfolgreicher Nachweis fehlt
- pester: aktueller erfolgreicher Nachweis fehlt
- windows: aktueller erfolgreicher Nachweis fehlt
- tenant: aktueller erfolgreicher Nachweis fehlt

## Voraussetzungen

- Module: MicrosoftTeams
- Dokumentierte Graph-Scopes: Nicht angegeben; vor Tenant-Nutzung prüfen.
- Hilfsdateien: Keine lokale Hilfsdatei erkannt.

## Verwendung

Noch kein geprüftes Aufrufbeispiel dokumentiert. Parameter mit `Get-Help './16_Teams_Telephony/215_Get-TeamsAutoAttendantsByLanguage.ps1' -Full` lesen.

## Quelle

[PowerShell-Datei auf GitHub](https://github.com/Kaffeeundcode/Intune-Scripts/blob/main/16_Teams_Telephony/215_Get-TeamsAutoAttendantsByLanguage.ps1)

Prüfungen gelten nur für den dokumentierten Quellstand und Testumfang.
","16_Teams_Telephony","16_Teams_Telephony/215_Get-TeamsAutoAttendantsByLanguage.ps1","unreviewed","Ungeprüft","false","elevated"
"get-teams-auto-attendants-with-voice-response","Get-TeamsAutoAttendantsWithVoiceResponse","# Get-TeamsAutoAttendantsWithVoiceResponse

**Prüfstatus: Ungeprüft**

Teams Auto Attendants With Voice Response

<!-- library-status:start -->
    Prüfstatus: Ungeprüft
    Windows- und Tenant-Abnahme ausstehend; keine pauschale Produktionsfreigabe.

    <!-- library-status:end -->

    Ruft Teams Auto Attendants With Voice Response aus der Teams-Telefonie ab.

## Prüfung

Keine fachliche Freigabe aus der Katalogerstellung ableiten.

- static: aktueller erfolgreicher Nachweis fehlt
- pester: aktueller erfolgreicher Nachweis fehlt
- windows: aktueller erfolgreicher Nachweis fehlt
- tenant: aktueller erfolgreicher Nachweis fehlt

## Voraussetzungen

- Module: MicrosoftTeams
- Dokumentierte Graph-Scopes: Nicht angegeben; vor Tenant-Nutzung prüfen.
- Hilfsdateien: Keine lokale Hilfsdatei erkannt.

## Verwendung

Noch kein geprüftes Aufrufbeispiel dokumentiert. Parameter mit `Get-Help './16_Teams_Telephony/216_Get-TeamsAutoAttendantsWithVoiceResponse.ps1' -Full` lesen.

## Quelle

[PowerShell-Datei auf GitHub](https://github.com/Kaffeeundcode/Intune-Scripts/blob/main/16_Teams_Telephony/216_Get-TeamsAutoAttendantsWithVoiceResponse.ps1)

Prüfungen gelten nur für den dokumentierten Quellstand und Testumfang.
","16_Teams_Telephony","16_Teams_Telephony/216_Get-TeamsAutoAttendantsWithVoiceResponse.ps1","unreviewed","Ungeprüft","false","elevated"
"get-teams-auto-attendants-by-voice-response","Get-TeamsAutoAttendantsByVoiceResponse","# Get-TeamsAutoAttendantsByVoiceResponse

**Prüfstatus: Ungeprüft**

Teams Auto Attendants By Voice Response

<!-- library-status:start -->
    Prüfstatus: Ungeprüft
    Windows- und Tenant-Abnahme ausstehend; keine pauschale Produktionsfreigabe.

    <!-- library-status:end -->

    Ruft Teams Auto Attendants By Voice Response aus der Teams-Telefonie ab.

## Prüfung

Keine fachliche Freigabe aus der Katalogerstellung ableiten.

- static: aktueller erfolgreicher Nachweis fehlt
- pester: aktueller erfolgreicher Nachweis fehlt
- windows: aktueller erfolgreicher Nachweis fehlt
- tenant: aktueller erfolgreicher Nachweis fehlt

## Voraussetzungen

- Module: MicrosoftTeams
- Dokumentierte Graph-Scopes: Nicht angegeben; vor Tenant-Nutzung prüfen.
- Hilfsdateien: Keine lokale Hilfsdatei erkannt.

## Verwendung

Noch kein geprüftes Aufrufbeispiel dokumentiert. Parameter mit `Get-Help './16_Teams_Telephony/217_Get-TeamsAutoAttendantsByVoiceResponse.ps1' -Full` lesen.

## Quelle

[PowerShell-Datei auf GitHub](https://github.com/Kaffeeundcode/Intune-Scripts/blob/main/16_Teams_Telephony/217_Get-TeamsAutoAttendantsByVoiceResponse.ps1)

Prüfungen gelten nur für den dokumentierten Quellstand und Testumfang.
","16_Teams_Telephony","16_Teams_Telephony/217_Get-TeamsAutoAttendantsByVoiceResponse.ps1","unreviewed","Ungeprüft","false","elevated"
"find-teams-auto-attendants-without-operator","Find-TeamsAutoAttendantsWithoutOperator","# Find-TeamsAutoAttendantsWithoutOperator

**Prüfstatus: Ungeprüft**

Teams Auto Attendants Without Operator

<!-- library-status:start -->
    Prüfstatus: Ungeprüft
    Windows- und Tenant-Abnahme ausstehend; keine pauschale Produktionsfreigabe.

    <!-- library-status:end -->

    Identifiziert Teams Auto Attendants Without Operator in der Teams-Telefonie.

## Prüfung

Keine fachliche Freigabe aus der Katalogerstellung ableiten.

- static: aktueller erfolgreicher Nachweis fehlt
- pester: aktueller erfolgreicher Nachweis fehlt
- windows: aktueller erfolgreicher Nachweis fehlt
- tenant: aktueller erfolgreicher Nachweis fehlt

## Voraussetzungen

- Module: MicrosoftTeams
- Dokumentierte Graph-Scopes: Nicht angegeben; vor Tenant-Nutzung prüfen.
- Hilfsdateien: Keine lokale Hilfsdatei erkannt.

## Verwendung

Noch kein geprüftes Aufrufbeispiel dokumentiert. Parameter mit `Get-Help './16_Teams_Telephony/218_Find-TeamsAutoAttendantsWithoutOperator.ps1' -Full` lesen.

## Quelle

[PowerShell-Datei auf GitHub](https://github.com/Kaffeeundcode/Intune-Scripts/blob/main/16_Teams_Telephony/218_Find-TeamsAutoAttendantsWithoutOperator.ps1)

Prüfungen gelten nur für den dokumentierten Quellstand und Testumfang.
","16_Teams_Telephony","16_Teams_Telephony/218_Find-TeamsAutoAttendantsWithoutOperator.ps1","unreviewed","Ungeprüft","false","elevated"
"get-teams-auto-attendant-schedule-summary","Get-TeamsAutoAttendantScheduleSummary","# Get-TeamsAutoAttendantScheduleSummary

**Prüfstatus: Ungeprüft**

Teams Auto Attendant Schedule Summary

<!-- library-status:start -->
    Prüfstatus: Ungeprüft
    Windows- und Tenant-Abnahme ausstehend; keine pauschale Produktionsfreigabe.

    <!-- library-status:end -->

    Ruft Teams Auto Attendant Schedule Summary aus der Teams-Telefonie ab.

## Prüfung

Keine fachliche Freigabe aus der Katalogerstellung ableiten.

- static: aktueller erfolgreicher Nachweis fehlt
- pester: aktueller erfolgreicher Nachweis fehlt
- windows: aktueller erfolgreicher Nachweis fehlt
- tenant: aktueller erfolgreicher Nachweis fehlt

## Voraussetzungen

- Module: MicrosoftTeams
- Dokumentierte Graph-Scopes: Nicht angegeben; vor Tenant-Nutzung prüfen.
- Hilfsdateien: Keine lokale Hilfsdatei erkannt.

## Verwendung

Noch kein geprüftes Aufrufbeispiel dokumentiert. Parameter mit `Get-Help './16_Teams_Telephony/219_Get-TeamsAutoAttendantScheduleSummary.ps1' -Full` lesen.

## Quelle

[PowerShell-Datei auf GitHub](https://github.com/Kaffeeundcode/Intune-Scripts/blob/main/16_Teams_Telephony/219_Get-TeamsAutoAttendantScheduleSummary.ps1)

Prüfungen gelten nur für den dokumentierten Quellstand und Testumfang.
","16_Teams_Telephony","16_Teams_Telephony/219_Get-TeamsAutoAttendantScheduleSummary.ps1","unreviewed","Ungeprüft","false","elevated"
"get-teams-auto-attendant-holiday-summary","Get-TeamsAutoAttendantHolidaySummary","# Get-TeamsAutoAttendantHolidaySummary

**Prüfstatus: Ungeprüft**

Teams Auto Attendant Holiday Summary

<!-- library-status:start -->
    Prüfstatus: Ungeprüft
    Windows- und Tenant-Abnahme ausstehend; keine pauschale Produktionsfreigabe.

    <!-- library-status:end -->

    Ruft Teams Auto Attendant Holiday Summary aus der Teams-Telefonie ab.

## Prüfung

Keine fachliche Freigabe aus der Katalogerstellung ableiten.

- static: aktueller erfolgreicher Nachweis fehlt
- pester: aktueller erfolgreicher Nachweis fehlt
- windows: aktueller erfolgreicher Nachweis fehlt
- tenant: aktueller erfolgreicher Nachweis fehlt

## Voraussetzungen

- Module: MicrosoftTeams
- Dokumentierte Graph-Scopes: Nicht angegeben; vor Tenant-Nutzung prüfen.
- Hilfsdateien: Keine lokale Hilfsdatei erkannt.

## Verwendung

Noch kein geprüftes Aufrufbeispiel dokumentiert. Parameter mit `Get-Help './16_Teams_Telephony/220_Get-TeamsAutoAttendantHolidaySummary.ps1' -Full` lesen.

## Quelle

[PowerShell-Datei auf GitHub](https://github.com/Kaffeeundcode/Intune-Scripts/blob/main/16_Teams_Telephony/220_Get-TeamsAutoAttendantHolidaySummary.ps1)

Prüfungen gelten nur für den dokumentierten Quellstand und Testumfang.
","16_Teams_Telephony","16_Teams_Telephony/220_Get-TeamsAutoAttendantHolidaySummary.ps1","unreviewed","Ungeprüft","false","elevated"
"get-teams-auto-attendant-call-flow-summary","Get-TeamsAutoAttendantCallFlowSummary","# Get-TeamsAutoAttendantCallFlowSummary

**Prüfstatus: Ungeprüft**

Teams Auto Attendant Call Flow Summary

<!-- library-status:start -->
    Prüfstatus: Ungeprüft
    Windows- und Tenant-Abnahme ausstehend; keine pauschale Produktionsfreigabe.

    <!-- library-status:end -->

    Ruft Teams Auto Attendant Call Flow Summary aus der Teams-Telefonie ab.

## Prüfung

Keine fachliche Freigabe aus der Katalogerstellung ableiten.

- static: aktueller erfolgreicher Nachweis fehlt
- pester: aktueller erfolgreicher Nachweis fehlt
- windows: aktueller erfolgreicher Nachweis fehlt
- tenant: aktueller erfolgreicher Nachweis fehlt

## Voraussetzungen

- Module: MicrosoftTeams
- Dokumentierte Graph-Scopes: Nicht angegeben; vor Tenant-Nutzung prüfen.
- Hilfsdateien: Keine lokale Hilfsdatei erkannt.

## Verwendung

Noch kein geprüftes Aufrufbeispiel dokumentiert. Parameter mit `Get-Help './16_Teams_Telephony/221_Get-TeamsAutoAttendantCallFlowSummary.ps1' -Full` lesen.

## Quelle

[PowerShell-Datei auf GitHub](https://github.com/Kaffeeundcode/Intune-Scripts/blob/main/16_Teams_Telephony/221_Get-TeamsAutoAttendantCallFlowSummary.ps1)

Prüfungen gelten nur für den dokumentierten Quellstand und Testumfang.
","16_Teams_Telephony","16_Teams_Telephony/221_Get-TeamsAutoAttendantCallFlowSummary.ps1","unreviewed","Ungeprüft","false","elevated"
"compare-teams-auto-attendant-dial-scopes","Compare-TeamsAutoAttendantDialScopes","# Compare-TeamsAutoAttendantDialScopes

**Prüfstatus: Ungeprüft**

Teams Auto Attendant Dial Scopes

<!-- library-status:start -->
    Prüfstatus: Ungeprüft
    Windows- und Tenant-Abnahme ausstehend; keine pauschale Produktionsfreigabe.

    <!-- library-status:end -->

    Vergleicht Teams Auto Attendant Dial Scopes in der Teams-Telefonie.

## Prüfung

Keine fachliche Freigabe aus der Katalogerstellung ableiten.

- static: aktueller erfolgreicher Nachweis fehlt
- pester: aktueller erfolgreicher Nachweis fehlt
- windows: aktueller erfolgreicher Nachweis fehlt
- tenant: aktueller erfolgreicher Nachweis fehlt

## Voraussetzungen

- Module: MicrosoftTeams
- Dokumentierte Graph-Scopes: Nicht angegeben; vor Tenant-Nutzung prüfen.
- Hilfsdateien: Keine lokale Hilfsdatei erkannt.

## Verwendung

Noch kein geprüftes Aufrufbeispiel dokumentiert. Parameter mit `Get-Help './16_Teams_Telephony/222_Compare-TeamsAutoAttendantDialScopes.ps1' -Full` lesen.

## Quelle

[PowerShell-Datei auf GitHub](https://github.com/Kaffeeundcode/Intune-Scripts/blob/main/16_Teams_Telephony/222_Compare-TeamsAutoAttendantDialScopes.ps1)

Prüfungen gelten nur für den dokumentierten Quellstand und Testumfang.
","16_Teams_Telephony","16_Teams_Telephony/222_Compare-TeamsAutoAttendantDialScopes.ps1","unreviewed","Ungeprüft","false","elevated"
"test-teams-auto-attendant-naming-standard","Test-TeamsAutoAttendantNamingStandard","# Test-TeamsAutoAttendantNamingStandard

**Prüfstatus: Ungeprüft**

Teams Auto Attendant Naming Standard

<!-- library-status:start -->
    Prüfstatus: Ungeprüft
    Windows- und Tenant-Abnahme ausstehend; keine pauschale Produktionsfreigabe.

    <!-- library-status:end -->

    Prueft Teams Auto Attendant Naming Standard in der Teams-Telefonie.

## Prüfung

Keine fachliche Freigabe aus der Katalogerstellung ableiten.

- static: aktueller erfolgreicher Nachweis fehlt
- pester: aktueller erfolgreicher Nachweis fehlt
- windows: aktueller erfolgreicher Nachweis fehlt
- tenant: aktueller erfolgreicher Nachweis fehlt

## Voraussetzungen

- Module: MicrosoftTeams
- Dokumentierte Graph-Scopes: Nicht angegeben; vor Tenant-Nutzung prüfen.
- Hilfsdateien: Keine lokale Hilfsdatei erkannt.

## Verwendung

Noch kein geprüftes Aufrufbeispiel dokumentiert. Parameter mit `Get-Help './16_Teams_Telephony/223_Test-TeamsAutoAttendantNamingStandard.ps1' -Full` lesen.

## Quelle

[PowerShell-Datei auf GitHub](https://github.com/Kaffeeundcode/Intune-Scripts/blob/main/16_Teams_Telephony/223_Test-TeamsAutoAttendantNamingStandard.ps1)

Prüfungen gelten nur für den dokumentierten Quellstand und Testumfang.
","16_Teams_Telephony","16_Teams_Telephony/223_Test-TeamsAutoAttendantNamingStandard.ps1","unreviewed","Ungeprüft","false","elevated"
"measure-teams-auto-attendant-business-hours-coverage","Measure-TeamsAutoAttendantBusinessHoursCoverage","# Measure-TeamsAutoAttendantBusinessHoursCoverage

**Prüfstatus: Ungeprüft**

Teams Auto Attendant Business Hours Coverage

<!-- library-status:start -->
    Prüfstatus: Ungeprüft
    Windows- und Tenant-Abnahme ausstehend; keine pauschale Produktionsfreigabe.

    <!-- library-status:end -->

    Misst Teams Auto Attendant Business Hours Coverage in der Teams-Telefonie.

## Prüfung

Keine fachliche Freigabe aus der Katalogerstellung ableiten.

- static: aktueller erfolgreicher Nachweis fehlt
- pester: aktueller erfolgreicher Nachweis fehlt
- windows: aktueller erfolgreicher Nachweis fehlt
- tenant: aktueller erfolgreicher Nachweis fehlt

## Voraussetzungen

- Module: MicrosoftTeams
- Dokumentierte Graph-Scopes: Nicht angegeben; vor Tenant-Nutzung prüfen.
- Hilfsdateien: Keine lokale Hilfsdatei erkannt.

## Verwendung

Noch kein geprüftes Aufrufbeispiel dokumentiert. Parameter mit `Get-Help './16_Teams_Telephony/224_Measure-TeamsAutoAttendantBusinessHoursCoverage.ps1' -Full` lesen.

## Quelle

[PowerShell-Datei auf GitHub](https://github.com/Kaffeeundcode/Intune-Scripts/blob/main/16_Teams_Telephony/224_Measure-TeamsAutoAttendantBusinessHoursCoverage.ps1)

Prüfungen gelten nur für den dokumentierten Quellstand und Testumfang.
","16_Teams_Telephony","16_Teams_Telephony/224_Measure-TeamsAutoAttendantBusinessHoursCoverage.ps1","unreviewed","Ungeprüft","false","elevated"
"get-teams-auto-attendant-directory-search-modes","Get-TeamsAutoAttendantDirectorySearchModes","# Get-TeamsAutoAttendantDirectorySearchModes

**Prüfstatus: Ungeprüft**

Teams Auto Attendant Directory Search Modes

<!-- library-status:start -->
    Prüfstatus: Ungeprüft
    Windows- und Tenant-Abnahme ausstehend; keine pauschale Produktionsfreigabe.

    <!-- library-status:end -->

    Ruft Teams Auto Attendant Directory Search Modes aus der Teams-Telefonie ab.

## Prüfung

Keine fachliche Freigabe aus der Katalogerstellung ableiten.

- static: aktueller erfolgreicher Nachweis fehlt
- pester: aktueller erfolgreicher Nachweis fehlt
- windows: aktueller erfolgreicher Nachweis fehlt
- tenant: aktueller erfolgreicher Nachweis fehlt

## Voraussetzungen

- Module: MicrosoftTeams
- Dokumentierte Graph-Scopes: Nicht angegeben; vor Tenant-Nutzung prüfen.
- Hilfsdateien: Keine lokale Hilfsdatei erkannt.

## Verwendung

Noch kein geprüftes Aufrufbeispiel dokumentiert. Parameter mit `Get-Help './16_Teams_Telephony/225_Get-TeamsAutoAttendantDirectorySearchModes.ps1' -Full` lesen.

## Quelle

[PowerShell-Datei auf GitHub](https://github.com/Kaffeeundcode/Intune-Scripts/blob/main/16_Teams_Telephony/225_Get-TeamsAutoAttendantDirectorySearchModes.ps1)

Prüfungen gelten nur für den dokumentierten Quellstand und Testumfang.
","16_Teams_Telephony","16_Teams_Telephony/225_Get-TeamsAutoAttendantDirectorySearchModes.ps1","unreviewed","Ungeprüft","false","elevated"
"find-teams-auto-attendants-without-default-call-flow","Find-TeamsAutoAttendantsWithoutDefaultCallFlow","# Find-TeamsAutoAttendantsWithoutDefaultCallFlow

**Prüfstatus: Ungeprüft**

Teams Auto Attendants Without Default Call Flow

<!-- library-status:start -->
    Prüfstatus: Ungeprüft
    Windows- und Tenant-Abnahme ausstehend; keine pauschale Produktionsfreigabe.

    <!-- library-status:end -->

    Identifiziert Teams Auto Attendants Without Default Call Flow in der Teams-Telefonie.

## Prüfung

Keine fachliche Freigabe aus der Katalogerstellung ableiten.

- static: aktueller erfolgreicher Nachweis fehlt
- pester: aktueller erfolgreicher Nachweis fehlt
- windows: aktueller erfolgreicher Nachweis fehlt
- tenant: aktueller erfolgreicher Nachweis fehlt

## Voraussetzungen

- Module: MicrosoftTeams
- Dokumentierte Graph-Scopes: Nicht angegeben; vor Tenant-Nutzung prüfen.
- Hilfsdateien: Keine lokale Hilfsdatei erkannt.

## Verwendung

Noch kein geprüftes Aufrufbeispiel dokumentiert. Parameter mit `Get-Help './16_Teams_Telephony/226_Find-TeamsAutoAttendantsWithoutDefaultCallFlow.ps1' -Full` lesen.

## Quelle

[PowerShell-Datei auf GitHub](https://github.com/Kaffeeundcode/Intune-Scripts/blob/main/16_Teams_Telephony/226_Find-TeamsAutoAttendantsWithoutDefaultCallFlow.ps1)

Prüfungen gelten nur für den dokumentierten Quellstand und Testumfang.
","16_Teams_Telephony","16_Teams_Telephony/226_Find-TeamsAutoAttendantsWithoutDefaultCallFlow.ps1","unreviewed","Ungeprüft","false","elevated"
"get-teams-auto-attendant-operator-targets","Get-TeamsAutoAttendantOperatorTargets","# Get-TeamsAutoAttendantOperatorTargets

**Prüfstatus: Ungeprüft**

Teams Auto Attendant Operator Targets

<!-- library-status:start -->
    Prüfstatus: Ungeprüft
    Windows- und Tenant-Abnahme ausstehend; keine pauschale Produktionsfreigabe.

    <!-- library-status:end -->

    Ruft Teams Auto Attendant Operator Targets aus der Teams-Telefonie ab.

## Prüfung

Keine fachliche Freigabe aus der Katalogerstellung ableiten.

- static: aktueller erfolgreicher Nachweis fehlt
- pester: aktueller erfolgreicher Nachweis fehlt
- windows: aktueller erfolgreicher Nachweis fehlt
- tenant: aktueller erfolgreicher Nachweis fehlt

## Voraussetzungen

- Module: MicrosoftTeams
- Dokumentierte Graph-Scopes: Nicht angegeben; vor Tenant-Nutzung prüfen.
- Hilfsdateien: Keine lokale Hilfsdatei erkannt.

## Verwendung

Noch kein geprüftes Aufrufbeispiel dokumentiert. Parameter mit `Get-Help './16_Teams_Telephony/227_Get-TeamsAutoAttendantOperatorTargets.ps1' -Full` lesen.

## Quelle

[PowerShell-Datei auf GitHub](https://github.com/Kaffeeundcode/Intune-Scripts/blob/main/16_Teams_Telephony/227_Get-TeamsAutoAttendantOperatorTargets.ps1)

Prüfungen gelten nur für den dokumentierten Quellstand und Testumfang.
","16_Teams_Telephony","16_Teams_Telephony/227_Get-TeamsAutoAttendantOperatorTargets.ps1","unreviewed","Ungeprüft","false","elevated"
"export-teams-auto-attendant-resource-accounts","Export-TeamsAutoAttendantResourceAccounts","# Export-TeamsAutoAttendantResourceAccounts

**Prüfstatus: Ungeprüft**

Teams Auto Attendant Resource Accounts

<!-- library-status:start -->
    Prüfstatus: Ungeprüft
    Windows- und Tenant-Abnahme ausstehend; keine pauschale Produktionsfreigabe.

    <!-- library-status:end -->

    Exportiert Teams Auto Attendant Resource Accounts aus der Teams-Telefonie.

## Prüfung

Keine fachliche Freigabe aus der Katalogerstellung ableiten.

- static: aktueller erfolgreicher Nachweis fehlt
- pester: aktueller erfolgreicher Nachweis fehlt
- windows: aktueller erfolgreicher Nachweis fehlt
- tenant: aktueller erfolgreicher Nachweis fehlt

## Voraussetzungen

- Module: MicrosoftTeams
- Dokumentierte Graph-Scopes: Nicht angegeben; vor Tenant-Nutzung prüfen.
- Hilfsdateien: Keine lokale Hilfsdatei erkannt.

## Verwendung

Noch kein geprüftes Aufrufbeispiel dokumentiert. Parameter mit `Get-Help './16_Teams_Telephony/228_Export-TeamsAutoAttendantResourceAccounts.ps1' -Full` lesen.

## Quelle

[PowerShell-Datei auf GitHub](https://github.com/Kaffeeundcode/Intune-Scripts/blob/main/16_Teams_Telephony/228_Export-TeamsAutoAttendantResourceAccounts.ps1)

Prüfungen gelten nur für den dokumentierten Quellstand und Testumfang.
","16_Teams_Telephony","16_Teams_Telephony/228_Export-TeamsAutoAttendantResourceAccounts.ps1","unreviewed","Ungeprüft","false","elevated"
"backup-teams-auto-attendant-configuration","Backup-TeamsAutoAttendantConfiguration","# Backup-TeamsAutoAttendantConfiguration

**Prüfstatus: Ungeprüft**

Teams Auto Attendant Configuration

<!-- library-status:start -->
    Prüfstatus: Ungeprüft
    Windows- und Tenant-Abnahme ausstehend; keine pauschale Produktionsfreigabe.
    Hauptversion: 16_Teams_Telephony/213_Export-TeamsAutoAttendantInventory&#46;ps1
    <!-- library-status:end -->

    Sichert Teams Auto Attendant Configuration aus der Teams-Telefonie.

## Prüfung

Keine fachliche Freigabe aus der Katalogerstellung ableiten.

- static: aktueller erfolgreicher Nachweis fehlt
- pester: aktueller erfolgreicher Nachweis fehlt
- windows: aktueller erfolgreicher Nachweis fehlt
- tenant: aktueller erfolgreicher Nachweis fehlt

Gleiche Implementierung: [Hauptversion](https://github.com/Kaffeeundcode/Intune-Scripts/blob/main/16_Teams_Telephony/213_Export-TeamsAutoAttendantInventory.ps1).

## Voraussetzungen

- Module: MicrosoftTeams
- Dokumentierte Graph-Scopes: Nicht angegeben; vor Tenant-Nutzung prüfen.
- Hilfsdateien: Keine lokale Hilfsdatei erkannt.

## Verwendung

Noch kein geprüftes Aufrufbeispiel dokumentiert. Parameter mit `Get-Help './16_Teams_Telephony/229_Backup-TeamsAutoAttendantConfiguration.ps1' -Full` lesen.

## Quelle

[PowerShell-Datei auf GitHub](https://github.com/Kaffeeundcode/Intune-Scripts/blob/main/16_Teams_Telephony/229_Backup-TeamsAutoAttendantConfiguration.ps1)

Prüfungen gelten nur für den dokumentierten Quellstand und Testumfang.
","16_Teams_Telephony","16_Teams_Telephony/229_Backup-TeamsAutoAttendantConfiguration.ps1","unreviewed","Ungeprüft","false","elevated"
"get-teams-auto-attendant-callable-entities","Get-TeamsAutoAttendantCallableEntities","# Get-TeamsAutoAttendantCallableEntities

**Prüfstatus: Ungeprüft**

Teams Auto Attendant Callable Entities

<!-- library-status:start -->
    Prüfstatus: Ungeprüft
    Windows- und Tenant-Abnahme ausstehend; keine pauschale Produktionsfreigabe.

    <!-- library-status:end -->

    Ruft Teams Auto Attendant Callable Entities aus der Teams-Telefonie ab.

## Prüfung

Keine fachliche Freigabe aus der Katalogerstellung ableiten.

- static: aktueller erfolgreicher Nachweis fehlt
- pester: aktueller erfolgreicher Nachweis fehlt
- windows: aktueller erfolgreicher Nachweis fehlt
- tenant: aktueller erfolgreicher Nachweis fehlt

## Voraussetzungen

- Module: MicrosoftTeams
- Dokumentierte Graph-Scopes: Nicht angegeben; vor Tenant-Nutzung prüfen.
- Hilfsdateien: Keine lokale Hilfsdatei erkannt.

## Verwendung

Noch kein geprüftes Aufrufbeispiel dokumentiert. Parameter mit `Get-Help './16_Teams_Telephony/230_Get-TeamsAutoAttendantCallableEntities.ps1' -Full` lesen.

## Quelle

[PowerShell-Datei auf GitHub](https://github.com/Kaffeeundcode/Intune-Scripts/blob/main/16_Teams_Telephony/230_Get-TeamsAutoAttendantCallableEntities.ps1)

Prüfungen gelten nur für den dokumentierten Quellstand und Testumfang.
","16_Teams_Telephony","16_Teams_Telephony/230_Get-TeamsAutoAttendantCallableEntities.ps1","unreviewed","Ungeprüft","false","elevated"
"find-teams-auto-attendants-without-after-hours-call-flow","Find-TeamsAutoAttendantsWithoutAfterHoursCallFlow","# Find-TeamsAutoAttendantsWithoutAfterHoursCallFlow

**Prüfstatus: Ungeprüft**

Teams Auto Attendants Without After Hours Call Flow

<!-- library-status:start -->
    Prüfstatus: Ungeprüft
    Windows- und Tenant-Abnahme ausstehend; keine pauschale Produktionsfreigabe.

    <!-- library-status:end -->

    Identifiziert Teams Auto Attendants Without After Hours Call Flow in der Teams-Telefonie.

## Prüfung

Keine fachliche Freigabe aus der Katalogerstellung ableiten.

- static: aktueller erfolgreicher Nachweis fehlt
- pester: aktueller erfolgreicher Nachweis fehlt
- windows: aktueller erfolgreicher Nachweis fehlt
- tenant: aktueller erfolgreicher Nachweis fehlt

## Voraussetzungen

- Module: MicrosoftTeams
- Dokumentierte Graph-Scopes: Nicht angegeben; vor Tenant-Nutzung prüfen.
- Hilfsdateien: Keine lokale Hilfsdatei erkannt.

## Verwendung

Noch kein geprüftes Aufrufbeispiel dokumentiert. Parameter mit `Get-Help './16_Teams_Telephony/231_Find-TeamsAutoAttendantsWithoutAfterHoursCallFlow.ps1' -Full` lesen.

## Quelle

[PowerShell-Datei auf GitHub](https://github.com/Kaffeeundcode/Intune-Scripts/blob/main/16_Teams_Telephony/231_Find-TeamsAutoAttendantsWithoutAfterHoursCallFlow.ps1)

Prüfungen gelten nur für den dokumentierten Quellstand und Testumfang.
","16_Teams_Telephony","16_Teams_Telephony/231_Find-TeamsAutoAttendantsWithoutAfterHoursCallFlow.ps1","unreviewed","Ungeprüft","false","elevated"
"get-teams-auto-attendant-overview","Get-TeamsAutoAttendantOverview","# Get-TeamsAutoAttendantOverview

**Prüfstatus: Ungeprüft**

Teams Auto Attendant Overview

<!-- library-status:start -->
    Prüfstatus: Ungeprüft
    Windows- und Tenant-Abnahme ausstehend; keine pauschale Produktionsfreigabe.
    Hauptversion: 16_Teams_Telephony/212_Get-TeamsAutoAttendantInventory&#46;ps1
    <!-- library-status:end -->

    Ruft Teams Auto Attendant Overview aus der Teams-Telefonie ab.

## Prüfung

Keine fachliche Freigabe aus der Katalogerstellung ableiten.

- static: aktueller erfolgreicher Nachweis fehlt
- pester: aktueller erfolgreicher Nachweis fehlt
- windows: aktueller erfolgreicher Nachweis fehlt
- tenant: aktueller erfolgreicher Nachweis fehlt

Gleiche Implementierung: [Hauptversion](https://github.com/Kaffeeundcode/Intune-Scripts/blob/main/16_Teams_Telephony/212_Get-TeamsAutoAttendantInventory.ps1).

## Voraussetzungen

- Module: MicrosoftTeams
- Dokumentierte Graph-Scopes: Nicht angegeben; vor Tenant-Nutzung prüfen.
- Hilfsdateien: Keine lokale Hilfsdatei erkannt.

## Verwendung

Noch kein geprüftes Aufrufbeispiel dokumentiert. Parameter mit `Get-Help './16_Teams_Telephony/232_Get-TeamsAutoAttendantOverview.ps1' -Full` lesen.

## Quelle

[PowerShell-Datei auf GitHub](https://github.com/Kaffeeundcode/Intune-Scripts/blob/main/16_Teams_Telephony/232_Get-TeamsAutoAttendantOverview.ps1)

Prüfungen gelten nur für den dokumentierten Quellstand und Testumfang.
","16_Teams_Telephony","16_Teams_Telephony/232_Get-TeamsAutoAttendantOverview.ps1","unreviewed","Ungeprüft","false","elevated"
"get-teams-resource-account-inventory","Get-TeamsResourceAccountInventory","# Get-TeamsResourceAccountInventory

**Prüfstatus: Ungeprüft**

Teams Resource Account Inventory

<!-- library-status:start -->
    Prüfstatus: Ungeprüft
    Windows- und Tenant-Abnahme ausstehend; keine pauschale Produktionsfreigabe.

    <!-- library-status:end -->

    Ruft Teams Resource Account Inventory aus der Teams-Telefonie ab.

## Prüfung

Keine fachliche Freigabe aus der Katalogerstellung ableiten.

- static: aktueller erfolgreicher Nachweis fehlt
- pester: aktueller erfolgreicher Nachweis fehlt
- windows: aktueller erfolgreicher Nachweis fehlt
- tenant: aktueller erfolgreicher Nachweis fehlt

## Voraussetzungen

- Module: MicrosoftTeams
- Dokumentierte Graph-Scopes: Nicht angegeben; vor Tenant-Nutzung prüfen.
- Hilfsdateien: Keine lokale Hilfsdatei erkannt.

## Verwendung

Noch kein geprüftes Aufrufbeispiel dokumentiert. Parameter mit `Get-Help './16_Teams_Telephony/233_Get-TeamsResourceAccountInventory.ps1' -Full` lesen.

## Quelle

[PowerShell-Datei auf GitHub](https://github.com/Kaffeeundcode/Intune-Scripts/blob/main/16_Teams_Telephony/233_Get-TeamsResourceAccountInventory.ps1)

Prüfungen gelten nur für den dokumentierten Quellstand und Testumfang.
","16_Teams_Telephony","16_Teams_Telephony/233_Get-TeamsResourceAccountInventory.ps1","unreviewed","Ungeprüft","false","elevated"
"export-teams-resource-account-inventory","Export-TeamsResourceAccountInventory","# Export-TeamsResourceAccountInventory

**Prüfstatus: Ungeprüft**

Teams Resource Account Inventory

<!-- library-status:start -->
    Prüfstatus: Ungeprüft
    Windows- und Tenant-Abnahme ausstehend; keine pauschale Produktionsfreigabe.

    <!-- library-status:end -->

    Exportiert Teams Resource Account Inventory aus der Teams-Telefonie.

## Prüfung

Keine fachliche Freigabe aus der Katalogerstellung ableiten.

- static: aktueller erfolgreicher Nachweis fehlt
- pester: aktueller erfolgreicher Nachweis fehlt
- windows: aktueller erfolgreicher Nachweis fehlt
- tenant: aktueller erfolgreicher Nachweis fehlt

## Voraussetzungen

- Module: MicrosoftTeams
- Dokumentierte Graph-Scopes: Nicht angegeben; vor Tenant-Nutzung prüfen.
- Hilfsdateien: Keine lokale Hilfsdatei erkannt.

## Verwendung

Noch kein geprüftes Aufrufbeispiel dokumentiert. Parameter mit `Get-Help './16_Teams_Telephony/234_Export-TeamsResourceAccountInventory.ps1' -Full` lesen.

## Quelle

[PowerShell-Datei auf GitHub](https://github.com/Kaffeeundcode/Intune-Scripts/blob/main/16_Teams_Telephony/234_Export-TeamsResourceAccountInventory.ps1)

Prüfungen gelten nur für den dokumentierten Quellstand und Testumfang.
","16_Teams_Telephony","16_Teams_Telephony/234_Export-TeamsResourceAccountInventory.ps1","unreviewed","Ungeprüft","false","elevated"
"find-teams-resource-accounts-without-phone-number","Find-TeamsResourceAccountsWithoutPhoneNumber","# Find-TeamsResourceAccountsWithoutPhoneNumber

**Prüfstatus: Ungeprüft**

Teams Resource Accounts Without Phone Number

<!-- library-status:start -->
    Prüfstatus: Ungeprüft
    Windows- und Tenant-Abnahme ausstehend; keine pauschale Produktionsfreigabe.

    <!-- library-status:end -->

    Identifiziert Teams Resource Accounts Without Phone Number in der Teams-Telefonie.

## Prüfung

Keine fachliche Freigabe aus der Katalogerstellung ableiten.

- static: aktueller erfolgreicher Nachweis fehlt
- pester: aktueller erfolgreicher Nachweis fehlt
- windows: aktueller erfolgreicher Nachweis fehlt
- tenant: aktueller erfolgreicher Nachweis fehlt

## Voraussetzungen

- Module: MicrosoftTeams
- Dokumentierte Graph-Scopes: Nicht angegeben; vor Tenant-Nutzung prüfen.
- Hilfsdateien: Keine lokale Hilfsdatei erkannt.

## Verwendung

Noch kein geprüftes Aufrufbeispiel dokumentiert. Parameter mit `Get-Help './16_Teams_Telephony/235_Find-TeamsResourceAccountsWithoutPhoneNumber.ps1' -Full` lesen.

## Quelle

[PowerShell-Datei auf GitHub](https://github.com/Kaffeeundcode/Intune-Scripts/blob/main/16_Teams_Telephony/235_Find-TeamsResourceAccountsWithoutPhoneNumber.ps1)

Prüfungen gelten nur für den dokumentierten Quellstand und Testumfang.
","16_Teams_Telephony","16_Teams_Telephony/235_Find-TeamsResourceAccountsWithoutPhoneNumber.ps1","unreviewed","Ungeprüft","false","elevated"
"find-teams-resource-accounts-without-application-assignment","Find-TeamsResourceAccountsWithoutApplicationAssignment","# Find-TeamsResourceAccountsWithoutApplicationAssignment

**Prüfstatus: Ungeprüft**

Teams Resource Accounts Without Application Assignment

<!-- library-status:start -->
    Prüfstatus: Ungeprüft
    Windows- und Tenant-Abnahme ausstehend; keine pauschale Produktionsfreigabe.

    <!-- library-status:end -->

    Identifiziert Teams Resource Accounts Without Application Assignment in der Teams-Telefonie.

## Prüfung

Keine fachliche Freigabe aus der Katalogerstellung ableiten.

- static: aktueller erfolgreicher Nachweis fehlt
- pester: aktueller erfolgreicher Nachweis fehlt
- windows: aktueller erfolgreicher Nachweis fehlt
- tenant: aktueller erfolgreicher Nachweis fehlt

## Voraussetzungen

- Module: MicrosoftTeams
- Dokumentierte Graph-Scopes: Nicht angegeben; vor Tenant-Nutzung prüfen.
- Hilfsdateien: Keine lokale Hilfsdatei erkannt.

## Verwendung

Noch kein geprüftes Aufrufbeispiel dokumentiert. Parameter mit `Get-Help './16_Teams_Telephony/236_Find-TeamsResourceAccountsWithoutApplicationAssignment.ps1' -Full` lesen.

## Quelle

[PowerShell-Datei auf GitHub](https://github.com/Kaffeeundcode/Intune-Scripts/blob/main/16_Teams_Telephony/236_Find-TeamsResourceAccountsWithoutApplicationAssignment.ps1)

Prüfungen gelten nur für den dokumentierten Quellstand und Testumfang.
","16_Teams_Telephony","16_Teams_Telephony/236_Find-TeamsResourceAccountsWithoutApplicationAssignment.ps1","unreviewed","Ungeprüft","false","elevated"
"get-teams-resource-accounts-by-application-type","Get-TeamsResourceAccountsByApplicationType","# Get-TeamsResourceAccountsByApplicationType

**Prüfstatus: Ungeprüft**

Teams Resource Accounts By Application Type

<!-- library-status:start -->
    Prüfstatus: Ungeprüft
    Windows- und Tenant-Abnahme ausstehend; keine pauschale Produktionsfreigabe.

    <!-- library-status:end -->

    Ruft Teams Resource Accounts By Application Type aus der Teams-Telefonie ab.

## Prüfung

Keine fachliche Freigabe aus der Katalogerstellung ableiten.

- static: aktueller erfolgreicher Nachweis fehlt
- pester: aktueller erfolgreicher Nachweis fehlt
- windows: aktueller erfolgreicher Nachweis fehlt
- tenant: aktueller erfolgreicher Nachweis fehlt

## Voraussetzungen

- Module: MicrosoftTeams
- Dokumentierte Graph-Scopes: Nicht angegeben; vor Tenant-Nutzung prüfen.
- Hilfsdateien: Keine lokale Hilfsdatei erkannt.

## Verwendung

Noch kein geprüftes Aufrufbeispiel dokumentiert. Parameter mit `Get-Help './16_Teams_Telephony/237_Get-TeamsResourceAccountsByApplicationType.ps1' -Full` lesen.

## Quelle

[PowerShell-Datei auf GitHub](https://github.com/Kaffeeundcode/Intune-Scripts/blob/main/16_Teams_Telephony/237_Get-TeamsResourceAccountsByApplicationType.ps1)

Prüfungen gelten nur für den dokumentierten Quellstand und Testumfang.
","16_Teams_Telephony","16_Teams_Telephony/237_Get-TeamsResourceAccountsByApplicationType.ps1","unreviewed","Ungeprüft","false","elevated"
"get-teams-resource-accounts-by-usage-location","Get-TeamsResourceAccountsByUsageLocation","# Get-TeamsResourceAccountsByUsageLocation

**Prüfstatus: Ungeprüft**

Teams Resource Accounts By Usage Location

<!-- library-status:start -->
    Prüfstatus: Ungeprüft
    Windows- und Tenant-Abnahme ausstehend; keine pauschale Produktionsfreigabe.

    <!-- library-status:end -->

    Ruft Teams Resource Accounts By Usage Location aus der Teams-Telefonie ab.

## Prüfung

Keine fachliche Freigabe aus der Katalogerstellung ableiten.

- static: aktueller erfolgreicher Nachweis fehlt
- pester: aktueller erfolgreicher Nachweis fehlt
- windows: aktueller erfolgreicher Nachweis fehlt
- tenant: aktueller erfolgreicher Nachweis fehlt

## Voraussetzungen

- Module: MicrosoftTeams
- Dokumentierte Graph-Scopes: Nicht angegeben; vor Tenant-Nutzung prüfen.
- Hilfsdateien: Keine lokale Hilfsdatei erkannt.

## Verwendung

Noch kein geprüftes Aufrufbeispiel dokumentiert. Parameter mit `Get-Help './16_Teams_Telephony/238_Get-TeamsResourceAccountsByUsageLocation.ps1' -Full` lesen.

## Quelle

[PowerShell-Datei auf GitHub](https://github.com/Kaffeeundcode/Intune-Scripts/blob/main/16_Teams_Telephony/238_Get-TeamsResourceAccountsByUsageLocation.ps1)

Prüfungen gelten nur für den dokumentierten Quellstand und Testumfang.
","16_Teams_Telephony","16_Teams_Telephony/238_Get-TeamsResourceAccountsByUsageLocation.ps1","unreviewed","Ungeprüft","false","elevated"
"find-teams-resource-accounts-without-display-name","Find-TeamsResourceAccountsWithoutDisplayName","# Find-TeamsResourceAccountsWithoutDisplayName

**Prüfstatus: Ungeprüft**

Teams Resource Accounts Without Display Name

<!-- library-status:start -->
    Prüfstatus: Ungeprüft
    Windows- und Tenant-Abnahme ausstehend; keine pauschale Produktionsfreigabe.

    <!-- library-status:end -->

    Identifiziert Teams Resource Accounts Without Display Name in der Teams-Telefonie.

## Prüfung

Keine fachliche Freigabe aus der Katalogerstellung ableiten.

- static: aktueller erfolgreicher Nachweis fehlt
- pester: aktueller erfolgreicher Nachweis fehlt
- windows: aktueller erfolgreicher Nachweis fehlt
- tenant: aktueller erfolgreicher Nachweis fehlt

## Voraussetzungen

- Module: MicrosoftTeams
- Dokumentierte Graph-Scopes: Nicht angegeben; vor Tenant-Nutzung prüfen.
- Hilfsdateien: Keine lokale Hilfsdatei erkannt.

## Verwendung

Noch kein geprüftes Aufrufbeispiel dokumentiert. Parameter mit `Get-Help './16_Teams_Telephony/239_Find-TeamsResourceAccountsWithoutDisplayName.ps1' -Full` lesen.

## Quelle

[PowerShell-Datei auf GitHub](https://github.com/Kaffeeundcode/Intune-Scripts/blob/main/16_Teams_Telephony/239_Find-TeamsResourceAccountsWithoutDisplayName.ps1)

Prüfungen gelten nur für den dokumentierten Quellstand und Testumfang.
","16_Teams_Telephony","16_Teams_Telephony/239_Find-TeamsResourceAccountsWithoutDisplayName.ps1","unreviewed","Ungeprüft","false","elevated"
"find-teams-resource-accounts-without-upnsuffix-match","Find-TeamsResourceAccountsWithoutUPNSuffixMatch","# Find-TeamsResourceAccountsWithoutUPNSuffixMatch

**Prüfstatus: Ungeprüft**

Teams Resource Accounts Without UPNSuffix Match

<!-- library-status:start -->
    Prüfstatus: Ungeprüft
    Windows- und Tenant-Abnahme ausstehend; keine pauschale Produktionsfreigabe.

    <!-- library-status:end -->

    Identifiziert Teams Resource Accounts Without UPNSuffix Match in der Teams-Telefonie.

## Prüfung

Keine fachliche Freigabe aus der Katalogerstellung ableiten.

- static: aktueller erfolgreicher Nachweis fehlt
- pester: aktueller erfolgreicher Nachweis fehlt
- windows: aktueller erfolgreicher Nachweis fehlt
- tenant: aktueller erfolgreicher Nachweis fehlt

## Voraussetzungen

- Module: MicrosoftTeams
- Dokumentierte Graph-Scopes: Nicht angegeben; vor Tenant-Nutzung prüfen.
- Hilfsdateien: Keine lokale Hilfsdatei erkannt.

## Verwendung

Noch kein geprüftes Aufrufbeispiel dokumentiert. Parameter mit `Get-Help './16_Teams_Telephony/240_Find-TeamsResourceAccountsWithoutUPNSuffixMatch.ps1' -Full` lesen.

## Quelle

[PowerShell-Datei auf GitHub](https://github.com/Kaffeeundcode/Intune-Scripts/blob/main/16_Teams_Telephony/240_Find-TeamsResourceAccountsWithoutUPNSuffixMatch.ps1)

Prüfungen gelten nur für den dokumentierten Quellstand und Testumfang.
","16_Teams_Telephony","16_Teams_Telephony/240_Find-TeamsResourceAccountsWithoutUPNSuffixMatch.ps1","unreviewed","Ungeprüft","false","elevated"
"test-teams-resource-account-naming-standard","Test-TeamsResourceAccountNamingStandard","# Test-TeamsResourceAccountNamingStandard

**Prüfstatus: Ungeprüft**

Teams Resource Account Naming Standard

<!-- library-status:start -->
    Prüfstatus: Ungeprüft
    Windows- und Tenant-Abnahme ausstehend; keine pauschale Produktionsfreigabe.

    <!-- library-status:end -->

    Prueft Teams Resource Account Naming Standard in der Teams-Telefonie.

## Prüfung

Keine fachliche Freigabe aus der Katalogerstellung ableiten.

- static: aktueller erfolgreicher Nachweis fehlt
- pester: aktueller erfolgreicher Nachweis fehlt
- windows: aktueller erfolgreicher Nachweis fehlt
- tenant: aktueller erfolgreicher Nachweis fehlt

## Voraussetzungen

- Module: MicrosoftTeams
- Dokumentierte Graph-Scopes: Nicht angegeben; vor Tenant-Nutzung prüfen.
- Hilfsdateien: Keine lokale Hilfsdatei erkannt.

## Verwendung

Noch kein geprüftes Aufrufbeispiel dokumentiert. Parameter mit `Get-Help './16_Teams_Telephony/241_Test-TeamsResourceAccountNamingStandard.ps1' -Full` lesen.

## Quelle

[PowerShell-Datei auf GitHub](https://github.com/Kaffeeundcode/Intune-Scripts/blob/main/16_Teams_Telephony/241_Test-TeamsResourceAccountNamingStandard.ps1)

Prüfungen gelten nur für den dokumentierten Quellstand und Testumfang.
","16_Teams_Telephony","16_Teams_Telephony/241_Test-TeamsResourceAccountNamingStandard.ps1","unreviewed","Ungeprüft","false","elevated"
"get-teams-resource-accounts-with-phone-numbers","Get-TeamsResourceAccountsWithPhoneNumbers","# Get-TeamsResourceAccountsWithPhoneNumbers

**Prüfstatus: Ungeprüft**

Teams Resource Accounts With Phone Numbers

<!-- library-status:start -->
    Prüfstatus: Ungeprüft
    Windows- und Tenant-Abnahme ausstehend; keine pauschale Produktionsfreigabe.

    <!-- library-status:end -->

    Ruft Teams Resource Accounts With Phone Numbers aus der Teams-Telefonie ab.

## Prüfung

Keine fachliche Freigabe aus der Katalogerstellung ableiten.

- static: aktueller erfolgreicher Nachweis fehlt
- pester: aktueller erfolgreicher Nachweis fehlt
- windows: aktueller erfolgreicher Nachweis fehlt
- tenant: aktueller erfolgreicher Nachweis fehlt

## Voraussetzungen

- Module: MicrosoftTeams
- Dokumentierte Graph-Scopes: Nicht angegeben; vor Tenant-Nutzung prüfen.
- Hilfsdateien: Keine lokale Hilfsdatei erkannt.

## Verwendung

Noch kein geprüftes Aufrufbeispiel dokumentiert. Parameter mit `Get-Help './16_Teams_Telephony/242_Get-TeamsResourceAccountsWithPhoneNumbers.ps1' -Full` lesen.

## Quelle

[PowerShell-Datei auf GitHub](https://github.com/Kaffeeundcode/Intune-Scripts/blob/main/16_Teams_Telephony/242_Get-TeamsResourceAccountsWithPhoneNumbers.ps1)

Prüfungen gelten nur für den dokumentierten Quellstand und Testumfang.
","16_Teams_Telephony","16_Teams_Telephony/242_Get-TeamsResourceAccountsWithPhoneNumbers.ps1","unreviewed","Ungeprüft","false","elevated"
"measure-teams-resource-account-phone-coverage","Measure-TeamsResourceAccountPhoneCoverage","# Measure-TeamsResourceAccountPhoneCoverage

**Prüfstatus: Ungeprüft**

Teams Resource Account Phone Coverage

<!-- library-status:start -->
    Prüfstatus: Ungeprüft
    Windows- und Tenant-Abnahme ausstehend; keine pauschale Produktionsfreigabe.

    <!-- library-status:end -->

    Misst Teams Resource Account Phone Coverage in der Teams-Telefonie.

## Prüfung

Keine fachliche Freigabe aus der Katalogerstellung ableiten.

- static: aktueller erfolgreicher Nachweis fehlt
- pester: aktueller erfolgreicher Nachweis fehlt
- windows: aktueller erfolgreicher Nachweis fehlt
- tenant: aktueller erfolgreicher Nachweis fehlt

## Voraussetzungen

- Module: MicrosoftTeams
- Dokumentierte Graph-Scopes: Nicht angegeben; vor Tenant-Nutzung prüfen.
- Hilfsdateien: Keine lokale Hilfsdatei erkannt.

## Verwendung

Noch kein geprüftes Aufrufbeispiel dokumentiert. Parameter mit `Get-Help './16_Teams_Telephony/243_Measure-TeamsResourceAccountPhoneCoverage.ps1' -Full` lesen.

## Quelle

[PowerShell-Datei auf GitHub](https://github.com/Kaffeeundcode/Intune-Scripts/blob/main/16_Teams_Telephony/243_Measure-TeamsResourceAccountPhoneCoverage.ps1)

Prüfungen gelten nur für den dokumentierten Quellstand und Testumfang.
","16_Teams_Telephony","16_Teams_Telephony/243_Measure-TeamsResourceAccountPhoneCoverage.ps1","unreviewed","Ungeprüft","false","elevated"
"get-teams-resource-accounts-by-domain","Get-TeamsResourceAccountsByDomain","# Get-TeamsResourceAccountsByDomain

**Prüfstatus: Ungeprüft**

Teams Resource Accounts By Domain

<!-- library-status:start -->
    Prüfstatus: Ungeprüft
    Windows- und Tenant-Abnahme ausstehend; keine pauschale Produktionsfreigabe.

    <!-- library-status:end -->

    Ruft Teams Resource Accounts By Domain aus der Teams-Telefonie ab.

## Prüfung

Keine fachliche Freigabe aus der Katalogerstellung ableiten.

- static: aktueller erfolgreicher Nachweis fehlt
- pester: aktueller erfolgreicher Nachweis fehlt
- windows: aktueller erfolgreicher Nachweis fehlt
- tenant: aktueller erfolgreicher Nachweis fehlt

## Voraussetzungen

- Module: MicrosoftTeams
- Dokumentierte Graph-Scopes: Nicht angegeben; vor Tenant-Nutzung prüfen.
- Hilfsdateien: Keine lokale Hilfsdatei erkannt.

## Verwendung

Noch kein geprüftes Aufrufbeispiel dokumentiert. Parameter mit `Get-Help './16_Teams_Telephony/244_Get-TeamsResourceAccountsByDomain.ps1' -Full` lesen.

## Quelle

[PowerShell-Datei auf GitHub](https://github.com/Kaffeeundcode/Intune-Scripts/blob/main/16_Teams_Telephony/244_Get-TeamsResourceAccountsByDomain.ps1)

Prüfungen gelten nur für den dokumentierten Quellstand und Testumfang.
","16_Teams_Telephony","16_Teams_Telephony/244_Get-TeamsResourceAccountsByDomain.ps1","unreviewed","Ungeprüft","false","elevated"
"get-teams-resource-accounts-by-phone-number-prefix","Get-TeamsResourceAccountsByPhoneNumberPrefix","# Get-TeamsResourceAccountsByPhoneNumberPrefix

**Prüfstatus: Ungeprüft**

Teams Resource Accounts By Phone Number Prefix

<!-- library-status:start -->
    Prüfstatus: Ungeprüft
    Windows- und Tenant-Abnahme ausstehend; keine pauschale Produktionsfreigabe.

    <!-- library-status:end -->

    Ruft Teams Resource Accounts By Phone Number Prefix aus der Teams-Telefonie ab.

## Prüfung

Keine fachliche Freigabe aus der Katalogerstellung ableiten.

- static: aktueller erfolgreicher Nachweis fehlt
- pester: aktueller erfolgreicher Nachweis fehlt
- windows: aktueller erfolgreicher Nachweis fehlt
- tenant: aktueller erfolgreicher Nachweis fehlt

## Voraussetzungen

- Module: MicrosoftTeams
- Dokumentierte Graph-Scopes: Nicht angegeben; vor Tenant-Nutzung prüfen.
- Hilfsdateien: Keine lokale Hilfsdatei erkannt.

## Verwendung

Noch kein geprüftes Aufrufbeispiel dokumentiert. Parameter mit `Get-Help './16_Teams_Telephony/245_Get-TeamsResourceAccountsByPhoneNumberPrefix.ps1' -Full` lesen.

## Quelle

[PowerShell-Datei auf GitHub](https://github.com/Kaffeeundcode/Intune-Scripts/blob/main/16_Teams_Telephony/245_Get-TeamsResourceAccountsByPhoneNumberPrefix.ps1)

Prüfungen gelten nur für den dokumentierten Quellstand und Testumfang.
","16_Teams_Telephony","16_Teams_Telephony/245_Get-TeamsResourceAccountsByPhoneNumberPrefix.ps1","unreviewed","Ungeprüft","false","elevated"
"find-teams-resource-accounts-without-usage-location","Find-TeamsResourceAccountsWithoutUsageLocation","# Find-TeamsResourceAccountsWithoutUsageLocation

**Prüfstatus: Ungeprüft**

Teams Resource Accounts Without Usage Location

<!-- library-status:start -->
    Prüfstatus: Ungeprüft
    Windows- und Tenant-Abnahme ausstehend; keine pauschale Produktionsfreigabe.

    <!-- library-status:end -->

    Identifiziert Teams Resource Accounts Without Usage Location in der Teams-Telefonie.

## Prüfung

Keine fachliche Freigabe aus der Katalogerstellung ableiten.

- static: aktueller erfolgreicher Nachweis fehlt
- pester: aktueller erfolgreicher Nachweis fehlt
- windows: aktueller erfolgreicher Nachweis fehlt
- tenant: aktueller erfolgreicher Nachweis fehlt

## Voraussetzungen

- Module: MicrosoftTeams
- Dokumentierte Graph-Scopes: Nicht angegeben; vor Tenant-Nutzung prüfen.
- Hilfsdateien: Keine lokale Hilfsdatei erkannt.

## Verwendung

Noch kein geprüftes Aufrufbeispiel dokumentiert. Parameter mit `Get-Help './16_Teams_Telephony/246_Find-TeamsResourceAccountsWithoutUsageLocation.ps1' -Full` lesen.

## Quelle

[PowerShell-Datei auf GitHub](https://github.com/Kaffeeundcode/Intune-Scripts/blob/main/16_Teams_Telephony/246_Find-TeamsResourceAccountsWithoutUsageLocation.ps1)

Prüfungen gelten nur für den dokumentierten Quellstand und Testumfang.
","16_Teams_Telephony","16_Teams_Telephony/246_Find-TeamsResourceAccountsWithoutUsageLocation.ps1","unreviewed","Ungeprüft","false","elevated"
"find-teams-resource-accounts-with-duplicate-display-name","Find-TeamsResourceAccountsWithDuplicateDisplayName","# Find-TeamsResourceAccountsWithDuplicateDisplayName

**Prüfstatus: Ungeprüft**

Teams Resource Accounts With Duplicate Display Name

<!-- library-status:start -->
    Prüfstatus: Ungeprüft
    Windows- und Tenant-Abnahme ausstehend; keine pauschale Produktionsfreigabe.

    <!-- library-status:end -->

    Identifiziert Teams Resource Accounts With Duplicate Display Name in der Teams-Telefonie.

## Prüfung

Keine fachliche Freigabe aus der Katalogerstellung ableiten.

- static: aktueller erfolgreicher Nachweis fehlt
- pester: aktueller erfolgreicher Nachweis fehlt
- windows: aktueller erfolgreicher Nachweis fehlt
- tenant: aktueller erfolgreicher Nachweis fehlt

## Voraussetzungen

- Module: MicrosoftTeams
- Dokumentierte Graph-Scopes: Nicht angegeben; vor Tenant-Nutzung prüfen.
- Hilfsdateien: Keine lokale Hilfsdatei erkannt.

## Verwendung

Noch kein geprüftes Aufrufbeispiel dokumentiert. Parameter mit `Get-Help './16_Teams_Telephony/247_Find-TeamsResourceAccountsWithDuplicateDisplayName.ps1' -Full` lesen.

## Quelle

[PowerShell-Datei auf GitHub](https://github.com/Kaffeeundcode/Intune-Scripts/blob/main/16_Teams_Telephony/247_Find-TeamsResourceAccountsWithDuplicateDisplayName.ps1)

Prüfungen gelten nur für den dokumentierten Quellstand und Testumfang.
","16_Teams_Telephony","16_Teams_Telephony/247_Find-TeamsResourceAccountsWithDuplicateDisplayName.ps1","unreviewed","Ungeprüft","false","elevated"
"find-teams-resource-accounts-with-duplicate-phone-number","Find-TeamsResourceAccountsWithDuplicatePhoneNumber","# Find-TeamsResourceAccountsWithDuplicatePhoneNumber

**Prüfstatus: Ungeprüft**

Teams Resource Accounts With Duplicate Phone Number

<!-- library-status:start -->
    Prüfstatus: Ungeprüft
    Windows- und Tenant-Abnahme ausstehend; keine pauschale Produktionsfreigabe.

    <!-- library-status:end -->

    Identifiziert Teams Resource Accounts With Duplicate Phone Number in der Teams-Telefonie.

## Prüfung

Keine fachliche Freigabe aus der Katalogerstellung ableiten.

- static: aktueller erfolgreicher Nachweis fehlt
- pester: aktueller erfolgreicher Nachweis fehlt
- windows: aktueller erfolgreicher Nachweis fehlt
- tenant: aktueller erfolgreicher Nachweis fehlt

## Voraussetzungen

- Module: MicrosoftTeams
- Dokumentierte Graph-Scopes: Nicht angegeben; vor Tenant-Nutzung prüfen.
- Hilfsdateien: Keine lokale Hilfsdatei erkannt.

## Verwendung

Noch kein geprüftes Aufrufbeispiel dokumentiert. Parameter mit `Get-Help './16_Teams_Telephony/248_Find-TeamsResourceAccountsWithDuplicatePhoneNumber.ps1' -Full` lesen.

## Quelle

[PowerShell-Datei auf GitHub](https://github.com/Kaffeeundcode/Intune-Scripts/blob/main/16_Teams_Telephony/248_Find-TeamsResourceAccountsWithDuplicatePhoneNumber.ps1)

Prüfungen gelten nur für den dokumentierten Quellstand und Testumfang.
","16_Teams_Telephony","16_Teams_Telephony/248_Find-TeamsResourceAccountsWithDuplicatePhoneNumber.ps1","unreviewed","Ungeprüft","false","elevated"
"export-teams-resource-account-phone-numbers","Export-TeamsResourceAccountPhoneNumbers","# Export-TeamsResourceAccountPhoneNumbers

**Prüfstatus: Ungeprüft**

Teams Resource Account Phone Numbers

<!-- library-status:start -->
    Prüfstatus: Ungeprüft
    Windows- und Tenant-Abnahme ausstehend; keine pauschale Produktionsfreigabe.

    <!-- library-status:end -->

    Exportiert Teams Resource Account Phone Numbers aus der Teams-Telefonie.

## Prüfung

Keine fachliche Freigabe aus der Katalogerstellung ableiten.

- static: aktueller erfolgreicher Nachweis fehlt
- pester: aktueller erfolgreicher Nachweis fehlt
- windows: aktueller erfolgreicher Nachweis fehlt
- tenant: aktueller erfolgreicher Nachweis fehlt

## Voraussetzungen

- Module: MicrosoftTeams
- Dokumentierte Graph-Scopes: Nicht angegeben; vor Tenant-Nutzung prüfen.
- Hilfsdateien: Keine lokale Hilfsdatei erkannt.

## Verwendung

Noch kein geprüftes Aufrufbeispiel dokumentiert. Parameter mit `Get-Help './16_Teams_Telephony/249_Export-TeamsResourceAccountPhoneNumbers.ps1' -Full` lesen.

## Quelle

[PowerShell-Datei auf GitHub](https://github.com/Kaffeeundcode/Intune-Scripts/blob/main/16_Teams_Telephony/249_Export-TeamsResourceAccountPhoneNumbers.ps1)

Prüfungen gelten nur für den dokumentierten Quellstand und Testumfang.
","16_Teams_Telephony","16_Teams_Telephony/249_Export-TeamsResourceAccountPhoneNumbers.ps1","unreviewed","Ungeprüft","false","elevated"
"backup-teams-resource-accounts","Backup-TeamsResourceAccounts","# Backup-TeamsResourceAccounts

**Prüfstatus: Ungeprüft**

Teams Resource Accounts

<!-- library-status:start -->
    Prüfstatus: Ungeprüft
    Windows- und Tenant-Abnahme ausstehend; keine pauschale Produktionsfreigabe.
    Hauptversion: 16_Teams_Telephony/234_Export-TeamsResourceAccountInventory&#46;ps1
    <!-- library-status:end -->

    Sichert Teams Resource Accounts aus der Teams-Telefonie.

## Prüfung

Keine fachliche Freigabe aus der Katalogerstellung ableiten.

- static: aktueller erfolgreicher Nachweis fehlt
- pester: aktueller erfolgreicher Nachweis fehlt
- windows: aktueller erfolgreicher Nachweis fehlt
- tenant: aktueller erfolgreicher Nachweis fehlt

Gleiche Implementierung: [Hauptversion](https://github.com/Kaffeeundcode/Intune-Scripts/blob/main/16_Teams_Telephony/234_Export-TeamsResourceAccountInventory.ps1).

## Voraussetzungen

- Module: MicrosoftTeams
- Dokumentierte Graph-Scopes: Nicht angegeben; vor Tenant-Nutzung prüfen.
- Hilfsdateien: Keine lokale Hilfsdatei erkannt.

## Verwendung

Noch kein geprüftes Aufrufbeispiel dokumentiert. Parameter mit `Get-Help './16_Teams_Telephony/250_Backup-TeamsResourceAccounts.ps1' -Full` lesen.

## Quelle

[PowerShell-Datei auf GitHub](https://github.com/Kaffeeundcode/Intune-Scripts/blob/main/16_Teams_Telephony/250_Backup-TeamsResourceAccounts.ps1)

Prüfungen gelten nur für den dokumentierten Quellstand und Testumfang.
","16_Teams_Telephony","16_Teams_Telephony/250_Backup-TeamsResourceAccounts.ps1","unreviewed","Ungeprüft","false","elevated"
"get-teams-resource-account-overview","Get-TeamsResourceAccountOverview","# Get-TeamsResourceAccountOverview

**Prüfstatus: Ungeprüft**

Teams Resource Account Overview

<!-- library-status:start -->
    Prüfstatus: Ungeprüft
    Windows- und Tenant-Abnahme ausstehend; keine pauschale Produktionsfreigabe.
    Hauptversion: 16_Teams_Telephony/233_Get-TeamsResourceAccountInventory&#46;ps1
    <!-- library-status:end -->

    Ruft Teams Resource Account Overview aus der Teams-Telefonie ab.

## Prüfung

Keine fachliche Freigabe aus der Katalogerstellung ableiten.

- static: aktueller erfolgreicher Nachweis fehlt
- pester: aktueller erfolgreicher Nachweis fehlt
- windows: aktueller erfolgreicher Nachweis fehlt
- tenant: aktueller erfolgreicher Nachweis fehlt

Gleiche Implementierung: [Hauptversion](https://github.com/Kaffeeundcode/Intune-Scripts/blob/main/16_Teams_Telephony/233_Get-TeamsResourceAccountInventory.ps1).

## Voraussetzungen

- Module: MicrosoftTeams
- Dokumentierte Graph-Scopes: Nicht angegeben; vor Tenant-Nutzung prüfen.
- Hilfsdateien: Keine lokale Hilfsdatei erkannt.

## Verwendung

Noch kein geprüftes Aufrufbeispiel dokumentiert. Parameter mit `Get-Help './16_Teams_Telephony/251_Get-TeamsResourceAccountOverview.ps1' -Full` lesen.

## Quelle

[PowerShell-Datei auf GitHub](https://github.com/Kaffeeundcode/Intune-Scripts/blob/main/16_Teams_Telephony/251_Get-TeamsResourceAccountOverview.ps1)

Prüfungen gelten nur für den dokumentierten Quellstand und Testumfang.
","16_Teams_Telephony","16_Teams_Telephony/251_Get-TeamsResourceAccountOverview.ps1","unreviewed","Ungeprüft","false","elevated"
"get-teams-pstn-gateway-inventory","Get-TeamsPstnGatewayInventory","# Get-TeamsPstnGatewayInventory

**Prüfstatus: Ungeprüft**

Teams Pstn Gateway Inventory

<!-- library-status:start -->
    Prüfstatus: Ungeprüft
    Windows- und Tenant-Abnahme ausstehend; keine pauschale Produktionsfreigabe.

    <!-- library-status:end -->

    Ruft Teams Pstn Gateway Inventory aus der Teams-Telefonie ab.

## Prüfung

Keine fachliche Freigabe aus der Katalogerstellung ableiten.

- static: aktueller erfolgreicher Nachweis fehlt
- pester: aktueller erfolgreicher Nachweis fehlt
- windows: aktueller erfolgreicher Nachweis fehlt
- tenant: aktueller erfolgreicher Nachweis fehlt

## Voraussetzungen

- Module: MicrosoftTeams
- Dokumentierte Graph-Scopes: Nicht angegeben; vor Tenant-Nutzung prüfen.
- Hilfsdateien: Keine lokale Hilfsdatei erkannt.

## Verwendung

Noch kein geprüftes Aufrufbeispiel dokumentiert. Parameter mit `Get-Help './16_Teams_Telephony/252_Get-TeamsPstnGatewayInventory.ps1' -Full` lesen.

## Quelle

[PowerShell-Datei auf GitHub](https://github.com/Kaffeeundcode/Intune-Scripts/blob/main/16_Teams_Telephony/252_Get-TeamsPstnGatewayInventory.ps1)

Prüfungen gelten nur für den dokumentierten Quellstand und Testumfang.
","16_Teams_Telephony","16_Teams_Telephony/252_Get-TeamsPstnGatewayInventory.ps1","unreviewed","Ungeprüft","false","elevated"
"export-teams-pstn-gateway-inventory","Export-TeamsPstnGatewayInventory","# Export-TeamsPstnGatewayInventory

**Prüfstatus: Ungeprüft**

Teams Pstn Gateway Inventory

<!-- library-status:start -->
    Prüfstatus: Ungeprüft
    Windows- und Tenant-Abnahme ausstehend; keine pauschale Produktionsfreigabe.

    <!-- library-status:end -->

    Exportiert Teams Pstn Gateway Inventory aus der Teams-Telefonie.

## Prüfung

Keine fachliche Freigabe aus der Katalogerstellung ableiten.

- static: aktueller erfolgreicher Nachweis fehlt
- pester: aktueller erfolgreicher Nachweis fehlt
- windows: aktueller erfolgreicher Nachweis fehlt
- tenant: aktueller erfolgreicher Nachweis fehlt

## Voraussetzungen

- Module: MicrosoftTeams
- Dokumentierte Graph-Scopes: Nicht angegeben; vor Tenant-Nutzung prüfen.
- Hilfsdateien: Keine lokale Hilfsdatei erkannt.

## Verwendung

Noch kein geprüftes Aufrufbeispiel dokumentiert. Parameter mit `Get-Help './16_Teams_Telephony/253_Export-TeamsPstnGatewayInventory.ps1' -Full` lesen.

## Quelle

[PowerShell-Datei auf GitHub](https://github.com/Kaffeeundcode/Intune-Scripts/blob/main/16_Teams_Telephony/253_Export-TeamsPstnGatewayInventory.ps1)

Prüfungen gelten nur für den dokumentierten Quellstand und Testumfang.
","16_Teams_Telephony","16_Teams_Telephony/253_Export-TeamsPstnGatewayInventory.ps1","unreviewed","Ungeprüft","false","elevated"
"find-teams-disabled-pstn-gateways","Find-TeamsDisabledPstnGateways","# Find-TeamsDisabledPstnGateways

**Prüfstatus: Ungeprüft**

Teams Disabled Pstn Gateways

<!-- library-status:start -->
    Prüfstatus: Ungeprüft
    Windows- und Tenant-Abnahme ausstehend; keine pauschale Produktionsfreigabe.

    <!-- library-status:end -->

    Identifiziert Teams Disabled Pstn Gateways in der Teams-Telefonie.

## Prüfung

Keine fachliche Freigabe aus der Katalogerstellung ableiten.

- static: aktueller erfolgreicher Nachweis fehlt
- pester: aktueller erfolgreicher Nachweis fehlt
- windows: aktueller erfolgreicher Nachweis fehlt
- tenant: aktueller erfolgreicher Nachweis fehlt

## Voraussetzungen

- Module: MicrosoftTeams
- Dokumentierte Graph-Scopes: Nicht angegeben; vor Tenant-Nutzung prüfen.
- Hilfsdateien: Keine lokale Hilfsdatei erkannt.

## Verwendung

Noch kein geprüftes Aufrufbeispiel dokumentiert. Parameter mit `Get-Help './16_Teams_Telephony/254_Find-TeamsDisabledPstnGateways.ps1' -Full` lesen.

## Quelle

[PowerShell-Datei auf GitHub](https://github.com/Kaffeeundcode/Intune-Scripts/blob/main/16_Teams_Telephony/254_Find-TeamsDisabledPstnGateways.ps1)

Prüfungen gelten nur für den dokumentierten Quellstand und Testumfang.
","16_Teams_Telephony","16_Teams_Telephony/254_Find-TeamsDisabledPstnGateways.ps1","unreviewed","Ungeprüft","false","elevated"
"get-teams-pstn-gateways-by-sip-signaling-port","Get-TeamsPstnGatewaysBySipSignalingPort","# Get-TeamsPstnGatewaysBySipSignalingPort

**Prüfstatus: Ungeprüft**

Teams Pstn Gateways By Sip Signaling Port

<!-- library-status:start -->
    Prüfstatus: Ungeprüft
    Windows- und Tenant-Abnahme ausstehend; keine pauschale Produktionsfreigabe.

    <!-- library-status:end -->

    Ruft Teams Pstn Gateways By Sip Signaling Port aus der Teams-Telefonie ab.

## Prüfung

Keine fachliche Freigabe aus der Katalogerstellung ableiten.

- static: aktueller erfolgreicher Nachweis fehlt
- pester: aktueller erfolgreicher Nachweis fehlt
- windows: aktueller erfolgreicher Nachweis fehlt
- tenant: aktueller erfolgreicher Nachweis fehlt

## Voraussetzungen

- Module: MicrosoftTeams
- Dokumentierte Graph-Scopes: Nicht angegeben; vor Tenant-Nutzung prüfen.
- Hilfsdateien: Keine lokale Hilfsdatei erkannt.

## Verwendung

Noch kein geprüftes Aufrufbeispiel dokumentiert. Parameter mit `Get-Help './16_Teams_Telephony/255_Get-TeamsPstnGatewaysBySipSignalingPort.ps1' -Full` lesen.

## Quelle

[PowerShell-Datei auf GitHub](https://github.com/Kaffeeundcode/Intune-Scripts/blob/main/16_Teams_Telephony/255_Get-TeamsPstnGatewaysBySipSignalingPort.ps1)

Prüfungen gelten nur für den dokumentierten Quellstand und Testumfang.
","16_Teams_Telephony","16_Teams_Telephony/255_Get-TeamsPstnGatewaysBySipSignalingPort.ps1","unreviewed","Ungeprüft","false","elevated"
"test-teams-pstn-gateway-forwarding-state","Test-TeamsPstnGatewayForwardingState","# Test-TeamsPstnGatewayForwardingState

**Prüfstatus: Ungeprüft**

Teams Pstn Gateway Forwarding State

<!-- library-status:start -->
    Prüfstatus: Ungeprüft
    Windows- und Tenant-Abnahme ausstehend; keine pauschale Produktionsfreigabe.

    <!-- library-status:end -->

    Prueft Teams Pstn Gateway Forwarding State in der Teams-Telefonie.

## Prüfung

Keine fachliche Freigabe aus der Katalogerstellung ableiten.

- static: aktueller erfolgreicher Nachweis fehlt
- pester: aktueller erfolgreicher Nachweis fehlt
- windows: aktueller erfolgreicher Nachweis fehlt
- tenant: aktueller erfolgreicher Nachweis fehlt

## Voraussetzungen

- Module: MicrosoftTeams
- Dokumentierte Graph-Scopes: Nicht angegeben; vor Tenant-Nutzung prüfen.
- Hilfsdateien: Keine lokale Hilfsdatei erkannt.

## Verwendung

Noch kein geprüftes Aufrufbeispiel dokumentiert. Parameter mit `Get-Help './16_Teams_Telephony/256_Test-TeamsPstnGatewayForwardingState.ps1' -Full` lesen.

## Quelle

[PowerShell-Datei auf GitHub](https://github.com/Kaffeeundcode/Intune-Scripts/blob/main/16_Teams_Telephony/256_Test-TeamsPstnGatewayForwardingState.ps1)

Prüfungen gelten nur für den dokumentierten Quellstand und Testumfang.
","16_Teams_Telephony","16_Teams_Telephony/256_Test-TeamsPstnGatewayForwardingState.ps1","unreviewed","Ungeprüft","false","elevated"
"get-teams-voice-route-inventory","Get-TeamsVoiceRouteInventory","# Get-TeamsVoiceRouteInventory

**Prüfstatus: Ungeprüft**

Teams Voice Route Inventory

<!-- library-status:start -->
    Prüfstatus: Ungeprüft
    Windows- und Tenant-Abnahme ausstehend; keine pauschale Produktionsfreigabe.
    Hauptversion: 16_Teams_Telephony/173_Get-TeamsVoiceRoutes&#46;ps1
    <!-- library-status:end -->

    Ruft Teams Voice Route Inventory aus der Teams-Telefonie ab.

## Prüfung

Keine fachliche Freigabe aus der Katalogerstellung ableiten.

- static: aktueller erfolgreicher Nachweis fehlt
- pester: aktueller erfolgreicher Nachweis fehlt
- windows: aktueller erfolgreicher Nachweis fehlt
- tenant: aktueller erfolgreicher Nachweis fehlt

Gleiche Implementierung: [Hauptversion](https://github.com/Kaffeeundcode/Intune-Scripts/blob/main/16_Teams_Telephony/173_Get-TeamsVoiceRoutes.ps1).

## Voraussetzungen

- Module: MicrosoftTeams
- Dokumentierte Graph-Scopes: Nicht angegeben; vor Tenant-Nutzung prüfen.
- Hilfsdateien: Keine lokale Hilfsdatei erkannt.

## Verwendung

Noch kein geprüftes Aufrufbeispiel dokumentiert. Parameter mit `Get-Help './16_Teams_Telephony/257_Get-TeamsVoiceRouteInventory.ps1' -Full` lesen.

## Quelle

[PowerShell-Datei auf GitHub](https://github.com/Kaffeeundcode/Intune-Scripts/blob/main/16_Teams_Telephony/257_Get-TeamsVoiceRouteInventory.ps1)

Prüfungen gelten nur für den dokumentierten Quellstand und Testumfang.
","16_Teams_Telephony","16_Teams_Telephony/257_Get-TeamsVoiceRouteInventory.ps1","unreviewed","Ungeprüft","false","elevated"
"export-teams-voice-route-inventory","Export-TeamsVoiceRouteInventory","# Export-TeamsVoiceRouteInventory

**Prüfstatus: Ungeprüft**

Teams Voice Route Inventory

<!-- library-status:start -->
    Prüfstatus: Ungeprüft
    Windows- und Tenant-Abnahme ausstehend; keine pauschale Produktionsfreigabe.
    Hauptversion: 16_Teams_Telephony/174_Export-TeamsVoiceRoutes&#46;ps1
    <!-- library-status:end -->

    Exportiert Teams Voice Route Inventory aus der Teams-Telefonie.

## Prüfung

Keine fachliche Freigabe aus der Katalogerstellung ableiten.

- static: aktueller erfolgreicher Nachweis fehlt
- pester: aktueller erfolgreicher Nachweis fehlt
- windows: aktueller erfolgreicher Nachweis fehlt
- tenant: aktueller erfolgreicher Nachweis fehlt

Gleiche Implementierung: [Hauptversion](https://github.com/Kaffeeundcode/Intune-Scripts/blob/main/16_Teams_Telephony/174_Export-TeamsVoiceRoutes.ps1).

## Voraussetzungen

- Module: MicrosoftTeams
- Dokumentierte Graph-Scopes: Nicht angegeben; vor Tenant-Nutzung prüfen.
- Hilfsdateien: Keine lokale Hilfsdatei erkannt.

## Verwendung

Noch kein geprüftes Aufrufbeispiel dokumentiert. Parameter mit `Get-Help './16_Teams_Telephony/258_Export-TeamsVoiceRouteInventory.ps1' -Full` lesen.

## Quelle

[PowerShell-Datei auf GitHub](https://github.com/Kaffeeundcode/Intune-Scripts/blob/main/16_Teams_Telephony/258_Export-TeamsVoiceRouteInventory.ps1)

Prüfungen gelten nur für den dokumentierten Quellstand und Testumfang.
","16_Teams_Telephony","16_Teams_Telephony/258_Export-TeamsVoiceRouteInventory.ps1","unreviewed","Ungeprüft","false","elevated"
"find-teams-voice-routes-without-gateways","Find-TeamsVoiceRoutesWithoutGateways","# Find-TeamsVoiceRoutesWithoutGateways

**Prüfstatus: Ungeprüft**

Teams Voice Routes Without Gateways

<!-- library-status:start -->
    Prüfstatus: Ungeprüft
    Windows- und Tenant-Abnahme ausstehend; keine pauschale Produktionsfreigabe.

    <!-- library-status:end -->

    Identifiziert Teams Voice Routes Without Gateways in der Teams-Telefonie.

## Prüfung

Keine fachliche Freigabe aus der Katalogerstellung ableiten.

- static: aktueller erfolgreicher Nachweis fehlt
- pester: aktueller erfolgreicher Nachweis fehlt
- windows: aktueller erfolgreicher Nachweis fehlt
- tenant: aktueller erfolgreicher Nachweis fehlt

## Voraussetzungen

- Module: MicrosoftTeams
- Dokumentierte Graph-Scopes: Nicht angegeben; vor Tenant-Nutzung prüfen.
- Hilfsdateien: Keine lokale Hilfsdatei erkannt.

## Verwendung

Noch kein geprüftes Aufrufbeispiel dokumentiert. Parameter mit `Get-Help './16_Teams_Telephony/259_Find-TeamsVoiceRoutesWithoutGateways.ps1' -Full` lesen.

## Quelle

[PowerShell-Datei auf GitHub](https://github.com/Kaffeeundcode/Intune-Scripts/blob/main/16_Teams_Telephony/259_Find-TeamsVoiceRoutesWithoutGateways.ps1)

Prüfungen gelten nur für den dokumentierten Quellstand und Testumfang.
","16_Teams_Telephony","16_Teams_Telephony/259_Find-TeamsVoiceRoutesWithoutGateways.ps1","unreviewed","Ungeprüft","false","elevated"
"compare-teams-voice-routes-by-priority","Compare-TeamsVoiceRoutesByPriority","# Compare-TeamsVoiceRoutesByPriority

**Prüfstatus: Ungeprüft**

Teams Voice Routes By Priority

<!-- library-status:start -->
    Prüfstatus: Ungeprüft
    Windows- und Tenant-Abnahme ausstehend; keine pauschale Produktionsfreigabe.

    <!-- library-status:end -->

    Vergleicht Teams Voice Routes By Priority in der Teams-Telefonie.

## Prüfung

Keine fachliche Freigabe aus der Katalogerstellung ableiten.

- static: aktueller erfolgreicher Nachweis fehlt
- pester: aktueller erfolgreicher Nachweis fehlt
- windows: aktueller erfolgreicher Nachweis fehlt
- tenant: aktueller erfolgreicher Nachweis fehlt

## Voraussetzungen

- Module: MicrosoftTeams
- Dokumentierte Graph-Scopes: Nicht angegeben; vor Tenant-Nutzung prüfen.
- Hilfsdateien: Keine lokale Hilfsdatei erkannt.

## Verwendung

Noch kein geprüftes Aufrufbeispiel dokumentiert. Parameter mit `Get-Help './16_Teams_Telephony/260_Compare-TeamsVoiceRoutesByPriority.ps1' -Full` lesen.

## Quelle

[PowerShell-Datei auf GitHub](https://github.com/Kaffeeundcode/Intune-Scripts/blob/main/16_Teams_Telephony/260_Compare-TeamsVoiceRoutesByPriority.ps1)

Prüfungen gelten nur für den dokumentierten Quellstand und Testumfang.
","16_Teams_Telephony","16_Teams_Telephony/260_Compare-TeamsVoiceRoutesByPriority.ps1","unreviewed","Ungeprüft","false","elevated"
"get-teams-voice-routes-by-number-pattern","Get-TeamsVoiceRoutesByNumberPattern","# Get-TeamsVoiceRoutesByNumberPattern

**Prüfstatus: Ungeprüft**

Teams Voice Routes By Number Pattern

<!-- library-status:start -->
    Prüfstatus: Ungeprüft
    Windows- und Tenant-Abnahme ausstehend; keine pauschale Produktionsfreigabe.

    <!-- library-status:end -->

    Ruft Teams Voice Routes By Number Pattern aus der Teams-Telefonie ab.

## Prüfung

Keine fachliche Freigabe aus der Katalogerstellung ableiten.

- static: aktueller erfolgreicher Nachweis fehlt
- pester: aktueller erfolgreicher Nachweis fehlt
- windows: aktueller erfolgreicher Nachweis fehlt
- tenant: aktueller erfolgreicher Nachweis fehlt

## Voraussetzungen

- Module: MicrosoftTeams
- Dokumentierte Graph-Scopes: Nicht angegeben; vor Tenant-Nutzung prüfen.
- Hilfsdateien: Keine lokale Hilfsdatei erkannt.

## Verwendung

Noch kein geprüftes Aufrufbeispiel dokumentiert. Parameter mit `Get-Help './16_Teams_Telephony/261_Get-TeamsVoiceRoutesByNumberPattern.ps1' -Full` lesen.

## Quelle

[PowerShell-Datei auf GitHub](https://github.com/Kaffeeundcode/Intune-Scripts/blob/main/16_Teams_Telephony/261_Get-TeamsVoiceRoutesByNumberPattern.ps1)

Prüfungen gelten nur für den dokumentierten Quellstand und Testumfang.
","16_Teams_Telephony","16_Teams_Telephony/261_Get-TeamsVoiceRoutesByNumberPattern.ps1","unreviewed","Ungeprüft","false","elevated"
"get-teams-voice-routing-policy-inventory","Get-TeamsVoiceRoutingPolicyInventory","# Get-TeamsVoiceRoutingPolicyInventory

**Prüfstatus: Ungeprüft**

Teams Voice Routing Policy Inventory

<!-- library-status:start -->
    Prüfstatus: Ungeprüft
    Windows- und Tenant-Abnahme ausstehend; keine pauschale Produktionsfreigabe.
    Hauptversion: 16_Teams_Telephony/175_Get-TeamsVoiceRoutingPolicies&#46;ps1
    <!-- library-status:end -->

    Ruft Teams Voice Routing Policy Inventory aus der Teams-Telefonie ab.

## Prüfung

Keine fachliche Freigabe aus der Katalogerstellung ableiten.

- static: aktueller erfolgreicher Nachweis fehlt
- pester: aktueller erfolgreicher Nachweis fehlt
- windows: aktueller erfolgreicher Nachweis fehlt
- tenant: aktueller erfolgreicher Nachweis fehlt

Gleiche Implementierung: [Hauptversion](https://github.com/Kaffeeundcode/Intune-Scripts/blob/main/16_Teams_Telephony/175_Get-TeamsVoiceRoutingPolicies.ps1).

## Voraussetzungen

- Module: MicrosoftTeams
- Dokumentierte Graph-Scopes: Nicht angegeben; vor Tenant-Nutzung prüfen.
- Hilfsdateien: Keine lokale Hilfsdatei erkannt.

## Verwendung

Noch kein geprüftes Aufrufbeispiel dokumentiert. Parameter mit `Get-Help './16_Teams_Telephony/262_Get-TeamsVoiceRoutingPolicyInventory.ps1' -Full` lesen.

## Quelle

[PowerShell-Datei auf GitHub](https://github.com/Kaffeeundcode/Intune-Scripts/blob/main/16_Teams_Telephony/262_Get-TeamsVoiceRoutingPolicyInventory.ps1)

Prüfungen gelten nur für den dokumentierten Quellstand und Testumfang.
","16_Teams_Telephony","16_Teams_Telephony/262_Get-TeamsVoiceRoutingPolicyInventory.ps1","unreviewed","Ungeprüft","false","elevated"
"export-teams-voice-routing-policy-inventory","Export-TeamsVoiceRoutingPolicyInventory","# Export-TeamsVoiceRoutingPolicyInventory

**Prüfstatus: Ungeprüft**

Teams Voice Routing Policy Inventory

<!-- library-status:start -->
    Prüfstatus: Ungeprüft
    Windows- und Tenant-Abnahme ausstehend; keine pauschale Produktionsfreigabe.
    Hauptversion: 16_Teams_Telephony/176_Export-TeamsVoiceRoutingPolicies&#46;ps1
    <!-- library-status:end -->

    Exportiert Teams Voice Routing Policy Inventory aus der Teams-Telefonie.

## Prüfung

Keine fachliche Freigabe aus der Katalogerstellung ableiten.

- static: aktueller erfolgreicher Nachweis fehlt
- pester: aktueller erfolgreicher Nachweis fehlt
- windows: aktueller erfolgreicher Nachweis fehlt
- tenant: aktueller erfolgreicher Nachweis fehlt

Gleiche Implementierung: [Hauptversion](https://github.com/Kaffeeundcode/Intune-Scripts/blob/main/16_Teams_Telephony/176_Export-TeamsVoiceRoutingPolicies.ps1).

## Voraussetzungen

- Module: MicrosoftTeams
- Dokumentierte Graph-Scopes: Nicht angegeben; vor Tenant-Nutzung prüfen.
- Hilfsdateien: Keine lokale Hilfsdatei erkannt.

## Verwendung

Noch kein geprüftes Aufrufbeispiel dokumentiert. Parameter mit `Get-Help './16_Teams_Telephony/263_Export-TeamsVoiceRoutingPolicyInventory.ps1' -Full` lesen.

## Quelle

[PowerShell-Datei auf GitHub](https://github.com/Kaffeeundcode/Intune-Scripts/blob/main/16_Teams_Telephony/263_Export-TeamsVoiceRoutingPolicyInventory.ps1)

Prüfungen gelten nur für den dokumentierten Quellstand und Testumfang.
","16_Teams_Telephony","16_Teams_Telephony/263_Export-TeamsVoiceRoutingPolicyInventory.ps1","unreviewed","Ungeprüft","false","elevated"
"find-teams-voice-routing-policies-without-routes","Find-TeamsVoiceRoutingPoliciesWithoutRoutes","# Find-TeamsVoiceRoutingPoliciesWithoutRoutes

**Prüfstatus: Bekannte Fehler**

Teams Voice Routing Policies Without Routes

<!-- library-status:start -->
    Prüfstatus: Bekannte Fehler
    Prueft PSTN-Usages, loest aber keine zugeordneten Routen auf.

    <!-- library-status:end -->

    Identifiziert Teams Voice Routing Policies Without Routes in der Teams-Telefonie.

## Prüfung

- Prueft PSTN-Usages, loest aber keine zugeordneten Routen auf.

- static: aktueller erfolgreicher Nachweis fehlt
- pester: aktueller erfolgreicher Nachweis fehlt
- windows: aktueller erfolgreicher Nachweis fehlt
- tenant: aktueller erfolgreicher Nachweis fehlt

## Voraussetzungen

- Module: MicrosoftTeams
- Dokumentierte Graph-Scopes: Nicht angegeben; vor Tenant-Nutzung prüfen.
- Hilfsdateien: Keine lokale Hilfsdatei erkannt.

## Verwendung

Noch kein geprüftes Aufrufbeispiel dokumentiert. Parameter mit `Get-Help './16_Teams_Telephony/264_Find-TeamsVoiceRoutingPoliciesWithoutRoutes.ps1' -Full` lesen.

## Quelle

[PowerShell-Datei auf GitHub](https://github.com/Kaffeeundcode/Intune-Scripts/blob/main/16_Teams_Telephony/264_Find-TeamsVoiceRoutingPoliciesWithoutRoutes.ps1)

Prüfungen gelten nur für den dokumentierten Quellstand und Testumfang.
","16_Teams_Telephony","16_Teams_Telephony/264_Find-TeamsVoiceRoutingPoliciesWithoutRoutes.ps1","known_issues","Bekannte Fehler","false","elevated"
"compare-teams-voice-routing-policy-assignments","Compare-TeamsVoiceRoutingPolicyAssignments","# Compare-TeamsVoiceRoutingPolicyAssignments

**Prüfstatus: Ungeprüft**

Teams Voice Routing Policy Assignments

<!-- library-status:start -->
    Prüfstatus: Ungeprüft
    Windows- und Tenant-Abnahme ausstehend; keine pauschale Produktionsfreigabe.

    <!-- library-status:end -->

    Vergleicht Teams Voice Routing Policy Assignments in der Teams-Telefonie.

## Prüfung

Keine fachliche Freigabe aus der Katalogerstellung ableiten.

- static: aktueller erfolgreicher Nachweis fehlt
- pester: aktueller erfolgreicher Nachweis fehlt
- windows: aktueller erfolgreicher Nachweis fehlt
- tenant: aktueller erfolgreicher Nachweis fehlt

## Voraussetzungen

- Module: MicrosoftTeams
- Dokumentierte Graph-Scopes: Nicht angegeben; vor Tenant-Nutzung prüfen.
- Hilfsdateien: Keine lokale Hilfsdatei erkannt.

## Verwendung

Noch kein geprüftes Aufrufbeispiel dokumentiert. Parameter mit `Get-Help './16_Teams_Telephony/265_Compare-TeamsVoiceRoutingPolicyAssignments.ps1' -Full` lesen.

## Quelle

[PowerShell-Datei auf GitHub](https://github.com/Kaffeeundcode/Intune-Scripts/blob/main/16_Teams_Telephony/265_Compare-TeamsVoiceRoutingPolicyAssignments.ps1)

Prüfungen gelten nur für den dokumentierten Quellstand und Testumfang.
","16_Teams_Telephony","16_Teams_Telephony/265_Compare-TeamsVoiceRoutingPolicyAssignments.ps1","unreviewed","Ungeprüft","false","elevated"
"measure-teams-gateway-route-coverage","Measure-TeamsGatewayRouteCoverage","# Measure-TeamsGatewayRouteCoverage

**Prüfstatus: Ungeprüft**

Teams Gateway Route Coverage

<!-- library-status:start -->
    Prüfstatus: Ungeprüft
    Windows- und Tenant-Abnahme ausstehend; keine pauschale Produktionsfreigabe.

    <!-- library-status:end -->

    Misst Teams Gateway Route Coverage in der Teams-Telefonie.

## Prüfung

Keine fachliche Freigabe aus der Katalogerstellung ableiten.

- static: aktueller erfolgreicher Nachweis fehlt
- pester: aktueller erfolgreicher Nachweis fehlt
- windows: aktueller erfolgreicher Nachweis fehlt
- tenant: aktueller erfolgreicher Nachweis fehlt

## Voraussetzungen

- Module: MicrosoftTeams
- Dokumentierte Graph-Scopes: Nicht angegeben; vor Tenant-Nutzung prüfen.
- Hilfsdateien: Keine lokale Hilfsdatei erkannt.

## Verwendung

Noch kein geprüftes Aufrufbeispiel dokumentiert. Parameter mit `Get-Help './16_Teams_Telephony/266_Measure-TeamsGatewayRouteCoverage.ps1' -Full` lesen.

## Quelle

[PowerShell-Datei auf GitHub](https://github.com/Kaffeeundcode/Intune-Scripts/blob/main/16_Teams_Telephony/266_Measure-TeamsGatewayRouteCoverage.ps1)

Prüfungen gelten nur für den dokumentierten Quellstand und Testumfang.
","16_Teams_Telephony","16_Teams_Telephony/266_Measure-TeamsGatewayRouteCoverage.ps1","unreviewed","Ungeprüft","false","elevated"
"backup-teams-direct-routing-configuration","Backup-TeamsDirectRoutingConfiguration","# Backup-TeamsDirectRoutingConfiguration

**Prüfstatus: Ungeprüft**

Teams Direct Routing Configuration

<!-- library-status:start -->
    Prüfstatus: Ungeprüft
    Windows- und Tenant-Abnahme ausstehend; keine pauschale Produktionsfreigabe.

    <!-- library-status:end -->

    Sichert Teams Direct Routing Configuration aus der Teams-Telefonie.

## Prüfung

Keine fachliche Freigabe aus der Katalogerstellung ableiten.

- static: aktueller erfolgreicher Nachweis fehlt
- pester: aktueller erfolgreicher Nachweis fehlt
- windows: aktueller erfolgreicher Nachweis fehlt
- tenant: aktueller erfolgreicher Nachweis fehlt

## Voraussetzungen

- Module: MicrosoftTeams
- Dokumentierte Graph-Scopes: Nicht angegeben; vor Tenant-Nutzung prüfen.
- Hilfsdateien: Keine lokale Hilfsdatei erkannt.

## Verwendung

Noch kein geprüftes Aufrufbeispiel dokumentiert. Parameter mit `Get-Help './16_Teams_Telephony/267_Backup-TeamsDirectRoutingConfiguration.ps1' -Full` lesen.

## Quelle

[PowerShell-Datei auf GitHub](https://github.com/Kaffeeundcode/Intune-Scripts/blob/main/16_Teams_Telephony/267_Backup-TeamsDirectRoutingConfiguration.ps1)

Prüfungen gelten nur für den dokumentierten Quellstand und Testumfang.
","16_Teams_Telephony","16_Teams_Telephony/267_Backup-TeamsDirectRoutingConfiguration.ps1","unreviewed","Ungeprüft","false","elevated"
"get-teams-direct-routing-overview","Get-TeamsDirectRoutingOverview","# Get-TeamsDirectRoutingOverview

**Prüfstatus: Ungeprüft**

Teams Direct Routing Overview

<!-- library-status:start -->
    Prüfstatus: Ungeprüft
    Windows- und Tenant-Abnahme ausstehend; keine pauschale Produktionsfreigabe.

    <!-- library-status:end -->

    Ruft Teams Direct Routing Overview aus der Teams-Telefonie ab.

## Prüfung

Keine fachliche Freigabe aus der Katalogerstellung ableiten.

- static: aktueller erfolgreicher Nachweis fehlt
- pester: aktueller erfolgreicher Nachweis fehlt
- windows: aktueller erfolgreicher Nachweis fehlt
- tenant: aktueller erfolgreicher Nachweis fehlt

## Voraussetzungen

- Module: MicrosoftTeams
- Dokumentierte Graph-Scopes: Nicht angegeben; vor Tenant-Nutzung prüfen.
- Hilfsdateien: Keine lokale Hilfsdatei erkannt.

## Verwendung

Noch kein geprüftes Aufrufbeispiel dokumentiert. Parameter mit `Get-Help './16_Teams_Telephony/268_Get-TeamsDirectRoutingOverview.ps1' -Full` lesen.

## Quelle

[PowerShell-Datei auf GitHub](https://github.com/Kaffeeundcode/Intune-Scripts/blob/main/16_Teams_Telephony/268_Get-TeamsDirectRoutingOverview.ps1)

Prüfungen gelten nur für den dokumentierten Quellstand und Testumfang.
","16_Teams_Telephony","16_Teams_Telephony/268_Get-TeamsDirectRoutingOverview.ps1","unreviewed","Ungeprüft","false","elevated"
"find-teams-routes-with-duplicate-patterns","Find-TeamsRoutesWithDuplicatePatterns","# Find-TeamsRoutesWithDuplicatePatterns

**Prüfstatus: Ungeprüft**

Teams Routes With Duplicate Patterns

<!-- library-status:start -->
    Prüfstatus: Ungeprüft
    Windows- und Tenant-Abnahme ausstehend; keine pauschale Produktionsfreigabe.

    <!-- library-status:end -->

    Identifiziert Teams Routes With Duplicate Patterns in der Teams-Telefonie.

## Prüfung

Keine fachliche Freigabe aus der Katalogerstellung ableiten.

- static: aktueller erfolgreicher Nachweis fehlt
- pester: aktueller erfolgreicher Nachweis fehlt
- windows: aktueller erfolgreicher Nachweis fehlt
- tenant: aktueller erfolgreicher Nachweis fehlt

## Voraussetzungen

- Module: MicrosoftTeams
- Dokumentierte Graph-Scopes: Nicht angegeben; vor Tenant-Nutzung prüfen.
- Hilfsdateien: Keine lokale Hilfsdatei erkannt.

## Verwendung

Noch kein geprüftes Aufrufbeispiel dokumentiert. Parameter mit `Get-Help './16_Teams_Telephony/269_Find-TeamsRoutesWithDuplicatePatterns.ps1' -Full` lesen.

## Quelle

[PowerShell-Datei auf GitHub](https://github.com/Kaffeeundcode/Intune-Scripts/blob/main/16_Teams_Telephony/269_Find-TeamsRoutesWithDuplicatePatterns.ps1)

Prüfungen gelten nur für den dokumentierten Quellstand und Testumfang.
","16_Teams_Telephony","16_Teams_Telephony/269_Find-TeamsRoutesWithDuplicatePatterns.ps1","unreviewed","Ungeprüft","false","elevated"
"get-teams-pstn-gateway-failover-summary","Get-TeamsPstnGatewayFailoverSummary","# Get-TeamsPstnGatewayFailoverSummary

**Prüfstatus: Ungeprüft**

Teams Pstn Gateway Failover Summary

<!-- library-status:start -->
    Prüfstatus: Ungeprüft
    Windows- und Tenant-Abnahme ausstehend; keine pauschale Produktionsfreigabe.

    <!-- library-status:end -->

    Ruft Teams Pstn Gateway Failover Summary aus der Teams-Telefonie ab.

## Prüfung

Keine fachliche Freigabe aus der Katalogerstellung ableiten.

- static: aktueller erfolgreicher Nachweis fehlt
- pester: aktueller erfolgreicher Nachweis fehlt
- windows: aktueller erfolgreicher Nachweis fehlt
- tenant: aktueller erfolgreicher Nachweis fehlt

## Voraussetzungen

- Module: MicrosoftTeams
- Dokumentierte Graph-Scopes: Nicht angegeben; vor Tenant-Nutzung prüfen.
- Hilfsdateien: Keine lokale Hilfsdatei erkannt.

## Verwendung

Noch kein geprüftes Aufrufbeispiel dokumentiert. Parameter mit `Get-Help './16_Teams_Telephony/270_Get-TeamsPstnGatewayFailoverSummary.ps1' -Full` lesen.

## Quelle

[PowerShell-Datei auf GitHub](https://github.com/Kaffeeundcode/Intune-Scripts/blob/main/16_Teams_Telephony/270_Get-TeamsPstnGatewayFailoverSummary.ps1)

Prüfungen gelten nur für den dokumentierten Quellstand und Testumfang.
","16_Teams_Telephony","16_Teams_Telephony/270_Get-TeamsPstnGatewayFailoverSummary.ps1","unreviewed","Ungeprüft","false","elevated"
"get-teams-voice-routing-policy-pstn-usage-map","Get-TeamsVoiceRoutingPolicyPstnUsageMap","# Get-TeamsVoiceRoutingPolicyPstnUsageMap

**Prüfstatus: Ungeprüft**

Teams Voice Routing Policy Pstn Usage Map

<!-- library-status:start -->
    Prüfstatus: Ungeprüft
    Windows- und Tenant-Abnahme ausstehend; keine pauschale Produktionsfreigabe.

    <!-- library-status:end -->

    Ruft Teams Voice Routing Policy Pstn Usage Map aus der Teams-Telefonie ab.

## Prüfung

Keine fachliche Freigabe aus der Katalogerstellung ableiten.

- static: aktueller erfolgreicher Nachweis fehlt
- pester: aktueller erfolgreicher Nachweis fehlt
- windows: aktueller erfolgreicher Nachweis fehlt
- tenant: aktueller erfolgreicher Nachweis fehlt

## Voraussetzungen

- Module: MicrosoftTeams
- Dokumentierte Graph-Scopes: Nicht angegeben; vor Tenant-Nutzung prüfen.
- Hilfsdateien: Keine lokale Hilfsdatei erkannt.

## Verwendung

Noch kein geprüftes Aufrufbeispiel dokumentiert. Parameter mit `Get-Help './16_Teams_Telephony/271_Get-TeamsVoiceRoutingPolicyPstnUsageMap.ps1' -Full` lesen.

## Quelle

[PowerShell-Datei auf GitHub](https://github.com/Kaffeeundcode/Intune-Scripts/blob/main/16_Teams_Telephony/271_Get-TeamsVoiceRoutingPolicyPstnUsageMap.ps1)

Prüfungen gelten nur für den dokumentierten Quellstand und Testumfang.
","16_Teams_Telephony","16_Teams_Telephony/271_Get-TeamsVoiceRoutingPolicyPstnUsageMap.ps1","unreviewed","Ungeprüft","false","elevated"
"get-teams-dial-plan-inventory","Get-TeamsDialPlanInventory","# Get-TeamsDialPlanInventory

**Prüfstatus: Ungeprüft**

Teams Dial Plan Inventory

<!-- library-status:start -->
    Prüfstatus: Ungeprüft
    Windows- und Tenant-Abnahme ausstehend; keine pauschale Produktionsfreigabe.
    Hauptversion: 16_Teams_Telephony/171_Get-TeamsTenantDialPlans&#46;ps1
    <!-- library-status:end -->

    Ruft Teams Dial Plan Inventory aus der Teams-Telefonie ab.

## Prüfung

Keine fachliche Freigabe aus der Katalogerstellung ableiten.

- static: aktueller erfolgreicher Nachweis fehlt
- pester: aktueller erfolgreicher Nachweis fehlt
- windows: aktueller erfolgreicher Nachweis fehlt
- tenant: aktueller erfolgreicher Nachweis fehlt

Gleiche Implementierung: [Hauptversion](https://github.com/Kaffeeundcode/Intune-Scripts/blob/main/16_Teams_Telephony/171_Get-TeamsTenantDialPlans.ps1).

## Voraussetzungen

- Module: MicrosoftTeams
- Dokumentierte Graph-Scopes: Nicht angegeben; vor Tenant-Nutzung prüfen.
- Hilfsdateien: Keine lokale Hilfsdatei erkannt.

## Verwendung

Noch kein geprüftes Aufrufbeispiel dokumentiert. Parameter mit `Get-Help './16_Teams_Telephony/272_Get-TeamsDialPlanInventory.ps1' -Full` lesen.

## Quelle

[PowerShell-Datei auf GitHub](https://github.com/Kaffeeundcode/Intune-Scripts/blob/main/16_Teams_Telephony/272_Get-TeamsDialPlanInventory.ps1)

Prüfungen gelten nur für den dokumentierten Quellstand und Testumfang.
","16_Teams_Telephony","16_Teams_Telephony/272_Get-TeamsDialPlanInventory.ps1","unreviewed","Ungeprüft","false","elevated"
"export-teams-dial-plan-inventory","Export-TeamsDialPlanInventory","# Export-TeamsDialPlanInventory

**Prüfstatus: Ungeprüft**

Teams Dial Plan Inventory

<!-- library-status:start -->
    Prüfstatus: Ungeprüft
    Windows- und Tenant-Abnahme ausstehend; keine pauschale Produktionsfreigabe.
    Hauptversion: 16_Teams_Telephony/172_Export-TeamsTenantDialPlans&#46;ps1
    <!-- library-status:end -->

    Exportiert Teams Dial Plan Inventory aus der Teams-Telefonie.

## Prüfung

Keine fachliche Freigabe aus der Katalogerstellung ableiten.

- static: aktueller erfolgreicher Nachweis fehlt
- pester: aktueller erfolgreicher Nachweis fehlt
- windows: aktueller erfolgreicher Nachweis fehlt
- tenant: aktueller erfolgreicher Nachweis fehlt

Gleiche Implementierung: [Hauptversion](https://github.com/Kaffeeundcode/Intune-Scripts/blob/main/16_Teams_Telephony/172_Export-TeamsTenantDialPlans.ps1).

## Voraussetzungen

- Module: MicrosoftTeams
- Dokumentierte Graph-Scopes: Nicht angegeben; vor Tenant-Nutzung prüfen.
- Hilfsdateien: Keine lokale Hilfsdatei erkannt.

## Verwendung

Noch kein geprüftes Aufrufbeispiel dokumentiert. Parameter mit `Get-Help './16_Teams_Telephony/273_Export-TeamsDialPlanInventory.ps1' -Full` lesen.

## Quelle

[PowerShell-Datei auf GitHub](https://github.com/Kaffeeundcode/Intune-Scripts/blob/main/16_Teams_Telephony/273_Export-TeamsDialPlanInventory.ps1)

Prüfungen gelten nur für den dokumentierten Quellstand und Testumfang.
","16_Teams_Telephony","16_Teams_Telephony/273_Export-TeamsDialPlanInventory.ps1","unreviewed","Ungeprüft","false","elevated"
"find-teams-dial-plans-without-normalization-rules","Find-TeamsDialPlansWithoutNormalizationRules","# Find-TeamsDialPlansWithoutNormalizationRules

**Prüfstatus: Ungeprüft**

Teams Dial Plans Without Normalization Rules

<!-- library-status:start -->
    Prüfstatus: Ungeprüft
    Windows- und Tenant-Abnahme ausstehend; keine pauschale Produktionsfreigabe.

    <!-- library-status:end -->

    Identifiziert Teams Dial Plans Without Normalization Rules in der Teams-Telefonie.

## Prüfung

Keine fachliche Freigabe aus der Katalogerstellung ableiten.

- static: aktueller erfolgreicher Nachweis fehlt
- pester: aktueller erfolgreicher Nachweis fehlt
- windows: aktueller erfolgreicher Nachweis fehlt
- tenant: aktueller erfolgreicher Nachweis fehlt

## Voraussetzungen

- Module: MicrosoftTeams
- Dokumentierte Graph-Scopes: Nicht angegeben; vor Tenant-Nutzung prüfen.
- Hilfsdateien: Keine lokale Hilfsdatei erkannt.

## Verwendung

Noch kein geprüftes Aufrufbeispiel dokumentiert. Parameter mit `Get-Help './16_Teams_Telephony/274_Find-TeamsDialPlansWithoutNormalizationRules.ps1' -Full` lesen.

## Quelle

[PowerShell-Datei auf GitHub](https://github.com/Kaffeeundcode/Intune-Scripts/blob/main/16_Teams_Telephony/274_Find-TeamsDialPlansWithoutNormalizationRules.ps1)

Prüfungen gelten nur für den dokumentierten Quellstand und Testumfang.
","16_Teams_Telephony","16_Teams_Telephony/274_Find-TeamsDialPlansWithoutNormalizationRules.ps1","unreviewed","Ungeprüft","false","elevated"
"compare-teams-dial-plan-normalization-counts","Compare-TeamsDialPlanNormalizationCounts","# Compare-TeamsDialPlanNormalizationCounts

**Prüfstatus: Ungeprüft**

Teams Dial Plan Normalization Counts

<!-- library-status:start -->
    Prüfstatus: Ungeprüft
    Windows- und Tenant-Abnahme ausstehend; keine pauschale Produktionsfreigabe.

    <!-- library-status:end -->

    Vergleicht Teams Dial Plan Normalization Counts in der Teams-Telefonie.

## Prüfung

Keine fachliche Freigabe aus der Katalogerstellung ableiten.

- static: aktueller erfolgreicher Nachweis fehlt
- pester: aktueller erfolgreicher Nachweis fehlt
- windows: aktueller erfolgreicher Nachweis fehlt
- tenant: aktueller erfolgreicher Nachweis fehlt

## Voraussetzungen

- Module: MicrosoftTeams
- Dokumentierte Graph-Scopes: Nicht angegeben; vor Tenant-Nutzung prüfen.
- Hilfsdateien: Keine lokale Hilfsdatei erkannt.

## Verwendung

Noch kein geprüftes Aufrufbeispiel dokumentiert. Parameter mit `Get-Help './16_Teams_Telephony/275_Compare-TeamsDialPlanNormalizationCounts.ps1' -Full` lesen.

## Quelle

[PowerShell-Datei auf GitHub](https://github.com/Kaffeeundcode/Intune-Scripts/blob/main/16_Teams_Telephony/275_Compare-TeamsDialPlanNormalizationCounts.ps1)

Prüfungen gelten nur für den dokumentierten Quellstand und Testumfang.
","16_Teams_Telephony","16_Teams_Telephony/275_Compare-TeamsDialPlanNormalizationCounts.ps1","unreviewed","Ungeprüft","false","elevated"
"get-teams-dial-plans-by-simple-name","Get-TeamsDialPlansBySimpleName","# Get-TeamsDialPlansBySimpleName

**Prüfstatus: Ungeprüft**

Teams Dial Plans By Simple Name

<!-- library-status:start -->
    Prüfstatus: Ungeprüft
    Windows- und Tenant-Abnahme ausstehend; keine pauschale Produktionsfreigabe.

    <!-- library-status:end -->

    Ruft Teams Dial Plans By Simple Name aus der Teams-Telefonie ab.

## Prüfung

Keine fachliche Freigabe aus der Katalogerstellung ableiten.

- static: aktueller erfolgreicher Nachweis fehlt
- pester: aktueller erfolgreicher Nachweis fehlt
- windows: aktueller erfolgreicher Nachweis fehlt
- tenant: aktueller erfolgreicher Nachweis fehlt

## Voraussetzungen

- Module: MicrosoftTeams
- Dokumentierte Graph-Scopes: Nicht angegeben; vor Tenant-Nutzung prüfen.
- Hilfsdateien: Keine lokale Hilfsdatei erkannt.

## Verwendung

Noch kein geprüftes Aufrufbeispiel dokumentiert. Parameter mit `Get-Help './16_Teams_Telephony/276_Get-TeamsDialPlansBySimpleName.ps1' -Full` lesen.

## Quelle

[PowerShell-Datei auf GitHub](https://github.com/Kaffeeundcode/Intune-Scripts/blob/main/16_Teams_Telephony/276_Get-TeamsDialPlansBySimpleName.ps1)

Prüfungen gelten nur für den dokumentierten Quellstand und Testumfang.
","16_Teams_Telephony","16_Teams_Telephony/276_Get-TeamsDialPlansBySimpleName.ps1","unreviewed","Ungeprüft","false","elevated"
"get-teams-dial-plan-normalization-rule-summary","Get-TeamsDialPlanNormalizationRuleSummary","# Get-TeamsDialPlanNormalizationRuleSummary

**Prüfstatus: Ungeprüft**

Teams Dial Plan Normalization Rule Summary

<!-- library-status:start -->
    Prüfstatus: Ungeprüft
    Windows- und Tenant-Abnahme ausstehend; keine pauschale Produktionsfreigabe.

    <!-- library-status:end -->

    Ruft Teams Dial Plan Normalization Rule Summary aus der Teams-Telefonie ab.

## Prüfung

Keine fachliche Freigabe aus der Katalogerstellung ableiten.

- static: aktueller erfolgreicher Nachweis fehlt
- pester: aktueller erfolgreicher Nachweis fehlt
- windows: aktueller erfolgreicher Nachweis fehlt
- tenant: aktueller erfolgreicher Nachweis fehlt

## Voraussetzungen

- Module: MicrosoftTeams
- Dokumentierte Graph-Scopes: Nicht angegeben; vor Tenant-Nutzung prüfen.
- Hilfsdateien: Keine lokale Hilfsdatei erkannt.

## Verwendung

Noch kein geprüftes Aufrufbeispiel dokumentiert. Parameter mit `Get-Help './16_Teams_Telephony/277_Get-TeamsDialPlanNormalizationRuleSummary.ps1' -Full` lesen.

## Quelle

[PowerShell-Datei auf GitHub](https://github.com/Kaffeeundcode/Intune-Scripts/blob/main/16_Teams_Telephony/277_Get-TeamsDialPlanNormalizationRuleSummary.ps1)

Prüfungen gelten nur für den dokumentierten Quellstand und Testumfang.
","16_Teams_Telephony","16_Teams_Telephony/277_Get-TeamsDialPlanNormalizationRuleSummary.ps1","unreviewed","Ungeprüft","false","elevated"
"find-teams-dial-plans-without-external-access-prefix","Find-TeamsDialPlansWithoutExternalAccessPrefix","# Find-TeamsDialPlansWithoutExternalAccessPrefix

**Prüfstatus: Ungeprüft**

Teams Dial Plans Without External Access Prefix

<!-- library-status:start -->
    Prüfstatus: Ungeprüft
    Windows- und Tenant-Abnahme ausstehend; keine pauschale Produktionsfreigabe.

    <!-- library-status:end -->

    Identifiziert Teams Dial Plans Without External Access Prefix in der Teams-Telefonie.

## Prüfung

Keine fachliche Freigabe aus der Katalogerstellung ableiten.

- static: aktueller erfolgreicher Nachweis fehlt
- pester: aktueller erfolgreicher Nachweis fehlt
- windows: aktueller erfolgreicher Nachweis fehlt
- tenant: aktueller erfolgreicher Nachweis fehlt

## Voraussetzungen

- Module: MicrosoftTeams
- Dokumentierte Graph-Scopes: Nicht angegeben; vor Tenant-Nutzung prüfen.
- Hilfsdateien: Keine lokale Hilfsdatei erkannt.

## Verwendung

Noch kein geprüftes Aufrufbeispiel dokumentiert. Parameter mit `Get-Help './16_Teams_Telephony/278_Find-TeamsDialPlansWithoutExternalAccessPrefix.ps1' -Full` lesen.

## Quelle

[PowerShell-Datei auf GitHub](https://github.com/Kaffeeundcode/Intune-Scripts/blob/main/16_Teams_Telephony/278_Find-TeamsDialPlansWithoutExternalAccessPrefix.ps1)

Prüfungen gelten nur für den dokumentierten Quellstand und Testumfang.
","16_Teams_Telephony","16_Teams_Telephony/278_Find-TeamsDialPlansWithoutExternalAccessPrefix.ps1","unreviewed","Ungeprüft","false","elevated"
"test-teams-dial-plan-normalization-patterns","Test-TeamsDialPlanNormalizationPatterns","# Test-TeamsDialPlanNormalizationPatterns

**Prüfstatus: Ungeprüft**

Teams Dial Plan Normalization Patterns

<!-- library-status:start -->
    Prüfstatus: Ungeprüft
    Windows- und Tenant-Abnahme ausstehend; keine pauschale Produktionsfreigabe.

    <!-- library-status:end -->

    Prueft Teams Dial Plan Normalization Patterns in der Teams-Telefonie.

## Prüfung

Keine fachliche Freigabe aus der Katalogerstellung ableiten.

- static: aktueller erfolgreicher Nachweis fehlt
- pester: aktueller erfolgreicher Nachweis fehlt
- windows: aktueller erfolgreicher Nachweis fehlt
- tenant: aktueller erfolgreicher Nachweis fehlt

## Voraussetzungen

- Module: MicrosoftTeams
- Dokumentierte Graph-Scopes: Nicht angegeben; vor Tenant-Nutzung prüfen.
- Hilfsdateien: Keine lokale Hilfsdatei erkannt.

## Verwendung

Noch kein geprüftes Aufrufbeispiel dokumentiert. Parameter mit `Get-Help './16_Teams_Telephony/279_Test-TeamsDialPlanNormalizationPatterns.ps1' -Full` lesen.

## Quelle

[PowerShell-Datei auf GitHub](https://github.com/Kaffeeundcode/Intune-Scripts/blob/main/16_Teams_Telephony/279_Test-TeamsDialPlanNormalizationPatterns.ps1)

Prüfungen gelten nur für den dokumentierten Quellstand und Testumfang.
","16_Teams_Telephony","16_Teams_Telephony/279_Test-TeamsDialPlanNormalizationPatterns.ps1","unreviewed","Ungeprüft","false","elevated"
"measure-teams-dial-plan-complexity","Measure-TeamsDialPlanComplexity","# Measure-TeamsDialPlanComplexity

**Prüfstatus: Ungeprüft**

Teams Dial Plan Complexity

<!-- library-status:start -->
    Prüfstatus: Ungeprüft
    Windows- und Tenant-Abnahme ausstehend; keine pauschale Produktionsfreigabe.

    <!-- library-status:end -->

    Misst Teams Dial Plan Complexity in der Teams-Telefonie.

## Prüfung

Keine fachliche Freigabe aus der Katalogerstellung ableiten.

- static: aktueller erfolgreicher Nachweis fehlt
- pester: aktueller erfolgreicher Nachweis fehlt
- windows: aktueller erfolgreicher Nachweis fehlt
- tenant: aktueller erfolgreicher Nachweis fehlt

## Voraussetzungen

- Module: MicrosoftTeams
- Dokumentierte Graph-Scopes: Nicht angegeben; vor Tenant-Nutzung prüfen.
- Hilfsdateien: Keine lokale Hilfsdatei erkannt.

## Verwendung

Noch kein geprüftes Aufrufbeispiel dokumentiert. Parameter mit `Get-Help './16_Teams_Telephony/280_Measure-TeamsDialPlanComplexity.ps1' -Full` lesen.

## Quelle

[PowerShell-Datei auf GitHub](https://github.com/Kaffeeundcode/Intune-Scripts/blob/main/16_Teams_Telephony/280_Measure-TeamsDialPlanComplexity.ps1)

Prüfungen gelten nur für den dokumentierten Quellstand und Testumfang.
","16_Teams_Telephony","16_Teams_Telephony/280_Measure-TeamsDialPlanComplexity.ps1","unreviewed","Ungeprüft","false","elevated"
"backup-teams-dial-plans","Backup-TeamsDialPlans","# Backup-TeamsDialPlans

**Prüfstatus: Ungeprüft**

Teams Dial Plans

<!-- library-status:start -->
    Prüfstatus: Ungeprüft
    Windows- und Tenant-Abnahme ausstehend; keine pauschale Produktionsfreigabe.
    Hauptversion: 16_Teams_Telephony/172_Export-TeamsTenantDialPlans&#46;ps1
    <!-- library-status:end -->

    Sichert Teams Dial Plans aus der Teams-Telefonie.

## Prüfung

Keine fachliche Freigabe aus der Katalogerstellung ableiten.

- static: aktueller erfolgreicher Nachweis fehlt
- pester: aktueller erfolgreicher Nachweis fehlt
- windows: aktueller erfolgreicher Nachweis fehlt
- tenant: aktueller erfolgreicher Nachweis fehlt

Gleiche Implementierung: [Hauptversion](https://github.com/Kaffeeundcode/Intune-Scripts/blob/main/16_Teams_Telephony/172_Export-TeamsTenantDialPlans.ps1).

## Voraussetzungen

- Module: MicrosoftTeams
- Dokumentierte Graph-Scopes: Nicht angegeben; vor Tenant-Nutzung prüfen.
- Hilfsdateien: Keine lokale Hilfsdatei erkannt.

## Verwendung

Noch kein geprüftes Aufrufbeispiel dokumentiert. Parameter mit `Get-Help './16_Teams_Telephony/281_Backup-TeamsDialPlans.ps1' -Full` lesen.

## Quelle

[PowerShell-Datei auf GitHub](https://github.com/Kaffeeundcode/Intune-Scripts/blob/main/16_Teams_Telephony/281_Backup-TeamsDialPlans.ps1)

Prüfungen gelten nur für den dokumentierten Quellstand und Testumfang.
","16_Teams_Telephony","16_Teams_Telephony/281_Backup-TeamsDialPlans.ps1","unreviewed","Ungeprüft","false","elevated"
"get-teams-dial-plan-overview","Get-TeamsDialPlanOverview","# Get-TeamsDialPlanOverview

**Prüfstatus: Ungeprüft**

Teams Dial Plan Overview

<!-- library-status:start -->
    Prüfstatus: Ungeprüft
    Windows- und Tenant-Abnahme ausstehend; keine pauschale Produktionsfreigabe.
    Hauptversion: 16_Teams_Telephony/171_Get-TeamsTenantDialPlans&#46;ps1
    <!-- library-status:end -->

    Ruft Teams Dial Plan Overview aus der Teams-Telefonie ab.

## Prüfung

Keine fachliche Freigabe aus der Katalogerstellung ableiten.

- static: aktueller erfolgreicher Nachweis fehlt
- pester: aktueller erfolgreicher Nachweis fehlt
- windows: aktueller erfolgreicher Nachweis fehlt
- tenant: aktueller erfolgreicher Nachweis fehlt

Gleiche Implementierung: [Hauptversion](https://github.com/Kaffeeundcode/Intune-Scripts/blob/main/16_Teams_Telephony/171_Get-TeamsTenantDialPlans.ps1).

## Voraussetzungen

- Module: MicrosoftTeams
- Dokumentierte Graph-Scopes: Nicht angegeben; vor Tenant-Nutzung prüfen.
- Hilfsdateien: Keine lokale Hilfsdatei erkannt.

## Verwendung

Noch kein geprüftes Aufrufbeispiel dokumentiert. Parameter mit `Get-Help './16_Teams_Telephony/282_Get-TeamsDialPlanOverview.ps1' -Full` lesen.

## Quelle

[PowerShell-Datei auf GitHub](https://github.com/Kaffeeundcode/Intune-Scripts/blob/main/16_Teams_Telephony/282_Get-TeamsDialPlanOverview.ps1)

Prüfungen gelten nur für den dokumentierten Quellstand und Testumfang.
","16_Teams_Telephony","16_Teams_Telephony/282_Get-TeamsDialPlanOverview.ps1","unreviewed","Ungeprüft","false","elevated"
"compare-teams-dial-plan-usages","Compare-TeamsDialPlanUsages","# Compare-TeamsDialPlanUsages

**Prüfstatus: Ungeprüft**

Teams Dial Plan Usages

<!-- library-status:start -->
    Prüfstatus: Ungeprüft
    Windows- und Tenant-Abnahme ausstehend; keine pauschale Produktionsfreigabe.

    <!-- library-status:end -->

    Vergleicht Teams Dial Plan Usages in der Teams-Telefonie.

## Prüfung

Keine fachliche Freigabe aus der Katalogerstellung ableiten.

- static: aktueller erfolgreicher Nachweis fehlt
- pester: aktueller erfolgreicher Nachweis fehlt
- windows: aktueller erfolgreicher Nachweis fehlt
- tenant: aktueller erfolgreicher Nachweis fehlt

## Voraussetzungen

- Module: MicrosoftTeams
- Dokumentierte Graph-Scopes: Nicht angegeben; vor Tenant-Nutzung prüfen.
- Hilfsdateien: Keine lokale Hilfsdatei erkannt.

## Verwendung

Noch kein geprüftes Aufrufbeispiel dokumentiert. Parameter mit `Get-Help './16_Teams_Telephony/283_Compare-TeamsDialPlanUsages.ps1' -Full` lesen.

## Quelle

[PowerShell-Datei auf GitHub](https://github.com/Kaffeeundcode/Intune-Scripts/blob/main/16_Teams_Telephony/283_Compare-TeamsDialPlanUsages.ps1)

Prüfungen gelten nur für den dokumentierten Quellstand und Testumfang.
","16_Teams_Telephony","16_Teams_Telephony/283_Compare-TeamsDialPlanUsages.ps1","unreviewed","Ungeprüft","false","elevated"
"find-teams-dial-plans-with-duplicate-normalization-names","Find-TeamsDialPlansWithDuplicateNormalizationNames","# Find-TeamsDialPlansWithDuplicateNormalizationNames

**Prüfstatus: Ungeprüft**

Teams Dial Plans With Duplicate Normalization Names

<!-- library-status:start -->
    Prüfstatus: Ungeprüft
    Windows- und Tenant-Abnahme ausstehend; keine pauschale Produktionsfreigabe.

    <!-- library-status:end -->

    Identifiziert Teams Dial Plans With Duplicate Normalization Names in der Teams-Telefonie.

## Prüfung

Keine fachliche Freigabe aus der Katalogerstellung ableiten.

- static: aktueller erfolgreicher Nachweis fehlt
- pester: aktueller erfolgreicher Nachweis fehlt
- windows: aktueller erfolgreicher Nachweis fehlt
- tenant: aktueller erfolgreicher Nachweis fehlt

## Voraussetzungen

- Module: MicrosoftTeams
- Dokumentierte Graph-Scopes: Nicht angegeben; vor Tenant-Nutzung prüfen.
- Hilfsdateien: Keine lokale Hilfsdatei erkannt.

## Verwendung

Noch kein geprüftes Aufrufbeispiel dokumentiert. Parameter mit `Get-Help './16_Teams_Telephony/284_Find-TeamsDialPlansWithDuplicateNormalizationNames.ps1' -Full` lesen.

## Quelle

[PowerShell-Datei auf GitHub](https://github.com/Kaffeeundcode/Intune-Scripts/blob/main/16_Teams_Telephony/284_Find-TeamsDialPlansWithDuplicateNormalizationNames.ps1)

Prüfungen gelten nur für den dokumentierten Quellstand und Testumfang.
","16_Teams_Telephony","16_Teams_Telephony/284_Find-TeamsDialPlansWithDuplicateNormalizationNames.ps1","unreviewed","Ungeprüft","false","elevated"
"find-teams-dial-plans-with-duplicate-normalization-patterns","Find-TeamsDialPlansWithDuplicateNormalizationPatterns","# Find-TeamsDialPlansWithDuplicateNormalizationPatterns

**Prüfstatus: Ungeprüft**

Teams Dial Plans With Duplicate Normalization Patterns

<!-- library-status:start -->
    Prüfstatus: Ungeprüft
    Windows- und Tenant-Abnahme ausstehend; keine pauschale Produktionsfreigabe.

    <!-- library-status:end -->

    Identifiziert Teams Dial Plans With Duplicate Normalization Patterns in der Teams-Telefonie.

## Prüfung

Keine fachliche Freigabe aus der Katalogerstellung ableiten.

- static: aktueller erfolgreicher Nachweis fehlt
- pester: aktueller erfolgreicher Nachweis fehlt
- windows: aktueller erfolgreicher Nachweis fehlt
- tenant: aktueller erfolgreicher Nachweis fehlt

## Voraussetzungen

- Module: MicrosoftTeams
- Dokumentierte Graph-Scopes: Nicht angegeben; vor Tenant-Nutzung prüfen.
- Hilfsdateien: Keine lokale Hilfsdatei erkannt.

## Verwendung

Noch kein geprüftes Aufrufbeispiel dokumentiert. Parameter mit `Get-Help './16_Teams_Telephony/285_Find-TeamsDialPlansWithDuplicateNormalizationPatterns.ps1' -Full` lesen.

## Quelle

[PowerShell-Datei auf GitHub](https://github.com/Kaffeeundcode/Intune-Scripts/blob/main/16_Teams_Telephony/285_Find-TeamsDialPlansWithDuplicateNormalizationPatterns.ps1)

Prüfungen gelten nur für den dokumentierten Quellstand und Testumfang.
","16_Teams_Telephony","16_Teams_Telephony/285_Find-TeamsDialPlansWithDuplicateNormalizationPatterns.ps1","unreviewed","Ungeprüft","false","elevated"
"get-teams-dial-plans-by-description","Get-TeamsDialPlansByDescription","# Get-TeamsDialPlansByDescription

**Prüfstatus: Ungeprüft**

Teams Dial Plans By Description

<!-- library-status:start -->
    Prüfstatus: Ungeprüft
    Windows- und Tenant-Abnahme ausstehend; keine pauschale Produktionsfreigabe.

    <!-- library-status:end -->

    Ruft Teams Dial Plans By Description aus der Teams-Telefonie ab.

## Prüfung

Keine fachliche Freigabe aus der Katalogerstellung ableiten.

- static: aktueller erfolgreicher Nachweis fehlt
- pester: aktueller erfolgreicher Nachweis fehlt
- windows: aktueller erfolgreicher Nachweis fehlt
- tenant: aktueller erfolgreicher Nachweis fehlt

## Voraussetzungen

- Module: MicrosoftTeams
- Dokumentierte Graph-Scopes: Nicht angegeben; vor Tenant-Nutzung prüfen.
- Hilfsdateien: Keine lokale Hilfsdatei erkannt.

## Verwendung

Noch kein geprüftes Aufrufbeispiel dokumentiert. Parameter mit `Get-Help './16_Teams_Telephony/286_Get-TeamsDialPlansByDescription.ps1' -Full` lesen.

## Quelle

[PowerShell-Datei auf GitHub](https://github.com/Kaffeeundcode/Intune-Scripts/blob/main/16_Teams_Telephony/286_Get-TeamsDialPlansByDescription.ps1)

Prüfungen gelten nur für den dokumentierten Quellstand und Testumfang.
","16_Teams_Telephony","16_Teams_Telephony/286_Get-TeamsDialPlansByDescription.ps1","unreviewed","Ungeprüft","false","elevated"
"export-teams-dial-plan-normalization-rules","Export-TeamsDialPlanNormalizationRules","# Export-TeamsDialPlanNormalizationRules

**Prüfstatus: Ungeprüft**

Teams Dial Plan Normalization Rules

<!-- library-status:start -->
    Prüfstatus: Ungeprüft
    Windows- und Tenant-Abnahme ausstehend; keine pauschale Produktionsfreigabe.

    <!-- library-status:end -->

    Exportiert Teams Dial Plan Normalization Rules aus der Teams-Telefonie.

## Prüfung

Keine fachliche Freigabe aus der Katalogerstellung ableiten.

- static: aktueller erfolgreicher Nachweis fehlt
- pester: aktueller erfolgreicher Nachweis fehlt
- windows: aktueller erfolgreicher Nachweis fehlt
- tenant: aktueller erfolgreicher Nachweis fehlt

## Voraussetzungen

- Module: MicrosoftTeams
- Dokumentierte Graph-Scopes: Nicht angegeben; vor Tenant-Nutzung prüfen.
- Hilfsdateien: Keine lokale Hilfsdatei erkannt.

## Verwendung

Noch kein geprüftes Aufrufbeispiel dokumentiert. Parameter mit `Get-Help './16_Teams_Telephony/287_Export-TeamsDialPlanNormalizationRules.ps1' -Full` lesen.

## Quelle

[PowerShell-Datei auf GitHub](https://github.com/Kaffeeundcode/Intune-Scripts/blob/main/16_Teams_Telephony/287_Export-TeamsDialPlanNormalizationRules.ps1)

Prüfungen gelten nur für den dokumentierten Quellstand und Testumfang.
","16_Teams_Telephony","16_Teams_Telephony/287_Export-TeamsDialPlanNormalizationRules.ps1","unreviewed","Ungeprüft","false","elevated"
"get-teams-dial-plan-translation-patterns","Get-TeamsDialPlanTranslationPatterns","# Get-TeamsDialPlanTranslationPatterns

**Prüfstatus: Ungeprüft**

Teams Dial Plan Translation Patterns

<!-- library-status:start -->
    Prüfstatus: Ungeprüft
    Windows- und Tenant-Abnahme ausstehend; keine pauschale Produktionsfreigabe.

    <!-- library-status:end -->

    Ruft Teams Dial Plan Translation Patterns aus der Teams-Telefonie ab.

## Prüfung

Keine fachliche Freigabe aus der Katalogerstellung ableiten.

- static: aktueller erfolgreicher Nachweis fehlt
- pester: aktueller erfolgreicher Nachweis fehlt
- windows: aktueller erfolgreicher Nachweis fehlt
- tenant: aktueller erfolgreicher Nachweis fehlt

## Voraussetzungen

- Module: MicrosoftTeams
- Dokumentierte Graph-Scopes: Nicht angegeben; vor Tenant-Nutzung prüfen.
- Hilfsdateien: Keine lokale Hilfsdatei erkannt.

## Verwendung

Noch kein geprüftes Aufrufbeispiel dokumentiert. Parameter mit `Get-Help './16_Teams_Telephony/288_Get-TeamsDialPlanTranslationPatterns.ps1' -Full` lesen.

## Quelle

[PowerShell-Datei auf GitHub](https://github.com/Kaffeeundcode/Intune-Scripts/blob/main/16_Teams_Telephony/288_Get-TeamsDialPlanTranslationPatterns.ps1)

Prüfungen gelten nur für den dokumentierten Quellstand und Testumfang.
","16_Teams_Telephony","16_Teams_Telephony/288_Get-TeamsDialPlanTranslationPatterns.ps1","unreviewed","Ungeprüft","false","elevated"
"get-teams-dial-plan-pstn-usages","Get-TeamsDialPlanPstnUsages","# Get-TeamsDialPlanPstnUsages

**Prüfstatus: Ungeprüft**

Teams Dial Plan Pstn Usages

<!-- library-status:start -->
    Prüfstatus: Ungeprüft
    Windows- und Tenant-Abnahme ausstehend; keine pauschale Produktionsfreigabe.

    <!-- library-status:end -->

    Ruft Teams Dial Plan Pstn Usages aus der Teams-Telefonie ab.

## Prüfung

Keine fachliche Freigabe aus der Katalogerstellung ableiten.

- static: aktueller erfolgreicher Nachweis fehlt
- pester: aktueller erfolgreicher Nachweis fehlt
- windows: aktueller erfolgreicher Nachweis fehlt
- tenant: aktueller erfolgreicher Nachweis fehlt

## Voraussetzungen

- Module: MicrosoftTeams
- Dokumentierte Graph-Scopes: Nicht angegeben; vor Tenant-Nutzung prüfen.
- Hilfsdateien: Keine lokale Hilfsdatei erkannt.

## Verwendung

Noch kein geprüftes Aufrufbeispiel dokumentiert. Parameter mit `Get-Help './16_Teams_Telephony/289_Get-TeamsDialPlanPstnUsages.ps1' -Full` lesen.

## Quelle

[PowerShell-Datei auf GitHub](https://github.com/Kaffeeundcode/Intune-Scripts/blob/main/16_Teams_Telephony/289_Get-TeamsDialPlanPstnUsages.ps1)

Prüfungen gelten nur für den dokumentierten Quellstand und Testumfang.
","16_Teams_Telephony","16_Teams_Telephony/289_Get-TeamsDialPlanPstnUsages.ps1","unreviewed","Ungeprüft","false","elevated"
"find-teams-dial-plans-without-pstn-usage","Find-TeamsDialPlansWithoutPstnUsage","# Find-TeamsDialPlansWithoutPstnUsage

**Prüfstatus: Bekannte Fehler**

Teams Dial Plans Without Pstn Usage

<!-- library-status:start -->
    Prüfstatus: Bekannte Fehler
    PSTN-Usage-Zuordnung gehoert zur Voice-Routing-Konfiguration.

    <!-- library-status:end -->

    Identifiziert Teams Dial Plans Without Pstn Usage in der Teams-Telefonie.

## Prüfung

- PSTN-Usage-Zuordnung gehoert zur Voice-Routing-Konfiguration.

- static: aktueller erfolgreicher Nachweis fehlt
- pester: aktueller erfolgreicher Nachweis fehlt
- windows: aktueller erfolgreicher Nachweis fehlt
- tenant: aktueller erfolgreicher Nachweis fehlt

## Voraussetzungen

- Module: MicrosoftTeams
- Dokumentierte Graph-Scopes: Nicht angegeben; vor Tenant-Nutzung prüfen.
- Hilfsdateien: Keine lokale Hilfsdatei erkannt.

## Verwendung

Noch kein geprüftes Aufrufbeispiel dokumentiert. Parameter mit `Get-Help './16_Teams_Telephony/290_Find-TeamsDialPlansWithoutPstnUsage.ps1' -Full` lesen.

## Quelle

[PowerShell-Datei auf GitHub](https://github.com/Kaffeeundcode/Intune-Scripts/blob/main/16_Teams_Telephony/290_Find-TeamsDialPlansWithoutPstnUsage.ps1)

Prüfungen gelten nur für den dokumentierten Quellstand und Testumfang.
","16_Teams_Telephony","16_Teams_Telephony/290_Find-TeamsDialPlansWithoutPstnUsage.ps1","known_issues","Bekannte Fehler","false","elevated"
"get-teams-tenant-dial-plan-summary","Get-TeamsTenantDialPlanSummary","# Get-TeamsTenantDialPlanSummary

**Prüfstatus: Ungeprüft**

Teams Tenant Dial Plan Summary

<!-- library-status:start -->
    Prüfstatus: Ungeprüft
    Windows- und Tenant-Abnahme ausstehend; keine pauschale Produktionsfreigabe.

    <!-- library-status:end -->

    Ruft Teams Tenant Dial Plan Summary aus der Teams-Telefonie ab.

## Prüfung

Keine fachliche Freigabe aus der Katalogerstellung ableiten.

- static: aktueller erfolgreicher Nachweis fehlt
- pester: aktueller erfolgreicher Nachweis fehlt
- windows: aktueller erfolgreicher Nachweis fehlt
- tenant: aktueller erfolgreicher Nachweis fehlt

## Voraussetzungen

- Module: MicrosoftTeams
- Dokumentierte Graph-Scopes: Nicht angegeben; vor Tenant-Nutzung prüfen.
- Hilfsdateien: Keine lokale Hilfsdatei erkannt.

## Verwendung

Noch kein geprüftes Aufrufbeispiel dokumentiert. Parameter mit `Get-Help './16_Teams_Telephony/291_Get-TeamsTenantDialPlanSummary.ps1' -Full` lesen.

## Quelle

[PowerShell-Datei auf GitHub](https://github.com/Kaffeeundcode/Intune-Scripts/blob/main/16_Teams_Telephony/291_Get-TeamsTenantDialPlanSummary.ps1)

Prüfungen gelten nur für den dokumentierten Quellstand und Testumfang.
","16_Teams_Telephony","16_Teams_Telephony/291_Get-TeamsTenantDialPlanSummary.ps1","unreviewed","Ungeprüft","false","elevated"
"get-teams-emergency-calling-policies-overview","Get-TeamsEmergencyCallingPoliciesOverview","# Get-TeamsEmergencyCallingPoliciesOverview

**Prüfstatus: Ungeprüft**

Teams Emergency Calling Policies Overview

<!-- library-status:start -->
    Prüfstatus: Ungeprüft
    Windows- und Tenant-Abnahme ausstehend; keine pauschale Produktionsfreigabe.
    Hauptversion: 16_Teams_Telephony/185_Get-TeamsEmergencyCallingPolicies&#46;ps1
    <!-- library-status:end -->

    Ruft Teams Emergency Calling Policies Overview aus der Teams-Telefonie ab.

## Prüfung

Keine fachliche Freigabe aus der Katalogerstellung ableiten.

- static: aktueller erfolgreicher Nachweis fehlt
- pester: aktueller erfolgreicher Nachweis fehlt
- windows: aktueller erfolgreicher Nachweis fehlt
- tenant: aktueller erfolgreicher Nachweis fehlt

Gleiche Implementierung: [Hauptversion](https://github.com/Kaffeeundcode/Intune-Scripts/blob/main/16_Teams_Telephony/185_Get-TeamsEmergencyCallingPolicies.ps1).

## Voraussetzungen

- Module: MicrosoftTeams
- Dokumentierte Graph-Scopes: Nicht angegeben; vor Tenant-Nutzung prüfen.
- Hilfsdateien: Keine lokale Hilfsdatei erkannt.

## Verwendung

Noch kein geprüftes Aufrufbeispiel dokumentiert. Parameter mit `Get-Help './16_Teams_Telephony/292_Get-TeamsEmergencyCallingPoliciesOverview.ps1' -Full` lesen.

## Quelle

[PowerShell-Datei auf GitHub](https://github.com/Kaffeeundcode/Intune-Scripts/blob/main/16_Teams_Telephony/292_Get-TeamsEmergencyCallingPoliciesOverview.ps1)

Prüfungen gelten nur für den dokumentierten Quellstand und Testumfang.
","16_Teams_Telephony","16_Teams_Telephony/292_Get-TeamsEmergencyCallingPoliciesOverview.ps1","unreviewed","Ungeprüft","false","elevated"
"export-teams-emergency-calling-policies-overview","Export-TeamsEmergencyCallingPoliciesOverview","# Export-TeamsEmergencyCallingPoliciesOverview

**Prüfstatus: Ungeprüft**

Teams Emergency Calling Policies Overview

<!-- library-status:start -->
    Prüfstatus: Ungeprüft
    Windows- und Tenant-Abnahme ausstehend; keine pauschale Produktionsfreigabe.
    Hauptversion: 16_Teams_Telephony/186_Export-TeamsEmergencyCallingPolicies&#46;ps1
    <!-- library-status:end -->

    Exportiert Teams Emergency Calling Policies Overview aus der Teams-Telefonie.

## Prüfung

Keine fachliche Freigabe aus der Katalogerstellung ableiten.

- static: aktueller erfolgreicher Nachweis fehlt
- pester: aktueller erfolgreicher Nachweis fehlt
- windows: aktueller erfolgreicher Nachweis fehlt
- tenant: aktueller erfolgreicher Nachweis fehlt

Gleiche Implementierung: [Hauptversion](https://github.com/Kaffeeundcode/Intune-Scripts/blob/main/16_Teams_Telephony/186_Export-TeamsEmergencyCallingPolicies.ps1).

## Voraussetzungen

- Module: MicrosoftTeams
- Dokumentierte Graph-Scopes: Nicht angegeben; vor Tenant-Nutzung prüfen.
- Hilfsdateien: Keine lokale Hilfsdatei erkannt.

## Verwendung

Noch kein geprüftes Aufrufbeispiel dokumentiert. Parameter mit `Get-Help './16_Teams_Telephony/293_Export-TeamsEmergencyCallingPoliciesOverview.ps1' -Full` lesen.

## Quelle

[PowerShell-Datei auf GitHub](https://github.com/Kaffeeundcode/Intune-Scripts/blob/main/16_Teams_Telephony/293_Export-TeamsEmergencyCallingPoliciesOverview.ps1)

Prüfungen gelten nur für den dokumentierten Quellstand und Testumfang.
","16_Teams_Telephony","16_Teams_Telephony/293_Export-TeamsEmergencyCallingPoliciesOverview.ps1","unreviewed","Ungeprüft","false","elevated"
"get-teams-emergency-call-routing-policies-overview","Get-TeamsEmergencyCallRoutingPoliciesOverview","# Get-TeamsEmergencyCallRoutingPoliciesOverview

**Prüfstatus: Ungeprüft**

Teams Emergency Call Routing Policies Overview

<!-- library-status:start -->
    Prüfstatus: Ungeprüft
    Windows- und Tenant-Abnahme ausstehend; keine pauschale Produktionsfreigabe.
    Hauptversion: 16_Teams_Telephony/187_Get-TeamsEmergencyCallRoutingPolicies&#46;ps1
    <!-- library-status:end -->

    Ruft Teams Emergency Call Routing Policies Overview aus der Teams-Telefonie ab.

## Prüfung

Keine fachliche Freigabe aus der Katalogerstellung ableiten.

- static: aktueller erfolgreicher Nachweis fehlt
- pester: aktueller erfolgreicher Nachweis fehlt
- windows: aktueller erfolgreicher Nachweis fehlt
- tenant: aktueller erfolgreicher Nachweis fehlt

Gleiche Implementierung: [Hauptversion](https://github.com/Kaffeeundcode/Intune-Scripts/blob/main/16_Teams_Telephony/187_Get-TeamsEmergencyCallRoutingPolicies.ps1).

## Voraussetzungen

- Module: MicrosoftTeams
- Dokumentierte Graph-Scopes: Nicht angegeben; vor Tenant-Nutzung prüfen.
- Hilfsdateien: Keine lokale Hilfsdatei erkannt.

## Verwendung

Noch kein geprüftes Aufrufbeispiel dokumentiert. Parameter mit `Get-Help './16_Teams_Telephony/294_Get-TeamsEmergencyCallRoutingPoliciesOverview.ps1' -Full` lesen.

## Quelle

[PowerShell-Datei auf GitHub](https://github.com/Kaffeeundcode/Intune-Scripts/blob/main/16_Teams_Telephony/294_Get-TeamsEmergencyCallRoutingPoliciesOverview.ps1)

Prüfungen gelten nur für den dokumentierten Quellstand und Testumfang.
","16_Teams_Telephony","16_Teams_Telephony/294_Get-TeamsEmergencyCallRoutingPoliciesOverview.ps1","unreviewed","Ungeprüft","false","elevated"
"export-teams-emergency-call-routing-policies-overview","Export-TeamsEmergencyCallRoutingPoliciesOverview","# Export-TeamsEmergencyCallRoutingPoliciesOverview

**Prüfstatus: Ungeprüft**

Teams Emergency Call Routing Policies Overview

<!-- library-status:start -->
    Prüfstatus: Ungeprüft
    Windows- und Tenant-Abnahme ausstehend; keine pauschale Produktionsfreigabe.
    Hauptversion: 16_Teams_Telephony/188_Export-TeamsEmergencyCallRoutingPolicies&#46;ps1
    <!-- library-status:end -->

    Exportiert Teams Emergency Call Routing Policies Overview aus der Teams-Telefonie.

## Prüfung

Keine fachliche Freigabe aus der Katalogerstellung ableiten.

- static: aktueller erfolgreicher Nachweis fehlt
- pester: aktueller erfolgreicher Nachweis fehlt
- windows: aktueller erfolgreicher Nachweis fehlt
- tenant: aktueller erfolgreicher Nachweis fehlt

Gleiche Implementierung: [Hauptversion](https://github.com/Kaffeeundcode/Intune-Scripts/blob/main/16_Teams_Telephony/188_Export-TeamsEmergencyCallRoutingPolicies.ps1).

## Voraussetzungen

- Module: MicrosoftTeams
- Dokumentierte Graph-Scopes: Nicht angegeben; vor Tenant-Nutzung prüfen.
- Hilfsdateien: Keine lokale Hilfsdatei erkannt.

## Verwendung

Noch kein geprüftes Aufrufbeispiel dokumentiert. Parameter mit `Get-Help './16_Teams_Telephony/295_Export-TeamsEmergencyCallRoutingPoliciesOverview.ps1' -Full` lesen.

## Quelle

[PowerShell-Datei auf GitHub](https://github.com/Kaffeeundcode/Intune-Scripts/blob/main/16_Teams_Telephony/295_Export-TeamsEmergencyCallRoutingPoliciesOverview.ps1)

Prüfungen gelten nur für den dokumentierten Quellstand und Testumfang.
","16_Teams_Telephony","16_Teams_Telephony/295_Export-TeamsEmergencyCallRoutingPoliciesOverview.ps1","unreviewed","Ungeprüft","false","elevated"
"get-teams-lis-location-inventory","Get-TeamsLisLocationInventory","# Get-TeamsLisLocationInventory

**Prüfstatus: Ungeprüft**

Teams Lis Location Inventory

<!-- library-status:start -->
    Prüfstatus: Ungeprüft
    Windows- und Tenant-Abnahme ausstehend; keine pauschale Produktionsfreigabe.

    <!-- library-status:end -->

    Ruft Teams Lis Location Inventory aus der Teams-Telefonie ab.

## Prüfung

Keine fachliche Freigabe aus der Katalogerstellung ableiten.

- static: aktueller erfolgreicher Nachweis fehlt
- pester: aktueller erfolgreicher Nachweis fehlt
- windows: aktueller erfolgreicher Nachweis fehlt
- tenant: aktueller erfolgreicher Nachweis fehlt

## Voraussetzungen

- Module: MicrosoftTeams
- Dokumentierte Graph-Scopes: Nicht angegeben; vor Tenant-Nutzung prüfen.
- Hilfsdateien: Keine lokale Hilfsdatei erkannt.

## Verwendung

Noch kein geprüftes Aufrufbeispiel dokumentiert. Parameter mit `Get-Help './16_Teams_Telephony/296_Get-TeamsLisLocationInventory.ps1' -Full` lesen.

## Quelle

[PowerShell-Datei auf GitHub](https://github.com/Kaffeeundcode/Intune-Scripts/blob/main/16_Teams_Telephony/296_Get-TeamsLisLocationInventory.ps1)

Prüfungen gelten nur für den dokumentierten Quellstand und Testumfang.
","16_Teams_Telephony","16_Teams_Telephony/296_Get-TeamsLisLocationInventory.ps1","unreviewed","Ungeprüft","false","elevated"
"export-teams-lis-location-inventory","Export-TeamsLisLocationInventory","# Export-TeamsLisLocationInventory

**Prüfstatus: Ungeprüft**

Teams Lis Location Inventory

<!-- library-status:start -->
    Prüfstatus: Ungeprüft
    Windows- und Tenant-Abnahme ausstehend; keine pauschale Produktionsfreigabe.

    <!-- library-status:end -->

    Exportiert Teams Lis Location Inventory aus der Teams-Telefonie.

## Prüfung

Keine fachliche Freigabe aus der Katalogerstellung ableiten.

- static: aktueller erfolgreicher Nachweis fehlt
- pester: aktueller erfolgreicher Nachweis fehlt
- windows: aktueller erfolgreicher Nachweis fehlt
- tenant: aktueller erfolgreicher Nachweis fehlt

## Voraussetzungen

- Module: MicrosoftTeams
- Dokumentierte Graph-Scopes: Nicht angegeben; vor Tenant-Nutzung prüfen.
- Hilfsdateien: Keine lokale Hilfsdatei erkannt.

## Verwendung

Noch kein geprüftes Aufrufbeispiel dokumentiert. Parameter mit `Get-Help './16_Teams_Telephony/297_Export-TeamsLisLocationInventory.ps1' -Full` lesen.

## Quelle

[PowerShell-Datei auf GitHub](https://github.com/Kaffeeundcode/Intune-Scripts/blob/main/16_Teams_Telephony/297_Export-TeamsLisLocationInventory.ps1)

Prüfungen gelten nur für den dokumentierten Quellstand und Testumfang.
","16_Teams_Telephony","16_Teams_Telephony/297_Export-TeamsLisLocationInventory.ps1","unreviewed","Ungeprüft","false","elevated"
"get-teams-lis-civic-address-inventory","Get-TeamsLisCivicAddressInventory","# Get-TeamsLisCivicAddressInventory

**Prüfstatus: Ungeprüft**

Teams Lis Civic Address Inventory

<!-- library-status:start -->
    Prüfstatus: Ungeprüft
    Windows- und Tenant-Abnahme ausstehend; keine pauschale Produktionsfreigabe.

    <!-- library-status:end -->

    Ruft Teams Lis Civic Address Inventory aus der Teams-Telefonie ab.

## Prüfung

Keine fachliche Freigabe aus der Katalogerstellung ableiten.

- static: aktueller erfolgreicher Nachweis fehlt
- pester: aktueller erfolgreicher Nachweis fehlt
- windows: aktueller erfolgreicher Nachweis fehlt
- tenant: aktueller erfolgreicher Nachweis fehlt

## Voraussetzungen

- Module: MicrosoftTeams
- Dokumentierte Graph-Scopes: Nicht angegeben; vor Tenant-Nutzung prüfen.
- Hilfsdateien: Keine lokale Hilfsdatei erkannt.

## Verwendung

Noch kein geprüftes Aufrufbeispiel dokumentiert. Parameter mit `Get-Help './16_Teams_Telephony/298_Get-TeamsLisCivicAddressInventory.ps1' -Full` lesen.

## Quelle

[PowerShell-Datei auf GitHub](https://github.com/Kaffeeundcode/Intune-Scripts/blob/main/16_Teams_Telephony/298_Get-TeamsLisCivicAddressInventory.ps1)

Prüfungen gelten nur für den dokumentierten Quellstand und Testumfang.
","16_Teams_Telephony","16_Teams_Telephony/298_Get-TeamsLisCivicAddressInventory.ps1","unreviewed","Ungeprüft","false","elevated"
"export-teams-lis-civic-address-inventory","Export-TeamsLisCivicAddressInventory","# Export-TeamsLisCivicAddressInventory

**Prüfstatus: Ungeprüft**

Teams Lis Civic Address Inventory

<!-- library-status:start -->
    Prüfstatus: Ungeprüft
    Windows- und Tenant-Abnahme ausstehend; keine pauschale Produktionsfreigabe.

    <!-- library-status:end -->

    Exportiert Teams Lis Civic Address Inventory aus der Teams-Telefonie.

## Prüfung

Keine fachliche Freigabe aus der Katalogerstellung ableiten.

- static: aktueller erfolgreicher Nachweis fehlt
- pester: aktueller erfolgreicher Nachweis fehlt
- windows: aktueller erfolgreicher Nachweis fehlt
- tenant: aktueller erfolgreicher Nachweis fehlt

## Voraussetzungen

- Module: MicrosoftTeams
- Dokumentierte Graph-Scopes: Nicht angegeben; vor Tenant-Nutzung prüfen.
- Hilfsdateien: Keine lokale Hilfsdatei erkannt.

## Verwendung

Noch kein geprüftes Aufrufbeispiel dokumentiert. Parameter mit `Get-Help './16_Teams_Telephony/299_Export-TeamsLisCivicAddressInventory.ps1' -Full` lesen.

## Quelle

[PowerShell-Datei auf GitHub](https://github.com/Kaffeeundcode/Intune-Scripts/blob/main/16_Teams_Telephony/299_Export-TeamsLisCivicAddressInventory.ps1)

Prüfungen gelten nur für den dokumentierten Quellstand und Testumfang.
","16_Teams_Telephony","16_Teams_Telephony/299_Export-TeamsLisCivicAddressInventory.ps1","unreviewed","Ungeprüft","false","elevated"
"find-teams-lis-locations-without-network-mapping","Find-TeamsLisLocationsWithoutNetworkMapping","# Find-TeamsLisLocationsWithoutNetworkMapping

**Prüfstatus: Bekannte Fehler**

Teams Lis Locations Without Network Mapping

<!-- library-status:start -->
    Prüfstatus: Bekannte Fehler
    Netzwerkzuordnung wird nicht gegen LIS-Netzwerkobjekte aufgeloest.

    <!-- library-status:end -->

    Identifiziert Teams Lis Locations Without Network Mapping in der Teams-Telefonie.

## Prüfung

- Netzwerkzuordnung wird nicht gegen LIS-Netzwerkobjekte aufgeloest.

- static: aktueller erfolgreicher Nachweis fehlt
- pester: aktueller erfolgreicher Nachweis fehlt
- windows: aktueller erfolgreicher Nachweis fehlt
- tenant: aktueller erfolgreicher Nachweis fehlt

## Voraussetzungen

- Module: MicrosoftTeams
- Dokumentierte Graph-Scopes: Nicht angegeben; vor Tenant-Nutzung prüfen.
- Hilfsdateien: Keine lokale Hilfsdatei erkannt.

## Verwendung

Noch kein geprüftes Aufrufbeispiel dokumentiert. Parameter mit `Get-Help './16_Teams_Telephony/300_Find-TeamsLisLocationsWithoutNetworkMapping.ps1' -Full` lesen.

## Quelle

[PowerShell-Datei auf GitHub](https://github.com/Kaffeeundcode/Intune-Scripts/blob/main/16_Teams_Telephony/300_Find-TeamsLisLocationsWithoutNetworkMapping.ps1)

Prüfungen gelten nur für den dokumentierten Quellstand und Testumfang.
","16_Teams_Telephony","16_Teams_Telephony/300_Find-TeamsLisLocationsWithoutNetworkMapping.ps1","known_issues","Bekannte Fehler","false","elevated"
"get-teams-tenant-network-site-inventory","Get-TeamsTenantNetworkSiteInventory","# Get-TeamsTenantNetworkSiteInventory

**Prüfstatus: Ungeprüft**

Teams Tenant Network Site Inventory

<!-- library-status:start -->
    Prüfstatus: Ungeprüft
    Windows- und Tenant-Abnahme ausstehend; keine pauschale Produktionsfreigabe.

    <!-- library-status:end -->

    Ruft Teams Tenant Network Site Inventory aus der Teams-Telefonie ab.

## Prüfung

Keine fachliche Freigabe aus der Katalogerstellung ableiten.

- static: aktueller erfolgreicher Nachweis fehlt
- pester: aktueller erfolgreicher Nachweis fehlt
- windows: aktueller erfolgreicher Nachweis fehlt
- tenant: aktueller erfolgreicher Nachweis fehlt

## Voraussetzungen

- Module: MicrosoftTeams
- Dokumentierte Graph-Scopes: Nicht angegeben; vor Tenant-Nutzung prüfen.
- Hilfsdateien: Keine lokale Hilfsdatei erkannt.

## Verwendung

Noch kein geprüftes Aufrufbeispiel dokumentiert. Parameter mit `Get-Help './16_Teams_Telephony/301_Get-TeamsTenantNetworkSiteInventory.ps1' -Full` lesen.

## Quelle

[PowerShell-Datei auf GitHub](https://github.com/Kaffeeundcode/Intune-Scripts/blob/main/16_Teams_Telephony/301_Get-TeamsTenantNetworkSiteInventory.ps1)

Prüfungen gelten nur für den dokumentierten Quellstand und Testumfang.
","16_Teams_Telephony","16_Teams_Telephony/301_Get-TeamsTenantNetworkSiteInventory.ps1","unreviewed","Ungeprüft","false","elevated"
"export-teams-tenant-network-site-inventory","Export-TeamsTenantNetworkSiteInventory","# Export-TeamsTenantNetworkSiteInventory

**Prüfstatus: Ungeprüft**

Teams Tenant Network Site Inventory

<!-- library-status:start -->
    Prüfstatus: Ungeprüft
    Windows- und Tenant-Abnahme ausstehend; keine pauschale Produktionsfreigabe.

    <!-- library-status:end -->

    Exportiert Teams Tenant Network Site Inventory aus der Teams-Telefonie.

## Prüfung

Keine fachliche Freigabe aus der Katalogerstellung ableiten.

- static: aktueller erfolgreicher Nachweis fehlt
- pester: aktueller erfolgreicher Nachweis fehlt
- windows: aktueller erfolgreicher Nachweis fehlt
- tenant: aktueller erfolgreicher Nachweis fehlt

## Voraussetzungen

- Module: MicrosoftTeams
- Dokumentierte Graph-Scopes: Nicht angegeben; vor Tenant-Nutzung prüfen.
- Hilfsdateien: Keine lokale Hilfsdatei erkannt.

## Verwendung

Noch kein geprüftes Aufrufbeispiel dokumentiert. Parameter mit `Get-Help './16_Teams_Telephony/302_Export-TeamsTenantNetworkSiteInventory.ps1' -Full` lesen.

## Quelle

[PowerShell-Datei auf GitHub](https://github.com/Kaffeeundcode/Intune-Scripts/blob/main/16_Teams_Telephony/302_Export-TeamsTenantNetworkSiteInventory.ps1)

Prüfungen gelten nur für den dokumentierten Quellstand und Testumfang.
","16_Teams_Telephony","16_Teams_Telephony/302_Export-TeamsTenantNetworkSiteInventory.ps1","unreviewed","Ungeprüft","false","elevated"
"get-teams-tenant-network-subnet-inventory","Get-TeamsTenantNetworkSubnetInventory","# Get-TeamsTenantNetworkSubnetInventory

**Prüfstatus: Ungeprüft**

Teams Tenant Network Subnet Inventory

<!-- library-status:start -->
    Prüfstatus: Ungeprüft
    Windows- und Tenant-Abnahme ausstehend; keine pauschale Produktionsfreigabe.

    <!-- library-status:end -->

    Ruft Teams Tenant Network Subnet Inventory aus der Teams-Telefonie ab.

## Prüfung

Keine fachliche Freigabe aus der Katalogerstellung ableiten.

- static: aktueller erfolgreicher Nachweis fehlt
- pester: aktueller erfolgreicher Nachweis fehlt
- windows: aktueller erfolgreicher Nachweis fehlt
- tenant: aktueller erfolgreicher Nachweis fehlt

## Voraussetzungen

- Module: MicrosoftTeams
- Dokumentierte Graph-Scopes: Nicht angegeben; vor Tenant-Nutzung prüfen.
- Hilfsdateien: Keine lokale Hilfsdatei erkannt.

## Verwendung

Noch kein geprüftes Aufrufbeispiel dokumentiert. Parameter mit `Get-Help './16_Teams_Telephony/303_Get-TeamsTenantNetworkSubnetInventory.ps1' -Full` lesen.

## Quelle

[PowerShell-Datei auf GitHub](https://github.com/Kaffeeundcode/Intune-Scripts/blob/main/16_Teams_Telephony/303_Get-TeamsTenantNetworkSubnetInventory.ps1)

Prüfungen gelten nur für den dokumentierten Quellstand und Testumfang.
","16_Teams_Telephony","16_Teams_Telephony/303_Get-TeamsTenantNetworkSubnetInventory.ps1","unreviewed","Ungeprüft","false","elevated"
"export-teams-tenant-network-subnet-inventory","Export-TeamsTenantNetworkSubnetInventory","# Export-TeamsTenantNetworkSubnetInventory

**Prüfstatus: Ungeprüft**

Teams Tenant Network Subnet Inventory

<!-- library-status:start -->
    Prüfstatus: Ungeprüft
    Windows- und Tenant-Abnahme ausstehend; keine pauschale Produktionsfreigabe.

    <!-- library-status:end -->

    Exportiert Teams Tenant Network Subnet Inventory aus der Teams-Telefonie.

## Prüfung

Keine fachliche Freigabe aus der Katalogerstellung ableiten.

- static: aktueller erfolgreicher Nachweis fehlt
- pester: aktueller erfolgreicher Nachweis fehlt
- windows: aktueller erfolgreicher Nachweis fehlt
- tenant: aktueller erfolgreicher Nachweis fehlt

## Voraussetzungen

- Module: MicrosoftTeams
- Dokumentierte Graph-Scopes: Nicht angegeben; vor Tenant-Nutzung prüfen.
- Hilfsdateien: Keine lokale Hilfsdatei erkannt.

## Verwendung

Noch kein geprüftes Aufrufbeispiel dokumentiert. Parameter mit `Get-Help './16_Teams_Telephony/304_Export-TeamsTenantNetworkSubnetInventory.ps1' -Full` lesen.

## Quelle

[PowerShell-Datei auf GitHub](https://github.com/Kaffeeundcode/Intune-Scripts/blob/main/16_Teams_Telephony/304_Export-TeamsTenantNetworkSubnetInventory.ps1)

Prüfungen gelten nur für den dokumentierten Quellstand und Testumfang.
","16_Teams_Telephony","16_Teams_Telephony/304_Export-TeamsTenantNetworkSubnetInventory.ps1","unreviewed","Ungeprüft","false","elevated"
"find-teams-network-subnets-without-sites","Find-TeamsNetworkSubnetsWithoutSites","# Find-TeamsNetworkSubnetsWithoutSites

**Prüfstatus: Ungeprüft**

Teams Network Subnets Without Sites

<!-- library-status:start -->
    Prüfstatus: Ungeprüft
    Windows- und Tenant-Abnahme ausstehend; keine pauschale Produktionsfreigabe.

    <!-- library-status:end -->

    Identifiziert Teams Network Subnets Without Sites in der Teams-Telefonie.

## Prüfung

Keine fachliche Freigabe aus der Katalogerstellung ableiten.

- static: aktueller erfolgreicher Nachweis fehlt
- pester: aktueller erfolgreicher Nachweis fehlt
- windows: aktueller erfolgreicher Nachweis fehlt
- tenant: aktueller erfolgreicher Nachweis fehlt

## Voraussetzungen

- Module: MicrosoftTeams
- Dokumentierte Graph-Scopes: Nicht angegeben; vor Tenant-Nutzung prüfen.
- Hilfsdateien: Keine lokale Hilfsdatei erkannt.

## Verwendung

Noch kein geprüftes Aufrufbeispiel dokumentiert. Parameter mit `Get-Help './16_Teams_Telephony/305_Find-TeamsNetworkSubnetsWithoutSites.ps1' -Full` lesen.

## Quelle

[PowerShell-Datei auf GitHub](https://github.com/Kaffeeundcode/Intune-Scripts/blob/main/16_Teams_Telephony/305_Find-TeamsNetworkSubnetsWithoutSites.ps1)

Prüfungen gelten nur für den dokumentierten Quellstand und Testumfang.
","16_Teams_Telephony","16_Teams_Telephony/305_Find-TeamsNetworkSubnetsWithoutSites.ps1","unreviewed","Ungeprüft","false","elevated"
"compare-teams-emergency-policies-and-network-sites","Compare-TeamsEmergencyPoliciesAndNetworkSites","# Compare-TeamsEmergencyPoliciesAndNetworkSites

**Prüfstatus: Ungeprüft**

Teams Emergency Policies And Network Sites

<!-- library-status:start -->
    Prüfstatus: Ungeprüft
    Windows- und Tenant-Abnahme ausstehend; keine pauschale Produktionsfreigabe.

    <!-- library-status:end -->

    Vergleicht Teams Emergency Policies And Network Sites in der Teams-Telefonie.

## Prüfung

Keine fachliche Freigabe aus der Katalogerstellung ableiten.

- static: aktueller erfolgreicher Nachweis fehlt
- pester: aktueller erfolgreicher Nachweis fehlt
- windows: aktueller erfolgreicher Nachweis fehlt
- tenant: aktueller erfolgreicher Nachweis fehlt

## Voraussetzungen

- Module: MicrosoftTeams
- Dokumentierte Graph-Scopes: Nicht angegeben; vor Tenant-Nutzung prüfen.
- Hilfsdateien: Keine lokale Hilfsdatei erkannt.

## Verwendung

Noch kein geprüftes Aufrufbeispiel dokumentiert. Parameter mit `Get-Help './16_Teams_Telephony/306_Compare-TeamsEmergencyPoliciesAndNetworkSites.ps1' -Full` lesen.

## Quelle

[PowerShell-Datei auf GitHub](https://github.com/Kaffeeundcode/Intune-Scripts/blob/main/16_Teams_Telephony/306_Compare-TeamsEmergencyPoliciesAndNetworkSites.ps1)

Prüfungen gelten nur für den dokumentierten Quellstand und Testumfang.
","16_Teams_Telephony","16_Teams_Telephony/306_Compare-TeamsEmergencyPoliciesAndNetworkSites.ps1","unreviewed","Ungeprüft","false","elevated"
"measure-teams-emergency-address-coverage","Measure-TeamsEmergencyAddressCoverage","# Measure-TeamsEmergencyAddressCoverage

**Prüfstatus: Ungeprüft**

Teams Emergency Address Coverage

<!-- library-status:start -->
    Prüfstatus: Ungeprüft
    Windows- und Tenant-Abnahme ausstehend; keine pauschale Produktionsfreigabe.

    <!-- library-status:end -->

    Misst Teams Emergency Address Coverage in der Teams-Telefonie.

## Prüfung

Keine fachliche Freigabe aus der Katalogerstellung ableiten.

- static: aktueller erfolgreicher Nachweis fehlt
- pester: aktueller erfolgreicher Nachweis fehlt
- windows: aktueller erfolgreicher Nachweis fehlt
- tenant: aktueller erfolgreicher Nachweis fehlt

## Voraussetzungen

- Module: MicrosoftTeams
- Dokumentierte Graph-Scopes: Nicht angegeben; vor Tenant-Nutzung prüfen.
- Hilfsdateien: Keine lokale Hilfsdatei erkannt.

## Verwendung

Noch kein geprüftes Aufrufbeispiel dokumentiert. Parameter mit `Get-Help './16_Teams_Telephony/307_Measure-TeamsEmergencyAddressCoverage.ps1' -Full` lesen.

## Quelle

[PowerShell-Datei auf GitHub](https://github.com/Kaffeeundcode/Intune-Scripts/blob/main/16_Teams_Telephony/307_Measure-TeamsEmergencyAddressCoverage.ps1)

Prüfungen gelten nur für den dokumentierten Quellstand und Testumfang.
","16_Teams_Telephony","16_Teams_Telephony/307_Measure-TeamsEmergencyAddressCoverage.ps1","unreviewed","Ungeprüft","false","elevated"
"test-teams-emergency-policy-naming-standard","Test-TeamsEmergencyPolicyNamingStandard","# Test-TeamsEmergencyPolicyNamingStandard

**Prüfstatus: Ungeprüft**

Teams Emergency Policy Naming Standard

<!-- library-status:start -->
    Prüfstatus: Ungeprüft
    Windows- und Tenant-Abnahme ausstehend; keine pauschale Produktionsfreigabe.

    <!-- library-status:end -->

    Prueft Teams Emergency Policy Naming Standard in der Teams-Telefonie.

## Prüfung

Keine fachliche Freigabe aus der Katalogerstellung ableiten.

- static: aktueller erfolgreicher Nachweis fehlt
- pester: aktueller erfolgreicher Nachweis fehlt
- windows: aktueller erfolgreicher Nachweis fehlt
- tenant: aktueller erfolgreicher Nachweis fehlt

## Voraussetzungen

- Module: MicrosoftTeams
- Dokumentierte Graph-Scopes: Nicht angegeben; vor Tenant-Nutzung prüfen.
- Hilfsdateien: Keine lokale Hilfsdatei erkannt.

## Verwendung

Noch kein geprüftes Aufrufbeispiel dokumentiert. Parameter mit `Get-Help './16_Teams_Telephony/308_Test-TeamsEmergencyPolicyNamingStandard.ps1' -Full` lesen.

## Quelle

[PowerShell-Datei auf GitHub](https://github.com/Kaffeeundcode/Intune-Scripts/blob/main/16_Teams_Telephony/308_Test-TeamsEmergencyPolicyNamingStandard.ps1)

Prüfungen gelten nur für den dokumentierten Quellstand und Testumfang.
","16_Teams_Telephony","16_Teams_Telephony/308_Test-TeamsEmergencyPolicyNamingStandard.ps1","unreviewed","Ungeprüft","false","elevated"
"backup-teams-emergency-configuration","Backup-TeamsEmergencyConfiguration","# Backup-TeamsEmergencyConfiguration

**Prüfstatus: Ungeprüft**

Teams Emergency Configuration

<!-- library-status:start -->
    Prüfstatus: Ungeprüft
    Windows- und Tenant-Abnahme ausstehend; keine pauschale Produktionsfreigabe.

    <!-- library-status:end -->

    Sichert Teams Emergency Configuration aus der Teams-Telefonie.

## Prüfung

Keine fachliche Freigabe aus der Katalogerstellung ableiten.

- static: aktueller erfolgreicher Nachweis fehlt
- pester: aktueller erfolgreicher Nachweis fehlt
- windows: aktueller erfolgreicher Nachweis fehlt
- tenant: aktueller erfolgreicher Nachweis fehlt

## Voraussetzungen

- Module: MicrosoftTeams
- Dokumentierte Graph-Scopes: Nicht angegeben; vor Tenant-Nutzung prüfen.
- Hilfsdateien: Keine lokale Hilfsdatei erkannt.

## Verwendung

Noch kein geprüftes Aufrufbeispiel dokumentiert. Parameter mit `Get-Help './16_Teams_Telephony/309_Backup-TeamsEmergencyConfiguration.ps1' -Full` lesen.

## Quelle

[PowerShell-Datei auf GitHub](https://github.com/Kaffeeundcode/Intune-Scripts/blob/main/16_Teams_Telephony/309_Backup-TeamsEmergencyConfiguration.ps1)

Prüfungen gelten nur für den dokumentierten Quellstand und Testumfang.
","16_Teams_Telephony","16_Teams_Telephony/309_Backup-TeamsEmergencyConfiguration.ps1","unreviewed","Ungeprüft","false","elevated"
"get-teams-emergency-routing-overview","Get-TeamsEmergencyRoutingOverview","# Get-TeamsEmergencyRoutingOverview

**Prüfstatus: Ungeprüft**

Teams Emergency Routing Overview

<!-- library-status:start -->
    Prüfstatus: Ungeprüft
    Windows- und Tenant-Abnahme ausstehend; keine pauschale Produktionsfreigabe.

    <!-- library-status:end -->

    Ruft Teams Emergency Routing Overview aus der Teams-Telefonie ab.

## Prüfung

Keine fachliche Freigabe aus der Katalogerstellung ableiten.

- static: aktueller erfolgreicher Nachweis fehlt
- pester: aktueller erfolgreicher Nachweis fehlt
- windows: aktueller erfolgreicher Nachweis fehlt
- tenant: aktueller erfolgreicher Nachweis fehlt

## Voraussetzungen

- Module: MicrosoftTeams
- Dokumentierte Graph-Scopes: Nicht angegeben; vor Tenant-Nutzung prüfen.
- Hilfsdateien: Keine lokale Hilfsdatei erkannt.

## Verwendung

Noch kein geprüftes Aufrufbeispiel dokumentiert. Parameter mit `Get-Help './16_Teams_Telephony/310_Get-TeamsEmergencyRoutingOverview.ps1' -Full` lesen.

## Quelle

[PowerShell-Datei auf GitHub](https://github.com/Kaffeeundcode/Intune-Scripts/blob/main/16_Teams_Telephony/310_Get-TeamsEmergencyRoutingOverview.ps1)

Prüfungen gelten nur für den dokumentierten Quellstand und Testumfang.
","16_Teams_Telephony","16_Teams_Telephony/310_Get-TeamsEmergencyRoutingOverview.ps1","unreviewed","Ungeprüft","false","elevated"
"get-teams-emergency-network-overview","Get-TeamsEmergencyNetworkOverview","# Get-TeamsEmergencyNetworkOverview

**Prüfstatus: Ungeprüft**

Teams Emergency Network Overview

<!-- library-status:start -->
    Prüfstatus: Ungeprüft
    Windows- und Tenant-Abnahme ausstehend; keine pauschale Produktionsfreigabe.

    <!-- library-status:end -->

    Ruft Teams Emergency Network Overview aus der Teams-Telefonie ab.

## Prüfung

Keine fachliche Freigabe aus der Katalogerstellung ableiten.

- static: aktueller erfolgreicher Nachweis fehlt
- pester: aktueller erfolgreicher Nachweis fehlt
- windows: aktueller erfolgreicher Nachweis fehlt
- tenant: aktueller erfolgreicher Nachweis fehlt

## Voraussetzungen

- Module: MicrosoftTeams
- Dokumentierte Graph-Scopes: Nicht angegeben; vor Tenant-Nutzung prüfen.
- Hilfsdateien: Keine lokale Hilfsdatei erkannt.

## Verwendung

Noch kein geprüftes Aufrufbeispiel dokumentiert. Parameter mit `Get-Help './16_Teams_Telephony/311_Get-TeamsEmergencyNetworkOverview.ps1' -Full` lesen.

## Quelle

[PowerShell-Datei auf GitHub](https://github.com/Kaffeeundcode/Intune-Scripts/blob/main/16_Teams_Telephony/311_Get-TeamsEmergencyNetworkOverview.ps1)

Prüfungen gelten nur für den dokumentierten Quellstand und Testumfang.
","16_Teams_Telephony","16_Teams_Telephony/311_Get-TeamsEmergencyNetworkOverview.ps1","unreviewed","Ungeprüft","false","elevated"
"get-teams-user-calling-settings-inventory","Get-TeamsUserCallingSettingsInventory","# Get-TeamsUserCallingSettingsInventory

**Prüfstatus: Ungeprüft**

Teams User Calling Settings Inventory

<!-- library-status:start -->
    Prüfstatus: Ungeprüft
    Windows- und Tenant-Abnahme ausstehend; keine pauschale Produktionsfreigabe.

    <!-- library-status:end -->

    Ruft Teams User Calling Settings Inventory aus der Teams-Telefonie ab.

## Prüfung

Keine fachliche Freigabe aus der Katalogerstellung ableiten.

- static: aktueller erfolgreicher Nachweis fehlt
- pester: aktueller erfolgreicher Nachweis fehlt
- windows: aktueller erfolgreicher Nachweis fehlt
- tenant: aktueller erfolgreicher Nachweis fehlt

## Voraussetzungen

- Module: MicrosoftTeams
- Dokumentierte Graph-Scopes: Nicht angegeben; vor Tenant-Nutzung prüfen.
- Hilfsdateien: Keine lokale Hilfsdatei erkannt.

## Verwendung

Noch kein geprüftes Aufrufbeispiel dokumentiert. Parameter mit `Get-Help './16_Teams_Telephony/312_Get-TeamsUserCallingSettingsInventory.ps1' -Full` lesen.

## Quelle

[PowerShell-Datei auf GitHub](https://github.com/Kaffeeundcode/Intune-Scripts/blob/main/16_Teams_Telephony/312_Get-TeamsUserCallingSettingsInventory.ps1)

Prüfungen gelten nur für den dokumentierten Quellstand und Testumfang.
","16_Teams_Telephony","16_Teams_Telephony/312_Get-TeamsUserCallingSettingsInventory.ps1","unreviewed","Ungeprüft","false","elevated"
"export-teams-user-calling-settings-inventory","Export-TeamsUserCallingSettingsInventory","# Export-TeamsUserCallingSettingsInventory

**Prüfstatus: Ungeprüft**

Teams User Calling Settings Inventory

<!-- library-status:start -->
    Prüfstatus: Ungeprüft
    Windows- und Tenant-Abnahme ausstehend; keine pauschale Produktionsfreigabe.

    <!-- library-status:end -->

    Exportiert Teams User Calling Settings Inventory aus der Teams-Telefonie.

## Prüfung

Keine fachliche Freigabe aus der Katalogerstellung ableiten.

- static: aktueller erfolgreicher Nachweis fehlt
- pester: aktueller erfolgreicher Nachweis fehlt
- windows: aktueller erfolgreicher Nachweis fehlt
- tenant: aktueller erfolgreicher Nachweis fehlt

## Voraussetzungen

- Module: MicrosoftTeams
- Dokumentierte Graph-Scopes: Nicht angegeben; vor Tenant-Nutzung prüfen.
- Hilfsdateien: Keine lokale Hilfsdatei erkannt.

## Verwendung

Noch kein geprüftes Aufrufbeispiel dokumentiert. Parameter mit `Get-Help './16_Teams_Telephony/313_Export-TeamsUserCallingSettingsInventory.ps1' -Full` lesen.

## Quelle

[PowerShell-Datei auf GitHub](https://github.com/Kaffeeundcode/Intune-Scripts/blob/main/16_Teams_Telephony/313_Export-TeamsUserCallingSettingsInventory.ps1)

Prüfungen gelten nur für den dokumentierten Quellstand und Testumfang.
","16_Teams_Telephony","16_Teams_Telephony/313_Export-TeamsUserCallingSettingsInventory.ps1","unreviewed","Ungeprüft","false","elevated"
"find-teams-users-with-call-forwarding-enabled","Find-TeamsUsersWithCallForwardingEnabled","# Find-TeamsUsersWithCallForwardingEnabled

**Prüfstatus: Ungeprüft**

Teams Users With Call Forwarding Enabled

<!-- library-status:start -->
    Prüfstatus: Ungeprüft
    Windows- und Tenant-Abnahme ausstehend; keine pauschale Produktionsfreigabe.

    <!-- library-status:end -->

    Identifiziert Teams Users With Call Forwarding Enabled in der Teams-Telefonie.

## Prüfung

Keine fachliche Freigabe aus der Katalogerstellung ableiten.

- static: aktueller erfolgreicher Nachweis fehlt
- pester: aktueller erfolgreicher Nachweis fehlt
- windows: aktueller erfolgreicher Nachweis fehlt
- tenant: aktueller erfolgreicher Nachweis fehlt

## Voraussetzungen

- Module: MicrosoftTeams
- Dokumentierte Graph-Scopes: Nicht angegeben; vor Tenant-Nutzung prüfen.
- Hilfsdateien: Keine lokale Hilfsdatei erkannt.

## Verwendung

Noch kein geprüftes Aufrufbeispiel dokumentiert. Parameter mit `Get-Help './16_Teams_Telephony/314_Find-TeamsUsersWithCallForwardingEnabled.ps1' -Full` lesen.

## Quelle

[PowerShell-Datei auf GitHub](https://github.com/Kaffeeundcode/Intune-Scripts/blob/main/16_Teams_Telephony/314_Find-TeamsUsersWithCallForwardingEnabled.ps1)

Prüfungen gelten nur für den dokumentierten Quellstand und Testumfang.
","16_Teams_Telephony","16_Teams_Telephony/314_Find-TeamsUsersWithCallForwardingEnabled.ps1","unreviewed","Ungeprüft","false","elevated"
"find-teams-users-with-delegation-configured","Find-TeamsUsersWithDelegationConfigured","# Find-TeamsUsersWithDelegationConfigured

**Prüfstatus: Ungeprüft**

Teams Users With Delegation Configured

<!-- library-status:start -->
    Prüfstatus: Ungeprüft
    Windows- und Tenant-Abnahme ausstehend; keine pauschale Produktionsfreigabe.

    <!-- library-status:end -->

    Identifiziert Teams Users With Delegation Configured in der Teams-Telefonie.

## Prüfung

Keine fachliche Freigabe aus der Katalogerstellung ableiten.

- static: aktueller erfolgreicher Nachweis fehlt
- pester: aktueller erfolgreicher Nachweis fehlt
- windows: aktueller erfolgreicher Nachweis fehlt
- tenant: aktueller erfolgreicher Nachweis fehlt

## Voraussetzungen

- Module: MicrosoftTeams
- Dokumentierte Graph-Scopes: Nicht angegeben; vor Tenant-Nutzung prüfen.
- Hilfsdateien: Keine lokale Hilfsdatei erkannt.

## Verwendung

Noch kein geprüftes Aufrufbeispiel dokumentiert. Parameter mit `Get-Help './16_Teams_Telephony/315_Find-TeamsUsersWithDelegationConfigured.ps1' -Full` lesen.

## Quelle

[PowerShell-Datei auf GitHub](https://github.com/Kaffeeundcode/Intune-Scripts/blob/main/16_Teams_Telephony/315_Find-TeamsUsersWithDelegationConfigured.ps1)

Prüfungen gelten nur für den dokumentierten Quellstand und Testumfang.
","16_Teams_Telephony","16_Teams_Telephony/315_Find-TeamsUsersWithDelegationConfigured.ps1","unreviewed","Ungeprüft","false","elevated"
"find-teams-users-with-simultaneous-ring","Find-TeamsUsersWithSimultaneousRing","# Find-TeamsUsersWithSimultaneousRing

**Prüfstatus: Ungeprüft**

Teams Users With Simultaneous Ring

<!-- library-status:start -->
    Prüfstatus: Ungeprüft
    Windows- und Tenant-Abnahme ausstehend; keine pauschale Produktionsfreigabe.

    <!-- library-status:end -->

    Identifiziert Teams Users With Simultaneous Ring in der Teams-Telefonie.

## Prüfung

Keine fachliche Freigabe aus der Katalogerstellung ableiten.

- static: aktueller erfolgreicher Nachweis fehlt
- pester: aktueller erfolgreicher Nachweis fehlt
- windows: aktueller erfolgreicher Nachweis fehlt
- tenant: aktueller erfolgreicher Nachweis fehlt

## Voraussetzungen

- Module: MicrosoftTeams
- Dokumentierte Graph-Scopes: Nicht angegeben; vor Tenant-Nutzung prüfen.
- Hilfsdateien: Keine lokale Hilfsdatei erkannt.

## Verwendung

Noch kein geprüftes Aufrufbeispiel dokumentiert. Parameter mit `Get-Help './16_Teams_Telephony/316_Find-TeamsUsersWithSimultaneousRing.ps1' -Full` lesen.

## Quelle

[PowerShell-Datei auf GitHub](https://github.com/Kaffeeundcode/Intune-Scripts/blob/main/16_Teams_Telephony/316_Find-TeamsUsersWithSimultaneousRing.ps1)

Prüfungen gelten nur für den dokumentierten Quellstand und Testumfang.
","16_Teams_Telephony","16_Teams_Telephony/316_Find-TeamsUsersWithSimultaneousRing.ps1","unreviewed","Ungeprüft","false","elevated"
"find-teams-users-with-unanswered-settings","Find-TeamsUsersWithUnansweredSettings","# Find-TeamsUsersWithUnansweredSettings

**Prüfstatus: Ungeprüft**

Teams Users With Unanswered Settings

<!-- library-status:start -->
    Prüfstatus: Ungeprüft
    Windows- und Tenant-Abnahme ausstehend; keine pauschale Produktionsfreigabe.

    <!-- library-status:end -->

    Identifiziert Teams Users With Unanswered Settings in der Teams-Telefonie.

## Prüfung

Keine fachliche Freigabe aus der Katalogerstellung ableiten.

- static: aktueller erfolgreicher Nachweis fehlt
- pester: aktueller erfolgreicher Nachweis fehlt
- windows: aktueller erfolgreicher Nachweis fehlt
- tenant: aktueller erfolgreicher Nachweis fehlt

## Voraussetzungen

- Module: MicrosoftTeams
- Dokumentierte Graph-Scopes: Nicht angegeben; vor Tenant-Nutzung prüfen.
- Hilfsdateien: Keine lokale Hilfsdatei erkannt.

## Verwendung

Noch kein geprüftes Aufrufbeispiel dokumentiert. Parameter mit `Get-Help './16_Teams_Telephony/317_Find-TeamsUsersWithUnansweredSettings.ps1' -Full` lesen.

## Quelle

[PowerShell-Datei auf GitHub](https://github.com/Kaffeeundcode/Intune-Scripts/blob/main/16_Teams_Telephony/317_Find-TeamsUsersWithUnansweredSettings.ps1)

Prüfungen gelten nur für den dokumentierten Quellstand und Testumfang.
","16_Teams_Telephony","16_Teams_Telephony/317_Find-TeamsUsersWithUnansweredSettings.ps1","unreviewed","Ungeprüft","false","elevated"
"get-teams-users-by-call-group-configuration","Get-TeamsUsersByCallGroupConfiguration","# Get-TeamsUsersByCallGroupConfiguration

**Prüfstatus: Ungeprüft**

Teams Users By Call Group Configuration

<!-- library-status:start -->
    Prüfstatus: Ungeprüft
    Windows- und Tenant-Abnahme ausstehend; keine pauschale Produktionsfreigabe.

    <!-- library-status:end -->

    Ruft Teams Users By Call Group Configuration aus der Teams-Telefonie ab.

## Prüfung

Keine fachliche Freigabe aus der Katalogerstellung ableiten.

- static: aktueller erfolgreicher Nachweis fehlt
- pester: aktueller erfolgreicher Nachweis fehlt
- windows: aktueller erfolgreicher Nachweis fehlt
- tenant: aktueller erfolgreicher Nachweis fehlt

## Voraussetzungen

- Module: MicrosoftTeams
- Dokumentierte Graph-Scopes: Nicht angegeben; vor Tenant-Nutzung prüfen.
- Hilfsdateien: Keine lokale Hilfsdatei erkannt.

## Verwendung

Noch kein geprüftes Aufrufbeispiel dokumentiert. Parameter mit `Get-Help './16_Teams_Telephony/318_Get-TeamsUsersByCallGroupConfiguration.ps1' -Full` lesen.

## Quelle

[PowerShell-Datei auf GitHub](https://github.com/Kaffeeundcode/Intune-Scripts/blob/main/16_Teams_Telephony/318_Get-TeamsUsersByCallGroupConfiguration.ps1)

Prüfungen gelten nur für den dokumentierten Quellstand und Testumfang.
","16_Teams_Telephony","16_Teams_Telephony/318_Get-TeamsUsersByCallGroupConfiguration.ps1","unreviewed","Ungeprüft","false","elevated"
"get-teams-users-by-forwarding-type","Get-TeamsUsersByForwardingType","# Get-TeamsUsersByForwardingType

**Prüfstatus: Ungeprüft**

Teams Users By Forwarding Type

<!-- library-status:start -->
    Prüfstatus: Ungeprüft
    Windows- und Tenant-Abnahme ausstehend; keine pauschale Produktionsfreigabe.

    <!-- library-status:end -->

    Ruft Teams Users By Forwarding Type aus der Teams-Telefonie ab.

## Prüfung

Keine fachliche Freigabe aus der Katalogerstellung ableiten.

- static: aktueller erfolgreicher Nachweis fehlt
- pester: aktueller erfolgreicher Nachweis fehlt
- windows: aktueller erfolgreicher Nachweis fehlt
- tenant: aktueller erfolgreicher Nachweis fehlt

## Voraussetzungen

- Module: MicrosoftTeams
- Dokumentierte Graph-Scopes: Nicht angegeben; vor Tenant-Nutzung prüfen.
- Hilfsdateien: Keine lokale Hilfsdatei erkannt.

## Verwendung

Noch kein geprüftes Aufrufbeispiel dokumentiert. Parameter mit `Get-Help './16_Teams_Telephony/319_Get-TeamsUsersByForwardingType.ps1' -Full` lesen.

## Quelle

[PowerShell-Datei auf GitHub](https://github.com/Kaffeeundcode/Intune-Scripts/blob/main/16_Teams_Telephony/319_Get-TeamsUsersByForwardingType.ps1)

Prüfungen gelten nur für den dokumentierten Quellstand und Testumfang.
","16_Teams_Telephony","16_Teams_Telephony/319_Get-TeamsUsersByForwardingType.ps1","unreviewed","Ungeprüft","false","elevated"
"get-teams-users-by-forwarding-target-type","Get-TeamsUsersByForwardingTargetType","# Get-TeamsUsersByForwardingTargetType

**Prüfstatus: Ungeprüft**

Teams Users By Forwarding Target Type

<!-- library-status:start -->
    Prüfstatus: Ungeprüft
    Windows- und Tenant-Abnahme ausstehend; keine pauschale Produktionsfreigabe.

    <!-- library-status:end -->

    Ruft Teams Users By Forwarding Target Type aus der Teams-Telefonie ab.

## Prüfung

Keine fachliche Freigabe aus der Katalogerstellung ableiten.

- static: aktueller erfolgreicher Nachweis fehlt
- pester: aktueller erfolgreicher Nachweis fehlt
- windows: aktueller erfolgreicher Nachweis fehlt
- tenant: aktueller erfolgreicher Nachweis fehlt

## Voraussetzungen

- Module: MicrosoftTeams
- Dokumentierte Graph-Scopes: Nicht angegeben; vor Tenant-Nutzung prüfen.
- Hilfsdateien: Keine lokale Hilfsdatei erkannt.

## Verwendung

Noch kein geprüftes Aufrufbeispiel dokumentiert. Parameter mit `Get-Help './16_Teams_Telephony/320_Get-TeamsUsersByForwardingTargetType.ps1' -Full` lesen.

## Quelle

[PowerShell-Datei auf GitHub](https://github.com/Kaffeeundcode/Intune-Scripts/blob/main/16_Teams_Telephony/320_Get-TeamsUsersByForwardingTargetType.ps1)

Prüfungen gelten nur für den dokumentierten Quellstand und Testumfang.
","16_Teams_Telephony","16_Teams_Telephony/320_Get-TeamsUsersByForwardingTargetType.ps1","unreviewed","Ungeprüft","false","elevated"
"measure-teams-call-forwarding-adoption","Measure-TeamsCallForwardingAdoption","# Measure-TeamsCallForwardingAdoption

**Prüfstatus: Ungeprüft**

Teams Call Forwarding Adoption

<!-- library-status:start -->
    Prüfstatus: Ungeprüft
    Windows- und Tenant-Abnahme ausstehend; keine pauschale Produktionsfreigabe.

    <!-- library-status:end -->

    Misst Teams Call Forwarding Adoption in der Teams-Telefonie.

## Prüfung

Keine fachliche Freigabe aus der Katalogerstellung ableiten.

- static: aktueller erfolgreicher Nachweis fehlt
- pester: aktueller erfolgreicher Nachweis fehlt
- windows: aktueller erfolgreicher Nachweis fehlt
- tenant: aktueller erfolgreicher Nachweis fehlt

## Voraussetzungen

- Module: MicrosoftTeams
- Dokumentierte Graph-Scopes: Nicht angegeben; vor Tenant-Nutzung prüfen.
- Hilfsdateien: Keine lokale Hilfsdatei erkannt.

## Verwendung

Noch kein geprüftes Aufrufbeispiel dokumentiert. Parameter mit `Get-Help './16_Teams_Telephony/321_Measure-TeamsCallForwardingAdoption.ps1' -Full` lesen.

## Quelle

[PowerShell-Datei auf GitHub](https://github.com/Kaffeeundcode/Intune-Scripts/blob/main/16_Teams_Telephony/321_Measure-TeamsCallForwardingAdoption.ps1)

Prüfungen gelten nur für den dokumentierten Quellstand und Testumfang.
","16_Teams_Telephony","16_Teams_Telephony/321_Measure-TeamsCallForwardingAdoption.ps1","unreviewed","Ungeprüft","false","elevated"
"find-teams-users-with-unanswered-to-voicemail","Find-TeamsUsersWithUnansweredToVoicemail","# Find-TeamsUsersWithUnansweredToVoicemail

**Prüfstatus: Ungeprüft**

Teams Users With Unanswered To Voicemail

<!-- library-status:start -->
    Prüfstatus: Ungeprüft
    Windows- und Tenant-Abnahme ausstehend; keine pauschale Produktionsfreigabe.

    <!-- library-status:end -->

    Identifiziert Teams Users With Unanswered To Voicemail in der Teams-Telefonie.

## Prüfung

Keine fachliche Freigabe aus der Katalogerstellung ableiten.

- static: aktueller erfolgreicher Nachweis fehlt
- pester: aktueller erfolgreicher Nachweis fehlt
- windows: aktueller erfolgreicher Nachweis fehlt
- tenant: aktueller erfolgreicher Nachweis fehlt

## Voraussetzungen

- Module: MicrosoftTeams
- Dokumentierte Graph-Scopes: Nicht angegeben; vor Tenant-Nutzung prüfen.
- Hilfsdateien: Keine lokale Hilfsdatei erkannt.

## Verwendung

Noch kein geprüftes Aufrufbeispiel dokumentiert. Parameter mit `Get-Help './16_Teams_Telephony/322_Find-TeamsUsersWithUnansweredToVoicemail.ps1' -Full` lesen.

## Quelle

[PowerShell-Datei auf GitHub](https://github.com/Kaffeeundcode/Intune-Scripts/blob/main/16_Teams_Telephony/322_Find-TeamsUsersWithUnansweredToVoicemail.ps1)

Prüfungen gelten nur für den dokumentierten Quellstand und Testumfang.
","16_Teams_Telephony","16_Teams_Telephony/322_Find-TeamsUsersWithUnansweredToVoicemail.ps1","unreviewed","Ungeprüft","false","elevated"
"find-teams-users-with-external-forwarding","Find-TeamsUsersWithExternalForwarding","# Find-TeamsUsersWithExternalForwarding

**Prüfstatus: Ungeprüft**

Teams Users With External Forwarding

<!-- library-status:start -->
    Prüfstatus: Ungeprüft
    Windows- und Tenant-Abnahme ausstehend; keine pauschale Produktionsfreigabe.

    <!-- library-status:end -->

    Identifiziert Teams Users With External Forwarding in der Teams-Telefonie.

## Prüfung

Keine fachliche Freigabe aus der Katalogerstellung ableiten.

- static: aktueller erfolgreicher Nachweis fehlt
- pester: aktueller erfolgreicher Nachweis fehlt
- windows: aktueller erfolgreicher Nachweis fehlt
- tenant: aktueller erfolgreicher Nachweis fehlt

## Voraussetzungen

- Module: MicrosoftTeams
- Dokumentierte Graph-Scopes: Nicht angegeben; vor Tenant-Nutzung prüfen.
- Hilfsdateien: Keine lokale Hilfsdatei erkannt.

## Verwendung

Noch kein geprüftes Aufrufbeispiel dokumentiert. Parameter mit `Get-Help './16_Teams_Telephony/323_Find-TeamsUsersWithExternalForwarding.ps1' -Full` lesen.

## Quelle

[PowerShell-Datei auf GitHub](https://github.com/Kaffeeundcode/Intune-Scripts/blob/main/16_Teams_Telephony/323_Find-TeamsUsersWithExternalForwarding.ps1)

Prüfungen gelten nur für den dokumentierten Quellstand und Testumfang.
","16_Teams_Telephony","16_Teams_Telephony/323_Find-TeamsUsersWithExternalForwarding.ps1","unreviewed","Ungeprüft","false","elevated"
"export-teams-call-delegation-targets","Export-TeamsCallDelegationTargets","# Export-TeamsCallDelegationTargets

**Prüfstatus: Ungeprüft**

Teams Call Delegation Targets

<!-- library-status:start -->
    Prüfstatus: Ungeprüft
    Windows- und Tenant-Abnahme ausstehend; keine pauschale Produktionsfreigabe.

    <!-- library-status:end -->

    Exportiert Teams Call Delegation Targets aus der Teams-Telefonie.

## Prüfung

Keine fachliche Freigabe aus der Katalogerstellung ableiten.

- static: aktueller erfolgreicher Nachweis fehlt
- pester: aktueller erfolgreicher Nachweis fehlt
- windows: aktueller erfolgreicher Nachweis fehlt
- tenant: aktueller erfolgreicher Nachweis fehlt

## Voraussetzungen

- Module: MicrosoftTeams
- Dokumentierte Graph-Scopes: Nicht angegeben; vor Tenant-Nutzung prüfen.
- Hilfsdateien: Keine lokale Hilfsdatei erkannt.

## Verwendung

Noch kein geprüftes Aufrufbeispiel dokumentiert. Parameter mit `Get-Help './16_Teams_Telephony/324_Export-TeamsCallDelegationTargets.ps1' -Full` lesen.

## Quelle

[PowerShell-Datei auf GitHub](https://github.com/Kaffeeundcode/Intune-Scripts/blob/main/16_Teams_Telephony/324_Export-TeamsCallDelegationTargets.ps1)

Prüfungen gelten nur für den dokumentierten Quellstand und Testumfang.
","16_Teams_Telephony","16_Teams_Telephony/324_Export-TeamsCallDelegationTargets.ps1","unreviewed","Ungeprüft","false","elevated"
"test-teams-calling-settings-consistency","Test-TeamsCallingSettingsConsistency","# Test-TeamsCallingSettingsConsistency

**Prüfstatus: Ungeprüft**

Teams Calling Settings Consistency

<!-- library-status:start -->
    Prüfstatus: Ungeprüft
    Windows- und Tenant-Abnahme ausstehend; keine pauschale Produktionsfreigabe.

    <!-- library-status:end -->

    Prueft Teams Calling Settings Consistency in der Teams-Telefonie.

## Prüfung

Keine fachliche Freigabe aus der Katalogerstellung ableiten.

- static: aktueller erfolgreicher Nachweis fehlt
- pester: aktueller erfolgreicher Nachweis fehlt
- windows: aktueller erfolgreicher Nachweis fehlt
- tenant: aktueller erfolgreicher Nachweis fehlt

## Voraussetzungen

- Module: MicrosoftTeams
- Dokumentierte Graph-Scopes: Nicht angegeben; vor Tenant-Nutzung prüfen.
- Hilfsdateien: Keine lokale Hilfsdatei erkannt.

## Verwendung

Noch kein geprüftes Aufrufbeispiel dokumentiert. Parameter mit `Get-Help './16_Teams_Telephony/325_Test-TeamsCallingSettingsConsistency.ps1' -Full` lesen.

## Quelle

[PowerShell-Datei auf GitHub](https://github.com/Kaffeeundcode/Intune-Scripts/blob/main/16_Teams_Telephony/325_Test-TeamsCallingSettingsConsistency.ps1)

Prüfungen gelten nur für den dokumentierten Quellstand und Testumfang.
","16_Teams_Telephony","16_Teams_Telephony/325_Test-TeamsCallingSettingsConsistency.ps1","unreviewed","Ungeprüft","false","elevated"
"backup-teams-user-calling-settings","Backup-TeamsUserCallingSettings","# Backup-TeamsUserCallingSettings

**Prüfstatus: Ungeprüft**

Teams User Calling Settings

<!-- library-status:start -->
    Prüfstatus: Ungeprüft
    Windows- und Tenant-Abnahme ausstehend; keine pauschale Produktionsfreigabe.

    <!-- library-status:end -->

    Sichert Teams User Calling Settings aus der Teams-Telefonie.

## Prüfung

Keine fachliche Freigabe aus der Katalogerstellung ableiten.

- static: aktueller erfolgreicher Nachweis fehlt
- pester: aktueller erfolgreicher Nachweis fehlt
- windows: aktueller erfolgreicher Nachweis fehlt
- tenant: aktueller erfolgreicher Nachweis fehlt

## Voraussetzungen

- Module: MicrosoftTeams
- Dokumentierte Graph-Scopes: Nicht angegeben; vor Tenant-Nutzung prüfen.
- Hilfsdateien: Keine lokale Hilfsdatei erkannt.

## Verwendung

Noch kein geprüftes Aufrufbeispiel dokumentiert. Parameter mit `Get-Help './16_Teams_Telephony/326_Backup-TeamsUserCallingSettings.ps1' -Full` lesen.

## Quelle

[PowerShell-Datei auf GitHub](https://github.com/Kaffeeundcode/Intune-Scripts/blob/main/16_Teams_Telephony/326_Backup-TeamsUserCallingSettings.ps1)

Prüfungen gelten nur für den dokumentierten Quellstand und Testumfang.
","16_Teams_Telephony","16_Teams_Telephony/326_Backup-TeamsUserCallingSettings.ps1","unreviewed","Ungeprüft","false","elevated"
"get-teams-calling-settings-overview","Get-TeamsCallingSettingsOverview","# Get-TeamsCallingSettingsOverview

**Prüfstatus: Ungeprüft**

Teams Calling Settings Overview

<!-- library-status:start -->
    Prüfstatus: Ungeprüft
    Windows- und Tenant-Abnahme ausstehend; keine pauschale Produktionsfreigabe.

    <!-- library-status:end -->

    Ruft Teams Calling Settings Overview aus der Teams-Telefonie ab.

## Prüfung

Keine fachliche Freigabe aus der Katalogerstellung ableiten.

- static: aktueller erfolgreicher Nachweis fehlt
- pester: aktueller erfolgreicher Nachweis fehlt
- windows: aktueller erfolgreicher Nachweis fehlt
- tenant: aktueller erfolgreicher Nachweis fehlt

## Voraussetzungen

- Module: MicrosoftTeams
- Dokumentierte Graph-Scopes: Nicht angegeben; vor Tenant-Nutzung prüfen.
- Hilfsdateien: Keine lokale Hilfsdatei erkannt.

## Verwendung

Noch kein geprüftes Aufrufbeispiel dokumentiert. Parameter mit `Get-Help './16_Teams_Telephony/327_Get-TeamsCallingSettingsOverview.ps1' -Full` lesen.

## Quelle

[PowerShell-Datei auf GitHub](https://github.com/Kaffeeundcode/Intune-Scripts/blob/main/16_Teams_Telephony/327_Get-TeamsCallingSettingsOverview.ps1)

Prüfungen gelten nur für den dokumentierten Quellstand und Testumfang.
","16_Teams_Telephony","16_Teams_Telephony/327_Get-TeamsCallingSettingsOverview.ps1","unreviewed","Ungeprüft","false","elevated"
"find-teams-users-with-call-group-members","Find-TeamsUsersWithCallGroupMembers","# Find-TeamsUsersWithCallGroupMembers

**Prüfstatus: Ungeprüft**

Teams Users With Call Group Members

<!-- library-status:start -->
    Prüfstatus: Ungeprüft
    Windows- und Tenant-Abnahme ausstehend; keine pauschale Produktionsfreigabe.

    <!-- library-status:end -->

    Identifiziert Teams Users With Call Group Members in der Teams-Telefonie.

## Prüfung

Keine fachliche Freigabe aus der Katalogerstellung ableiten.

- static: aktueller erfolgreicher Nachweis fehlt
- pester: aktueller erfolgreicher Nachweis fehlt
- windows: aktueller erfolgreicher Nachweis fehlt
- tenant: aktueller erfolgreicher Nachweis fehlt

## Voraussetzungen

- Module: MicrosoftTeams
- Dokumentierte Graph-Scopes: Nicht angegeben; vor Tenant-Nutzung prüfen.
- Hilfsdateien: Keine lokale Hilfsdatei erkannt.

## Verwendung

Noch kein geprüftes Aufrufbeispiel dokumentiert. Parameter mit `Get-Help './16_Teams_Telephony/328_Find-TeamsUsersWithCallGroupMembers.ps1' -Full` lesen.

## Quelle

[PowerShell-Datei auf GitHub](https://github.com/Kaffeeundcode/Intune-Scripts/blob/main/16_Teams_Telephony/328_Find-TeamsUsersWithCallGroupMembers.ps1)

Prüfungen gelten nur für den dokumentierten Quellstand und Testumfang.
","16_Teams_Telephony","16_Teams_Telephony/328_Find-TeamsUsersWithCallGroupMembers.ps1","unreviewed","Ungeprüft","false","elevated"
"measure-teams-voicemail-coverage","Measure-TeamsVoicemailCoverage","# Measure-TeamsVoicemailCoverage

**Prüfstatus: Ungeprüft**

Teams Voicemail Coverage

<!-- library-status:start -->
    Prüfstatus: Ungeprüft
    Windows- und Tenant-Abnahme ausstehend; keine pauschale Produktionsfreigabe.

    <!-- library-status:end -->

    Misst Teams Voicemail Coverage in der Teams-Telefonie.

## Prüfung

Keine fachliche Freigabe aus der Katalogerstellung ableiten.

- static: aktueller erfolgreicher Nachweis fehlt
- pester: aktueller erfolgreicher Nachweis fehlt
- windows: aktueller erfolgreicher Nachweis fehlt
- tenant: aktueller erfolgreicher Nachweis fehlt

## Voraussetzungen

- Module: MicrosoftTeams
- Dokumentierte Graph-Scopes: Nicht angegeben; vor Tenant-Nutzung prüfen.
- Hilfsdateien: Keine lokale Hilfsdatei erkannt.

## Verwendung

Noch kein geprüftes Aufrufbeispiel dokumentiert. Parameter mit `Get-Help './16_Teams_Telephony/329_Measure-TeamsVoicemailCoverage.ps1' -Full` lesen.

## Quelle

[PowerShell-Datei auf GitHub](https://github.com/Kaffeeundcode/Intune-Scripts/blob/main/16_Teams_Telephony/329_Measure-TeamsVoicemailCoverage.ps1)

Prüfungen gelten nur für den dokumentierten Quellstand und Testumfang.
","16_Teams_Telephony","16_Teams_Telephony/329_Measure-TeamsVoicemailCoverage.ps1","unreviewed","Ungeprüft","false","elevated"
"compare-teams-forwarding-and-delegation-usage","Compare-TeamsForwardingAndDelegationUsage","# Compare-TeamsForwardingAndDelegationUsage

**Prüfstatus: Ungeprüft**

Teams Forwarding And Delegation Usage

<!-- library-status:start -->
    Prüfstatus: Ungeprüft
    Windows- und Tenant-Abnahme ausstehend; keine pauschale Produktionsfreigabe.

    <!-- library-status:end -->

    Vergleicht Teams Forwarding And Delegation Usage in der Teams-Telefonie.

## Prüfung

Keine fachliche Freigabe aus der Katalogerstellung ableiten.

- static: aktueller erfolgreicher Nachweis fehlt
- pester: aktueller erfolgreicher Nachweis fehlt
- windows: aktueller erfolgreicher Nachweis fehlt
- tenant: aktueller erfolgreicher Nachweis fehlt

## Voraussetzungen

- Module: MicrosoftTeams
- Dokumentierte Graph-Scopes: Nicht angegeben; vor Tenant-Nutzung prüfen.
- Hilfsdateien: Keine lokale Hilfsdatei erkannt.

## Verwendung

Noch kein geprüftes Aufrufbeispiel dokumentiert. Parameter mit `Get-Help './16_Teams_Telephony/330_Compare-TeamsForwardingAndDelegationUsage.ps1' -Full` lesen.

## Quelle

[PowerShell-Datei auf GitHub](https://github.com/Kaffeeundcode/Intune-Scripts/blob/main/16_Teams_Telephony/330_Compare-TeamsForwardingAndDelegationUsage.ps1)

Prüfungen gelten nur für den dokumentierten Quellstand und Testumfang.
","16_Teams_Telephony","16_Teams_Telephony/330_Compare-TeamsForwardingAndDelegationUsage.ps1","unreviewed","Ungeprüft","false","elevated"
"get-teams-telephony-readiness-overview","Get-TeamsTelephonyReadinessOverview","# Get-TeamsTelephonyReadinessOverview

**Prüfstatus: Ungeprüft**

Teams Telephony Readiness Overview

<!-- library-status:start -->
    Prüfstatus: Ungeprüft
    Windows- und Tenant-Abnahme ausstehend; keine pauschale Produktionsfreigabe.

    <!-- library-status:end -->

    Ruft Teams Telephony Readiness Overview aus der Teams-Telefonie ab.

## Prüfung

Keine fachliche Freigabe aus der Katalogerstellung ableiten.

- static: aktueller erfolgreicher Nachweis fehlt
- pester: aktueller erfolgreicher Nachweis fehlt
- windows: aktueller erfolgreicher Nachweis fehlt
- tenant: aktueller erfolgreicher Nachweis fehlt

## Voraussetzungen

- Module: MicrosoftTeams
- Dokumentierte Graph-Scopes: Nicht angegeben; vor Tenant-Nutzung prüfen.
- Hilfsdateien: Keine lokale Hilfsdatei erkannt.

## Verwendung

Noch kein geprüftes Aufrufbeispiel dokumentiert. Parameter mit `Get-Help './16_Teams_Telephony/331_Get-TeamsTelephonyReadinessOverview.ps1' -Full` lesen.

## Quelle

[PowerShell-Datei auf GitHub](https://github.com/Kaffeeundcode/Intune-Scripts/blob/main/16_Teams_Telephony/331_Get-TeamsTelephonyReadinessOverview.ps1)

Prüfungen gelten nur für den dokumentierten Quellstand und Testumfang.
","16_Teams_Telephony","16_Teams_Telephony/331_Get-TeamsTelephonyReadinessOverview.ps1","unreviewed","Ungeprüft","false","elevated"
"find-teams-licensed-users-without-telephony-config","Find-TeamsLicensedUsersWithoutTelephonyConfig","# Find-TeamsLicensedUsersWithoutTelephonyConfig

**Prüfstatus: Bekannte Fehler**

Teams Licensed Users Without Telephony Config

<!-- library-status:start -->
    Prüfstatus: Bekannte Fehler
    Lizenzpruefung fehlt; Ergebnis belegt keine Teams-Phone-Lizenz.

    <!-- library-status:end -->

    Identifiziert Teams Licensed Users Without Telephony Config in der Teams-Telefonie.

## Prüfung

- Lizenzpruefung fehlt; Ergebnis belegt keine Teams-Phone-Lizenz.

- static: aktueller erfolgreicher Nachweis fehlt
- pester: aktueller erfolgreicher Nachweis fehlt
- windows: aktueller erfolgreicher Nachweis fehlt
- tenant: aktueller erfolgreicher Nachweis fehlt

## Voraussetzungen

- Module: MicrosoftTeams
- Dokumentierte Graph-Scopes: Nicht angegeben; vor Tenant-Nutzung prüfen.
- Hilfsdateien: Keine lokale Hilfsdatei erkannt.

## Verwendung

Noch kein geprüftes Aufrufbeispiel dokumentiert. Parameter mit `Get-Help './16_Teams_Telephony/332_Find-TeamsLicensedUsersWithoutTelephonyConfig.ps1' -Full` lesen.

## Quelle

[PowerShell-Datei auf GitHub](https://github.com/Kaffeeundcode/Intune-Scripts/blob/main/16_Teams_Telephony/332_Find-TeamsLicensedUsersWithoutTelephonyConfig.ps1)

Prüfungen gelten nur für den dokumentierten Quellstand und Testumfang.
","16_Teams_Telephony","16_Teams_Telephony/332_Find-TeamsLicensedUsersWithoutTelephonyConfig.ps1","known_issues","Bekannte Fehler","false","elevated"
"find-teams-telephony-users-without-usage-location","Find-TeamsTelephonyUsersWithoutUsageLocation","# Find-TeamsTelephonyUsersWithoutUsageLocation

**Prüfstatus: Ungeprüft**

Teams Telephony Users Without Usage Location

<!-- library-status:start -->
    Prüfstatus: Ungeprüft
    Windows- und Tenant-Abnahme ausstehend; keine pauschale Produktionsfreigabe.

    <!-- library-status:end -->

    Identifiziert Teams Telephony Users Without Usage Location in der Teams-Telefonie.

## Prüfung

Keine fachliche Freigabe aus der Katalogerstellung ableiten.

- static: aktueller erfolgreicher Nachweis fehlt
- pester: aktueller erfolgreicher Nachweis fehlt
- windows: aktueller erfolgreicher Nachweis fehlt
- tenant: aktueller erfolgreicher Nachweis fehlt

## Voraussetzungen

- Module: MicrosoftTeams
- Dokumentierte Graph-Scopes: Nicht angegeben; vor Tenant-Nutzung prüfen.
- Hilfsdateien: Keine lokale Hilfsdatei erkannt.

## Verwendung

Noch kein geprüftes Aufrufbeispiel dokumentiert. Parameter mit `Get-Help './16_Teams_Telephony/333_Find-TeamsTelephonyUsersWithoutUsageLocation.ps1' -Full` lesen.

## Quelle

[PowerShell-Datei auf GitHub](https://github.com/Kaffeeundcode/Intune-Scripts/blob/main/16_Teams_Telephony/333_Find-TeamsTelephonyUsersWithoutUsageLocation.ps1)

Prüfungen gelten nur für den dokumentierten Quellstand und Testumfang.
","16_Teams_Telephony","16_Teams_Telephony/333_Find-TeamsTelephonyUsersWithoutUsageLocation.ps1","unreviewed","Ungeprüft","false","elevated"
"find-teams-voice-enabled-users-without-dial-plan","Find-TeamsVoiceEnabledUsersWithoutDialPlan","# Find-TeamsVoiceEnabledUsersWithoutDialPlan

**Prüfstatus: Bekannte Fehler**

Teams Voice Enabled Users Without Dial Plan

<!-- library-status:start -->
    Prüfstatus: Bekannte Fehler
    Globale/geerbte effektive Richtlinien werden nicht vollstaendig aufgeloest.

    <!-- library-status:end -->

    Identifiziert Teams Voice Enabled Users Without Dial Plan in der Teams-Telefonie.

## Prüfung

- Globale/geerbte effektive Richtlinien werden nicht vollstaendig aufgeloest.

- static: aktueller erfolgreicher Nachweis fehlt
- pester: aktueller erfolgreicher Nachweis fehlt
- windows: aktueller erfolgreicher Nachweis fehlt
- tenant: aktueller erfolgreicher Nachweis fehlt

## Voraussetzungen

- Module: MicrosoftTeams
- Dokumentierte Graph-Scopes: Nicht angegeben; vor Tenant-Nutzung prüfen.
- Hilfsdateien: Keine lokale Hilfsdatei erkannt.

## Verwendung

Noch kein geprüftes Aufrufbeispiel dokumentiert. Parameter mit `Get-Help './16_Teams_Telephony/334_Find-TeamsVoiceEnabledUsersWithoutDialPlan.ps1' -Full` lesen.

## Quelle

[PowerShell-Datei auf GitHub](https://github.com/Kaffeeundcode/Intune-Scripts/blob/main/16_Teams_Telephony/334_Find-TeamsVoiceEnabledUsersWithoutDialPlan.ps1)

Prüfungen gelten nur für den dokumentierten Quellstand und Testumfang.
","16_Teams_Telephony","16_Teams_Telephony/334_Find-TeamsVoiceEnabledUsersWithoutDialPlan.ps1","known_issues","Bekannte Fehler","false","elevated"
"find-teams-voice-enabled-users-without-voice-routing-policy","Find-TeamsVoiceEnabledUsersWithoutVoiceRoutingPolicy","# Find-TeamsVoiceEnabledUsersWithoutVoiceRoutingPolicy

**Prüfstatus: Bekannte Fehler**

Teams Voice Enabled Users Without Voice Routing Policy

<!-- library-status:start -->
    Prüfstatus: Bekannte Fehler
    Globale/geerbte effektive Richtlinien werden nicht vollstaendig aufgeloest.

    <!-- library-status:end -->

    Identifiziert Teams Voice Enabled Users Without Voice Routing Policy in der Teams-Telefonie.

## Prüfung

- Globale/geerbte effektive Richtlinien werden nicht vollstaendig aufgeloest.

- static: aktueller erfolgreicher Nachweis fehlt
- pester: aktueller erfolgreicher Nachweis fehlt
- windows: aktueller erfolgreicher Nachweis fehlt
- tenant: aktueller erfolgreicher Nachweis fehlt

## Voraussetzungen

- Module: MicrosoftTeams
- Dokumentierte Graph-Scopes: Nicht angegeben; vor Tenant-Nutzung prüfen.
- Hilfsdateien: Keine lokale Hilfsdatei erkannt.

## Verwendung

Noch kein geprüftes Aufrufbeispiel dokumentiert. Parameter mit `Get-Help './16_Teams_Telephony/335_Find-TeamsVoiceEnabledUsersWithoutVoiceRoutingPolicy.ps1' -Full` lesen.

## Quelle

[PowerShell-Datei auf GitHub](https://github.com/Kaffeeundcode/Intune-Scripts/blob/main/16_Teams_Telephony/335_Find-TeamsVoiceEnabledUsersWithoutVoiceRoutingPolicy.ps1)

Prüfungen gelten nur für den dokumentierten Quellstand und Testumfang.
","16_Teams_Telephony","16_Teams_Telephony/335_Find-TeamsVoiceEnabledUsersWithoutVoiceRoutingPolicy.ps1","known_issues","Bekannte Fehler","false","elevated"
"find-teams-voice-enabled-users-without-calling-policy","Find-TeamsVoiceEnabledUsersWithoutCallingPolicy","# Find-TeamsVoiceEnabledUsersWithoutCallingPolicy

**Prüfstatus: Bekannte Fehler**

Teams Voice Enabled Users Without Calling Policy

<!-- library-status:start -->
    Prüfstatus: Bekannte Fehler
    Globale/geerbte effektive Richtlinien werden nicht vollstaendig aufgeloest.

    <!-- library-status:end -->

    Identifiziert Teams Voice Enabled Users Without Calling Policy in der Teams-Telefonie.

## Prüfung

- Globale/geerbte effektive Richtlinien werden nicht vollstaendig aufgeloest.

- static: aktueller erfolgreicher Nachweis fehlt
- pester: aktueller erfolgreicher Nachweis fehlt
- windows: aktueller erfolgreicher Nachweis fehlt
- tenant: aktueller erfolgreicher Nachweis fehlt

## Voraussetzungen

- Module: MicrosoftTeams
- Dokumentierte Graph-Scopes: Nicht angegeben; vor Tenant-Nutzung prüfen.
- Hilfsdateien: Keine lokale Hilfsdatei erkannt.

## Verwendung

Noch kein geprüftes Aufrufbeispiel dokumentiert. Parameter mit `Get-Help './16_Teams_Telephony/336_Find-TeamsVoiceEnabledUsersWithoutCallingPolicy.ps1' -Full` lesen.

## Quelle

[PowerShell-Datei auf GitHub](https://github.com/Kaffeeundcode/Intune-Scripts/blob/main/16_Teams_Telephony/336_Find-TeamsVoiceEnabledUsersWithoutCallingPolicy.ps1)

Prüfungen gelten nur für den dokumentierten Quellstand und Testumfang.
","16_Teams_Telephony","16_Teams_Telephony/336_Find-TeamsVoiceEnabledUsersWithoutCallingPolicy.ps1","known_issues","Bekannte Fehler","false","elevated"
"find-teams-voice-enabled-users-without-emergency-policy","Find-TeamsVoiceEnabledUsersWithoutEmergencyPolicy","# Find-TeamsVoiceEnabledUsersWithoutEmergencyPolicy

**Prüfstatus: Bekannte Fehler**

Teams Voice Enabled Users Without Emergency Policy

<!-- library-status:start -->
    Prüfstatus: Bekannte Fehler
    Globale/geerbte effektive Richtlinien werden nicht vollstaendig aufgeloest.

    <!-- library-status:end -->

    Identifiziert Teams Voice Enabled Users Without Emergency Policy in der Teams-Telefonie.

## Prüfung

- Globale/geerbte effektive Richtlinien werden nicht vollstaendig aufgeloest.

- static: aktueller erfolgreicher Nachweis fehlt
- pester: aktueller erfolgreicher Nachweis fehlt
- windows: aktueller erfolgreicher Nachweis fehlt
- tenant: aktueller erfolgreicher Nachweis fehlt

## Voraussetzungen

- Module: MicrosoftTeams
- Dokumentierte Graph-Scopes: Nicht angegeben; vor Tenant-Nutzung prüfen.
- Hilfsdateien: Keine lokale Hilfsdatei erkannt.

## Verwendung

Noch kein geprüftes Aufrufbeispiel dokumentiert. Parameter mit `Get-Help './16_Teams_Telephony/337_Find-TeamsVoiceEnabledUsersWithoutEmergencyPolicy.ps1' -Full` lesen.

## Quelle

[PowerShell-Datei auf GitHub](https://github.com/Kaffeeundcode/Intune-Scripts/blob/main/16_Teams_Telephony/337_Find-TeamsVoiceEnabledUsersWithoutEmergencyPolicy.ps1)

Prüfungen gelten nur für den dokumentierten Quellstand und Testumfang.
","16_Teams_Telephony","16_Teams_Telephony/337_Find-TeamsVoiceEnabledUsersWithoutEmergencyPolicy.ps1","known_issues","Bekannte Fehler","false","elevated"
"compare-teams-telephony-assignments-by-domain","Compare-TeamsTelephonyAssignmentsByDomain","# Compare-TeamsTelephonyAssignmentsByDomain

**Prüfstatus: Ungeprüft**

Teams Telephony Assignments By Domain

<!-- library-status:start -->
    Prüfstatus: Ungeprüft
    Windows- und Tenant-Abnahme ausstehend; keine pauschale Produktionsfreigabe.

    <!-- library-status:end -->

    Vergleicht Teams Telephony Assignments By Domain in der Teams-Telefonie.

## Prüfung

Keine fachliche Freigabe aus der Katalogerstellung ableiten.

- static: aktueller erfolgreicher Nachweis fehlt
- pester: aktueller erfolgreicher Nachweis fehlt
- windows: aktueller erfolgreicher Nachweis fehlt
- tenant: aktueller erfolgreicher Nachweis fehlt

## Voraussetzungen

- Module: MicrosoftTeams
- Dokumentierte Graph-Scopes: Nicht angegeben; vor Tenant-Nutzung prüfen.
- Hilfsdateien: Keine lokale Hilfsdatei erkannt.

## Verwendung

Noch kein geprüftes Aufrufbeispiel dokumentiert. Parameter mit `Get-Help './16_Teams_Telephony/338_Compare-TeamsTelephonyAssignmentsByDomain.ps1' -Full` lesen.

## Quelle

[PowerShell-Datei auf GitHub](https://github.com/Kaffeeundcode/Intune-Scripts/blob/main/16_Teams_Telephony/338_Compare-TeamsTelephonyAssignmentsByDomain.ps1)

Prüfungen gelten nur für den dokumentierten Quellstand und Testumfang.
","16_Teams_Telephony","16_Teams_Telephony/338_Compare-TeamsTelephonyAssignmentsByDomain.ps1","unreviewed","Ungeprüft","false","elevated"
"compare-teams-telephony-assignments-by-country","Compare-TeamsTelephonyAssignmentsByCountry","# Compare-TeamsTelephonyAssignmentsByCountry

**Prüfstatus: Ungeprüft**

Teams Telephony Assignments By Country

<!-- library-status:start -->
    Prüfstatus: Ungeprüft
    Windows- und Tenant-Abnahme ausstehend; keine pauschale Produktionsfreigabe.

    <!-- library-status:end -->

    Vergleicht Teams Telephony Assignments By Country in der Teams-Telefonie.

## Prüfung

Keine fachliche Freigabe aus der Katalogerstellung ableiten.

- static: aktueller erfolgreicher Nachweis fehlt
- pester: aktueller erfolgreicher Nachweis fehlt
- windows: aktueller erfolgreicher Nachweis fehlt
- tenant: aktueller erfolgreicher Nachweis fehlt

## Voraussetzungen

- Module: MicrosoftTeams
- Dokumentierte Graph-Scopes: Nicht angegeben; vor Tenant-Nutzung prüfen.
- Hilfsdateien: Keine lokale Hilfsdatei erkannt.

## Verwendung

Noch kein geprüftes Aufrufbeispiel dokumentiert. Parameter mit `Get-Help './16_Teams_Telephony/339_Compare-TeamsTelephonyAssignmentsByCountry.ps1' -Full` lesen.

## Quelle

[PowerShell-Datei auf GitHub](https://github.com/Kaffeeundcode/Intune-Scripts/blob/main/16_Teams_Telephony/339_Compare-TeamsTelephonyAssignmentsByCountry.ps1)

Prüfungen gelten nur für den dokumentierten Quellstand und Testumfang.
","16_Teams_Telephony","16_Teams_Telephony/339_Compare-TeamsTelephonyAssignmentsByCountry.ps1","unreviewed","Ungeprüft","false","elevated"
"measure-teams-telephony-adoption-by-office","Measure-TeamsTelephonyAdoptionByOffice","# Measure-TeamsTelephonyAdoptionByOffice

**Prüfstatus: Ungeprüft**

Teams Telephony Adoption By Office

<!-- library-status:start -->
    Prüfstatus: Ungeprüft
    Windows- und Tenant-Abnahme ausstehend; keine pauschale Produktionsfreigabe.

    <!-- library-status:end -->

    Misst Teams Telephony Adoption By Office in der Teams-Telefonie.

## Prüfung

Keine fachliche Freigabe aus der Katalogerstellung ableiten.

- static: aktueller erfolgreicher Nachweis fehlt
- pester: aktueller erfolgreicher Nachweis fehlt
- windows: aktueller erfolgreicher Nachweis fehlt
- tenant: aktueller erfolgreicher Nachweis fehlt

## Voraussetzungen

- Module: MicrosoftTeams
- Dokumentierte Graph-Scopes: Nicht angegeben; vor Tenant-Nutzung prüfen.
- Hilfsdateien: Keine lokale Hilfsdatei erkannt.

## Verwendung

Noch kein geprüftes Aufrufbeispiel dokumentiert. Parameter mit `Get-Help './16_Teams_Telephony/340_Measure-TeamsTelephonyAdoptionByOffice.ps1' -Full` lesen.

## Quelle

[PowerShell-Datei auf GitHub](https://github.com/Kaffeeundcode/Intune-Scripts/blob/main/16_Teams_Telephony/340_Measure-TeamsTelephonyAdoptionByOffice.ps1)

Prüfungen gelten nur für den dokumentierten Quellstand und Testumfang.
","16_Teams_Telephony","16_Teams_Telephony/340_Measure-TeamsTelephonyAdoptionByOffice.ps1","unreviewed","Ungeprüft","false","elevated"
"export-teams-telephony-assignment-matrix","Export-TeamsTelephonyAssignmentMatrix","# Export-TeamsTelephonyAssignmentMatrix

**Prüfstatus: Ungeprüft**

Teams Telephony Assignment Matrix

<!-- library-status:start -->
    Prüfstatus: Ungeprüft
    Windows- und Tenant-Abnahme ausstehend; keine pauschale Produktionsfreigabe.

    <!-- library-status:end -->

    Exportiert Teams Telephony Assignment Matrix aus der Teams-Telefonie.

## Prüfung

Keine fachliche Freigabe aus der Katalogerstellung ableiten.

- static: aktueller erfolgreicher Nachweis fehlt
- pester: aktueller erfolgreicher Nachweis fehlt
- windows: aktueller erfolgreicher Nachweis fehlt
- tenant: aktueller erfolgreicher Nachweis fehlt

## Voraussetzungen

- Module: MicrosoftTeams
- Dokumentierte Graph-Scopes: Nicht angegeben; vor Tenant-Nutzung prüfen.
- Hilfsdateien: Keine lokale Hilfsdatei erkannt.

## Verwendung

Noch kein geprüftes Aufrufbeispiel dokumentiert. Parameter mit `Get-Help './16_Teams_Telephony/341_Export-TeamsTelephonyAssignmentMatrix.ps1' -Full` lesen.

## Quelle

[PowerShell-Datei auf GitHub](https://github.com/Kaffeeundcode/Intune-Scripts/blob/main/16_Teams_Telephony/341_Export-TeamsTelephonyAssignmentMatrix.ps1)

Prüfungen gelten nur für den dokumentierten Quellstand und Testumfang.
","16_Teams_Telephony","16_Teams_Telephony/341_Export-TeamsTelephonyAssignmentMatrix.ps1","unreviewed","Ungeprüft","false","elevated"
"export-teams-telephony-policy-matrix","Export-TeamsTelephonyPolicyMatrix","# Export-TeamsTelephonyPolicyMatrix

**Prüfstatus: Ungeprüft**

Teams Telephony Policy Matrix

<!-- library-status:start -->
    Prüfstatus: Ungeprüft
    Windows- und Tenant-Abnahme ausstehend; keine pauschale Produktionsfreigabe.

    <!-- library-status:end -->

    Exportiert Teams Telephony Policy Matrix aus der Teams-Telefonie.

## Prüfung

Keine fachliche Freigabe aus der Katalogerstellung ableiten.

- static: aktueller erfolgreicher Nachweis fehlt
- pester: aktueller erfolgreicher Nachweis fehlt
- windows: aktueller erfolgreicher Nachweis fehlt
- tenant: aktueller erfolgreicher Nachweis fehlt

## Voraussetzungen

- Module: MicrosoftTeams
- Dokumentierte Graph-Scopes: Nicht angegeben; vor Tenant-Nutzung prüfen.
- Hilfsdateien: Keine lokale Hilfsdatei erkannt.

## Verwendung

Noch kein geprüftes Aufrufbeispiel dokumentiert. Parameter mit `Get-Help './16_Teams_Telephony/342_Export-TeamsTelephonyPolicyMatrix.ps1' -Full` lesen.

## Quelle

[PowerShell-Datei auf GitHub](https://github.com/Kaffeeundcode/Intune-Scripts/blob/main/16_Teams_Telephony/342_Export-TeamsTelephonyPolicyMatrix.ps1)

Prüfungen gelten nur für den dokumentierten Quellstand und Testumfang.
","16_Teams_Telephony","16_Teams_Telephony/342_Export-TeamsTelephonyPolicyMatrix.ps1","unreviewed","Ungeprüft","false","elevated"
"backup-teams-telephony-user-configuration","Backup-TeamsTelephonyUserConfiguration","# Backup-TeamsTelephonyUserConfiguration

**Prüfstatus: Ungeprüft**

Teams Telephony User Configuration

<!-- library-status:start -->
    Prüfstatus: Ungeprüft
    Windows- und Tenant-Abnahme ausstehend; keine pauschale Produktionsfreigabe.

    <!-- library-status:end -->

    Sichert Teams Telephony User Configuration aus der Teams-Telefonie.

## Prüfung

Keine fachliche Freigabe aus der Katalogerstellung ableiten.

- static: aktueller erfolgreicher Nachweis fehlt
- pester: aktueller erfolgreicher Nachweis fehlt
- windows: aktueller erfolgreicher Nachweis fehlt
- tenant: aktueller erfolgreicher Nachweis fehlt

## Voraussetzungen

- Module: MicrosoftTeams
- Dokumentierte Graph-Scopes: Nicht angegeben; vor Tenant-Nutzung prüfen.
- Hilfsdateien: Keine lokale Hilfsdatei erkannt.

## Verwendung

Noch kein geprüftes Aufrufbeispiel dokumentiert. Parameter mit `Get-Help './16_Teams_Telephony/343_Backup-TeamsTelephonyUserConfiguration.ps1' -Full` lesen.

## Quelle

[PowerShell-Datei auf GitHub](https://github.com/Kaffeeundcode/Intune-Scripts/blob/main/16_Teams_Telephony/343_Backup-TeamsTelephonyUserConfiguration.ps1)

Prüfungen gelten nur für den dokumentierten Quellstand und Testumfang.
","16_Teams_Telephony","16_Teams_Telephony/343_Backup-TeamsTelephonyUserConfiguration.ps1","unreviewed","Ungeprüft","false","elevated"
"test-teams-telephony-configuration-completeness","Test-TeamsTelephonyConfigurationCompleteness","# Test-TeamsTelephonyConfigurationCompleteness

**Prüfstatus: Ungeprüft**

Teams Telephony Configuration Completeness

<!-- library-status:start -->
    Prüfstatus: Ungeprüft
    Windows- und Tenant-Abnahme ausstehend; keine pauschale Produktionsfreigabe.

    <!-- library-status:end -->

    Prueft Teams Telephony Configuration Completeness in der Teams-Telefonie.

## Prüfung

Keine fachliche Freigabe aus der Katalogerstellung ableiten.

- static: aktueller erfolgreicher Nachweis fehlt
- pester: aktueller erfolgreicher Nachweis fehlt
- windows: aktueller erfolgreicher Nachweis fehlt
- tenant: aktueller erfolgreicher Nachweis fehlt

## Voraussetzungen

- Module: MicrosoftTeams
- Dokumentierte Graph-Scopes: Nicht angegeben; vor Tenant-Nutzung prüfen.
- Hilfsdateien: Keine lokale Hilfsdatei erkannt.

## Verwendung

Noch kein geprüftes Aufrufbeispiel dokumentiert. Parameter mit `Get-Help './16_Teams_Telephony/344_Test-TeamsTelephonyConfigurationCompleteness.ps1' -Full` lesen.

## Quelle

[PowerShell-Datei auf GitHub](https://github.com/Kaffeeundcode/Intune-Scripts/blob/main/16_Teams_Telephony/344_Test-TeamsTelephonyConfigurationCompleteness.ps1)

Prüfungen gelten nur für den dokumentierten Quellstand und Testumfang.
","16_Teams_Telephony","16_Teams_Telephony/344_Test-TeamsTelephonyConfigurationCompleteness.ps1","unreviewed","Ungeprüft","false","elevated"
"find-teams-potential-common-area-phone-users","Find-TeamsPotentialCommonAreaPhoneUsers","# Find-TeamsPotentialCommonAreaPhoneUsers

**Prüfstatus: Ungeprüft**

Teams Potential Common Area Phone Users

<!-- library-status:start -->
    Prüfstatus: Ungeprüft
    Windows- und Tenant-Abnahme ausstehend; keine pauschale Produktionsfreigabe.

    <!-- library-status:end -->

    Identifiziert Teams Potential Common Area Phone Users in der Teams-Telefonie.

## Prüfung

Keine fachliche Freigabe aus der Katalogerstellung ableiten.

- static: aktueller erfolgreicher Nachweis fehlt
- pester: aktueller erfolgreicher Nachweis fehlt
- windows: aktueller erfolgreicher Nachweis fehlt
- tenant: aktueller erfolgreicher Nachweis fehlt

## Voraussetzungen

- Module: MicrosoftTeams
- Dokumentierte Graph-Scopes: Nicht angegeben; vor Tenant-Nutzung prüfen.
- Hilfsdateien: Keine lokale Hilfsdatei erkannt.

## Verwendung

Noch kein geprüftes Aufrufbeispiel dokumentiert. Parameter mit `Get-Help './16_Teams_Telephony/345_Find-TeamsPotentialCommonAreaPhoneUsers.ps1' -Full` lesen.

## Quelle

[PowerShell-Datei auf GitHub](https://github.com/Kaffeeundcode/Intune-Scripts/blob/main/16_Teams_Telephony/345_Find-TeamsPotentialCommonAreaPhoneUsers.ps1)

Prüfungen gelten nur für den dokumentierten Quellstand und Testumfang.
","16_Teams_Telephony","16_Teams_Telephony/345_Find-TeamsPotentialCommonAreaPhoneUsers.ps1","unreviewed","Ungeprüft","false","elevated"
"find-teams-users-with-non-e164-numbers","Find-TeamsUsersWithNonE164Numbers","# Find-TeamsUsersWithNonE164Numbers

**Prüfstatus: Ungeprüft**

Teams Users With Non E164 Numbers

<!-- library-status:start -->
    Prüfstatus: Ungeprüft
    Windows- und Tenant-Abnahme ausstehend; keine pauschale Produktionsfreigabe.
    Hauptversion: 16_Teams_Telephony/168_Test-TeamsUserLineUriFormatting&#46;ps1
    <!-- library-status:end -->

    Identifiziert Teams Users With Non E164 Numbers in der Teams-Telefonie.

## Prüfung

Keine fachliche Freigabe aus der Katalogerstellung ableiten.

- static: aktueller erfolgreicher Nachweis fehlt
- pester: aktueller erfolgreicher Nachweis fehlt
- windows: aktueller erfolgreicher Nachweis fehlt
- tenant: aktueller erfolgreicher Nachweis fehlt

Gleiche Implementierung: [Hauptversion](https://github.com/Kaffeeundcode/Intune-Scripts/blob/main/16_Teams_Telephony/168_Test-TeamsUserLineUriFormatting.ps1).

## Voraussetzungen

- Module: MicrosoftTeams
- Dokumentierte Graph-Scopes: Nicht angegeben; vor Tenant-Nutzung prüfen.
- Hilfsdateien: Keine lokale Hilfsdatei erkannt.

## Verwendung

Noch kein geprüftes Aufrufbeispiel dokumentiert. Parameter mit `Get-Help './16_Teams_Telephony/346_Find-TeamsUsersWithNonE164Numbers.ps1' -Full` lesen.

## Quelle

[PowerShell-Datei auf GitHub](https://github.com/Kaffeeundcode/Intune-Scripts/blob/main/16_Teams_Telephony/346_Find-TeamsUsersWithNonE164Numbers.ps1)

Prüfungen gelten nur für den dokumentierten Quellstand und Testumfang.
","16_Teams_Telephony","16_Teams_Telephony/346_Find-TeamsUsersWithNonE164Numbers.ps1","unreviewed","Ungeprüft","false","elevated"
"find-teams-voice-users-without-hosted-voicemail","Find-TeamsVoiceUsersWithoutHostedVoicemail","# Find-TeamsVoiceUsersWithoutHostedVoicemail

**Prüfstatus: Ungeprüft**

Teams Voice Users Without Hosted Voicemail

<!-- library-status:start -->
    Prüfstatus: Ungeprüft
    Windows- und Tenant-Abnahme ausstehend; keine pauschale Produktionsfreigabe.
    Hauptversion: 16_Teams_Telephony/155_Find-TeamsUsersWithoutHostedVoicemail&#46;ps1
    <!-- library-status:end -->

    Identifiziert Teams Voice Users Without Hosted Voicemail in der Teams-Telefonie.

## Prüfung

Keine fachliche Freigabe aus der Katalogerstellung ableiten.

- static: aktueller erfolgreicher Nachweis fehlt
- pester: aktueller erfolgreicher Nachweis fehlt
- windows: aktueller erfolgreicher Nachweis fehlt
- tenant: aktueller erfolgreicher Nachweis fehlt

Gleiche Implementierung: [Hauptversion](https://github.com/Kaffeeundcode/Intune-Scripts/blob/main/16_Teams_Telephony/155_Find-TeamsUsersWithoutHostedVoicemail.ps1).

## Voraussetzungen

- Module: MicrosoftTeams
- Dokumentierte Graph-Scopes: Nicht angegeben; vor Tenant-Nutzung prüfen.
- Hilfsdateien: Keine lokale Hilfsdatei erkannt.

## Verwendung

Noch kein geprüftes Aufrufbeispiel dokumentiert. Parameter mit `Get-Help './16_Teams_Telephony/347_Find-TeamsVoiceUsersWithoutHostedVoicemail.ps1' -Full` lesen.

## Quelle

[PowerShell-Datei auf GitHub](https://github.com/Kaffeeundcode/Intune-Scripts/blob/main/16_Teams_Telephony/347_Find-TeamsVoiceUsersWithoutHostedVoicemail.ps1)

Prüfungen gelten nur für den dokumentierten Quellstand und Testumfang.
","16_Teams_Telephony","16_Teams_Telephony/347_Find-TeamsVoiceUsersWithoutHostedVoicemail.ps1","unreviewed","Ungeprüft","false","elevated"
"measure-teams-telephony-coverage-by-department","Measure-TeamsTelephonyCoverageByDepartment","# Measure-TeamsTelephonyCoverageByDepartment

**Prüfstatus: Ungeprüft**

Teams Telephony Coverage By Department

<!-- library-status:start -->
    Prüfstatus: Ungeprüft
    Windows- und Tenant-Abnahme ausstehend; keine pauschale Produktionsfreigabe.

    <!-- library-status:end -->

    Misst Teams Telephony Coverage By Department in der Teams-Telefonie.

## Prüfung

Keine fachliche Freigabe aus der Katalogerstellung ableiten.

- static: aktueller erfolgreicher Nachweis fehlt
- pester: aktueller erfolgreicher Nachweis fehlt
- windows: aktueller erfolgreicher Nachweis fehlt
- tenant: aktueller erfolgreicher Nachweis fehlt

## Voraussetzungen

- Module: MicrosoftTeams
- Dokumentierte Graph-Scopes: Nicht angegeben; vor Tenant-Nutzung prüfen.
- Hilfsdateien: Keine lokale Hilfsdatei erkannt.

## Verwendung

Noch kein geprüftes Aufrufbeispiel dokumentiert. Parameter mit `Get-Help './16_Teams_Telephony/348_Measure-TeamsTelephonyCoverageByDepartment.ps1' -Full` lesen.

## Quelle

[PowerShell-Datei auf GitHub](https://github.com/Kaffeeundcode/Intune-Scripts/blob/main/16_Teams_Telephony/348_Measure-TeamsTelephonyCoverageByDepartment.ps1)

Prüfungen gelten nur für den dokumentierten Quellstand und Testumfang.
","16_Teams_Telephony","16_Teams_Telephony/348_Measure-TeamsTelephonyCoverageByDepartment.ps1","unreviewed","Ungeprüft","false","elevated"
"export-teams-telephony-executive-summary","Export-TeamsTelephonyExecutiveSummary","# Export-TeamsTelephonyExecutiveSummary

**Prüfstatus: Ungeprüft**

Teams Telephony Executive Summary

<!-- library-status:start -->
    Prüfstatus: Ungeprüft
    Windows- und Tenant-Abnahme ausstehend; keine pauschale Produktionsfreigabe.

    <!-- library-status:end -->

    Exportiert Teams Telephony Executive Summary aus der Teams-Telefonie.

## Prüfung

Keine fachliche Freigabe aus der Katalogerstellung ableiten.

- static: aktueller erfolgreicher Nachweis fehlt
- pester: aktueller erfolgreicher Nachweis fehlt
- windows: aktueller erfolgreicher Nachweis fehlt
- tenant: aktueller erfolgreicher Nachweis fehlt

## Voraussetzungen

- Module: MicrosoftTeams
- Dokumentierte Graph-Scopes: Nicht angegeben; vor Tenant-Nutzung prüfen.
- Hilfsdateien: Keine lokale Hilfsdatei erkannt.

## Verwendung

Noch kein geprüftes Aufrufbeispiel dokumentiert. Parameter mit `Get-Help './16_Teams_Telephony/349_Export-TeamsTelephonyExecutiveSummary.ps1' -Full` lesen.

## Quelle

[PowerShell-Datei auf GitHub](https://github.com/Kaffeeundcode/Intune-Scripts/blob/main/16_Teams_Telephony/349_Export-TeamsTelephonyExecutiveSummary.ps1)

Prüfungen gelten nur für den dokumentierten Quellstand und Testumfang.
","16_Teams_Telephony","16_Teams_Telephony/349_Export-TeamsTelephonyExecutiveSummary.ps1","unreviewed","Ungeprüft","false","elevated"
"get-teams-telephony-tenant-summary","Get-TeamsTelephonyTenantSummary","# Get-TeamsTelephonyTenantSummary

**Prüfstatus: Ungeprüft**

Teams Telephony Tenant Summary

<!-- library-status:start -->
    Prüfstatus: Ungeprüft
    Windows- und Tenant-Abnahme ausstehend; keine pauschale Produktionsfreigabe.

    <!-- library-status:end -->

    Ruft Teams Telephony Tenant Summary aus der Teams-Telefonie ab.

## Prüfung

Keine fachliche Freigabe aus der Katalogerstellung ableiten.

- static: aktueller erfolgreicher Nachweis fehlt
- pester: aktueller erfolgreicher Nachweis fehlt
- windows: aktueller erfolgreicher Nachweis fehlt
- tenant: aktueller erfolgreicher Nachweis fehlt

## Voraussetzungen

- Module: MicrosoftTeams
- Dokumentierte Graph-Scopes: Nicht angegeben; vor Tenant-Nutzung prüfen.
- Hilfsdateien: Keine lokale Hilfsdatei erkannt.

## Verwendung

Noch kein geprüftes Aufrufbeispiel dokumentiert. Parameter mit `Get-Help './16_Teams_Telephony/350_Get-TeamsTelephonyTenantSummary.ps1' -Full` lesen.

## Quelle

[PowerShell-Datei auf GitHub](https://github.com/Kaffeeundcode/Intune-Scripts/blob/main/16_Teams_Telephony/350_Get-TeamsTelephonyTenantSummary.ps1)

Prüfungen gelten nur für den dokumentierten Quellstand und Testumfang.
","16_Teams_Telephony","16_Teams_Telephony/350_Get-TeamsTelephonyTenantSummary.ps1","unreviewed","Ungeprüft","false","elevated"
"get-intune-device-diagnostic-report","Get-IntuneDeviceDiagnosticReport","# Get-IntuneDeviceDiagnosticReport

**Prüfstatus: Ungeprüft**

Erstellt einen zusammenhaengenden Intune-Diagnosebericht fuer ein Geraet.

<!-- library-status:start -->
    Prüfstatus: Ungeprüft
    Windows- und Tenant-Abnahme ausstehend; keine pauschale Produktionsfreigabe.

    <!-- library-status:end -->

    Liest Geraet, Compliance, klassische Konfigurationszustaende und App-Installationszustaende.
    Einzelne nicht verfuegbare Datenquellen erscheinen als Nicht pruefbar. Kein fehlerhafter Abruf wird als gesund gewertet.
    Settings-Catalog-Per-Setting-Reports sind nicht Bestandteil der klassischen deviceConfigurationStates.

## Prüfung

Keine fachliche Freigabe aus der Katalogerstellung ableiten.

- static: aktueller erfolgreicher Nachweis fehlt
- pester: aktueller erfolgreicher Nachweis fehlt
- windows: aktueller erfolgreicher Nachweis fehlt
- tenant: aktueller erfolgreicher Nachweis fehlt

## Voraussetzungen

- Module: Microsoft.Graph.Authentication
- Dokumentierte Graph-Scopes: DeviceManagementManagedDevices.Read.All, DeviceManagementApps.Read.All, DeviceManagementConfiguration.Read.All
- Hilfsdateien: Keine lokale Hilfsdatei erkannt.

## Verwendung

```powershell
./17_Intune_Workflows/351_Get-IntuneDeviceDiagnosticReport.ps1 -DeviceName 'TEST-PC' -OutputPath './reports/device.json'
```

## Quelle

[PowerShell-Datei auf GitHub](https://github.com/Kaffeeundcode/Intune-Scripts/blob/main/17_Intune_Workflows/351_Get-IntuneDeviceDiagnosticReport.ps1)

Prüfungen gelten nur für den dokumentierten Quellstand und Testumfang.
","17_Intune_Workflows","17_Intune_Workflows/351_Get-IntuneDeviceDiagnosticReport.ps1","unreviewed","Ungeprüft","false","elevated"
"resolve-intune-assignment-for-device","Resolve-IntuneAssignmentForDevice","# Resolve-IntuneAssignmentForDevice

**Prüfstatus: Ungeprüft**

Erklaert Gruppen-, Benutzer- und Filterbezug einer Intune-Zuweisung.

<!-- library-status:start -->
    Prüfstatus: Ungeprüft
    Windows- und Tenant-Abnahme ausstehend; keine pauschale Produktionsfreigabe.

    <!-- library-status:end -->

    Prueft ein konkretes Objekt gegen direkte Entra-Gruppenmitgliedschaften. UserId ist der zu untersuchende Benutzerkontext.
    Ein Treffer belegt Zielgruppenzugehoerigkeit, nicht erfolgreiche Installation. Zuweisungsfilter werden mit Regel ausgegeben,
    aber nicht lokal nachgebildet. Benutzer- und Geraeteausschluesse bleiben getrennt; unbekannte Zieltypen werden nicht bewertet.

## Prüfung

Keine fachliche Freigabe aus der Katalogerstellung ableiten.

- static: aktueller erfolgreicher Nachweis fehlt
- pester: aktueller erfolgreicher Nachweis fehlt
- windows: aktueller erfolgreicher Nachweis fehlt
- tenant: aktueller erfolgreicher Nachweis fehlt

## Voraussetzungen

- Module: Microsoft.Graph.Authentication
- Dokumentierte Graph-Scopes: DeviceManagementManagedDevices.Read.All, DeviceManagementApps.Read.All, DeviceManagementConfiguration.Read.All, Device.Read.All, Group.Read.All, User.Read.All
- Hilfsdateien: Keine lokale Hilfsdatei erkannt.

## Verwendung

```powershell
./17_Intune_Workflows/352_Resolve-IntuneAssignmentForDevice.ps1 -DeviceId 'managed-device-id' -ResourceType mobileApps -ResourceId 'app-id' -OutputPath './reports/assignments.json'
```

## Quelle

[PowerShell-Datei auf GitHub](https://github.com/Kaffeeundcode/Intune-Scripts/blob/main/17_Intune_Workflows/352_Resolve-IntuneAssignmentForDevice.ps1)

Prüfungen gelten nur für den dokumentierten Quellstand und Testumfang.
","17_Intune_Workflows","17_Intune_Workflows/352_Resolve-IntuneAssignmentForDevice.ps1","unreviewed","Ungeprüft","false","elevated"
"export-intune-configuration-snapshot","Export-IntuneConfigurationSnapshot","# Export-IntuneConfigurationSnapshot

**Prüfstatus: Ungeprüft**

Exportiert klassische Profile, Settings Catalog, Compliance, Intents und ADMX-Konfigurationen mit Zuweisungen.

<!-- library-status:start -->
    Prüfstatus: Ungeprüft
    Windows- und Tenant-Abnahme ausstehend; keine pauschale Produktionsfreigabe.

    <!-- library-status:end -->

    JSON-Snapshot der aufgefuehrten Konfigurationsfamilien inklusive untergeordneter Einstellungen.
    Kein vollstaendiges Tenant-Backup: App-Payloads, Zertifikatsschluessel, Enrollment-Tokens und MAM sind nicht enthalten.
    Jeder Fehler setzt Complete auf false. Ausgaben koennen vertrauliche Konfiguration enthalten und gehoeren nicht ins oeffentliche Repository.

## Prüfung

Keine fachliche Freigabe aus der Katalogerstellung ableiten.

- static: aktueller erfolgreicher Nachweis fehlt
- pester: aktueller erfolgreicher Nachweis fehlt
- windows: aktueller erfolgreicher Nachweis fehlt
- tenant: aktueller erfolgreicher Nachweis fehlt

## Voraussetzungen

- Module: Microsoft.Graph.Authentication
- Dokumentierte Graph-Scopes: DeviceManagementConfiguration.Read.All
- Hilfsdateien: Keine lokale Hilfsdatei erkannt.

## Verwendung

```powershell
./17_Intune_Workflows/353_Export-IntuneConfigurationSnapshot.ps1 -OutputPath './reports/configuration.json'
```

## Quelle

[PowerShell-Datei auf GitHub](https://github.com/Kaffeeundcode/Intune-Scripts/blob/main/17_Intune_Workflows/353_Export-IntuneConfigurationSnapshot.ps1)

Prüfungen gelten nur für den dokumentierten Quellstand und Testumfang.
","17_Intune_Workflows","17_Intune_Workflows/353_Export-IntuneConfigurationSnapshot.ps1","unreviewed","Ungeprüft","false","elevated"
"compare-intune-configuration-snapshot","Compare-IntuneConfigurationSnapshot","# Compare-IntuneConfigurationSnapshot

**Prüfstatus: Ungeprüft**

Vergleicht zwei vollstaendige Konfigurationssnapshots desselben Tenants.

<!-- library-status:start -->
    Prüfstatus: Ungeprüft
    Windows- und Tenant-Abnahme ausstehend; keine pauschale Produktionsfreigabe.

    <!-- library-status:end -->

    Zeigt hinzugefuegte, entfernte und geaenderte Objekte anhand Family und Id.
    Eigenschaften werden rekursiv sortiert; Arrayreihenfolge bleibt erhalten, da sie fachlich relevant sein kann.
    API-Metadaten und Zeitstempel werden nicht als Konfigurationsaenderung gewertet.

## Prüfung

Keine fachliche Freigabe aus der Katalogerstellung ableiten.

- static: aktueller erfolgreicher Nachweis fehlt
- pester: aktueller erfolgreicher Nachweis fehlt
- windows: aktueller erfolgreicher Nachweis fehlt

## Voraussetzungen

- Module: Microsoft.Graph.Authentication
- Dokumentierte Graph-Scopes: Nicht angegeben; vor Tenant-Nutzung prüfen.
- Hilfsdateien: Keine lokale Hilfsdatei erkannt.

## Verwendung

```powershell
./17_Intune_Workflows/354_Compare-IntuneConfigurationSnapshot.ps1 -BeforePath './reports/before.json' -AfterPath './reports/after.json'
```

## Quelle

[PowerShell-Datei auf GitHub](https://github.com/Kaffeeundcode/Intune-Scripts/blob/main/17_Intune_Workflows/354_Compare-IntuneConfigurationSnapshot.ps1)

Prüfungen gelten nur für den dokumentierten Quellstand und Testumfang.
","17_Intune_Workflows","17_Intune_Workflows/354_Compare-IntuneConfigurationSnapshot.ps1","unreviewed","Ungeprüft","false","elevated"
"test-intune-win32-app-detection","Test-IntuneWin32AppDetection","# Test-IntuneWin32AppDetection

**Prüfstatus: Ungeprüft**

Prueft deklarative Datei-, Versions-, Registry- und MSI-Erkennung auf dem Zielgeraet.

<!-- library-status:start -->
    Prüfstatus: Ungeprüft
    Windows- und Tenant-Abnahme ausstehend; keine pauschale Produktionsfreigabe.

    <!-- library-status:end -->

    RulePath enthaelt ein JSON-Array aus type (file, fileVersion, registry, msi), path und optional minimumVersion,
    name, expectedValue, productCode sowie registryView (Registry64 oder Registry32).
    Es wird kein beliebiger Skriptinhalt ausgefuehrt. IntuneOutput liefert nur bei vollstaendig passender Erkennung Ausgabe und Exit 0.
    Exit 1 bedeutet nicht erkannt; Exit 2 bedeutet nicht pruefbar. Ohne IntuneOutput werden Ergebnisobjekte ausgegeben.

## Prüfung

Keine fachliche Freigabe aus der Katalogerstellung ableiten.

- static: aktueller erfolgreicher Nachweis fehlt
- pester: aktueller erfolgreicher Nachweis fehlt
- windows: aktueller erfolgreicher Nachweis fehlt

## Voraussetzungen

- Module: Microsoft.Graph.Authentication
- Dokumentierte Graph-Scopes: Nicht angegeben; vor Tenant-Nutzung prüfen.
- Hilfsdateien: Keine lokale Hilfsdatei erkannt.

## Verwendung

```powershell
./17_Intune_Workflows/355_Test-IntuneWin32AppDetection.ps1 -RulePath './examples/detection-file.json'
```

## Quelle

[PowerShell-Datei auf GitHub](https://github.com/Kaffeeundcode/Intune-Scripts/blob/main/17_Intune_Workflows/355_Test-IntuneWin32AppDetection.ps1)

Prüfungen gelten nur für den dokumentierten Quellstand und Testumfang.
","17_Intune_Workflows","17_Intune_Workflows/355_Test-IntuneWin32AppDetection.ps1","unreviewed","Ungeprüft","false","elevated"
"test-intune-win32-package-folder","Test-IntuneWin32PackageFolder","# Test-IntuneWin32PackageFolder

**Prüfstatus: Ungeprüft**

Prueft einen PilotDeploy-/PSADT-Paketordner vor der Intune-Verpackung.

<!-- library-status:start -->
    Prüfstatus: Ungeprüft
    Windows- und Tenant-Abnahme ausstehend; keine pauschale Produktionsfreigabe.

    <!-- library-status:end -->

    Kontrolliert Einstiegspunkte, PE-Kennung, PowerShell-Syntax, Installer-Payload und Manifest.
    Reparse Points und vorhandene .intunewin-Ausgaben im Quellordner werden gemeldet.
    Fuehrt weder Installer noch Paketcode aus; erfolgreiche Strukturpruefung ist kein Installationstest.

## Prüfung

Keine fachliche Freigabe aus der Katalogerstellung ableiten.

- static: aktueller erfolgreicher Nachweis fehlt
- pester: aktueller erfolgreicher Nachweis fehlt
- windows: aktueller erfolgreicher Nachweis fehlt

## Voraussetzungen

- Module: Microsoft.Graph.Authentication
- Dokumentierte Graph-Scopes: Nicht angegeben; vor Tenant-Nutzung prüfen.
- Hilfsdateien: Keine lokale Hilfsdatei erkannt.

## Verwendung

```powershell
./17_Intune_Workflows/356_Test-IntuneWin32PackageFolder.ps1 -PackagePath 'C:\TestPackages\7zip'
```

## Quelle

[PowerShell-Datei auf GitHub](https://github.com/Kaffeeundcode/Intune-Scripts/blob/main/17_Intune_Workflows/356_Test-IntuneWin32PackageFolder.ps1)

Prüfungen gelten nur für den dokumentierten Quellstand und Testumfang.
","17_Intune_Workflows","17_Intune_Workflows/356_Test-IntuneWin32PackageFolder.ps1","unreviewed","Ungeprüft","false","elevated"
"get-intune-win32-app-relationship-graph","Get-IntuneWin32AppRelationshipGraph","# Get-IntuneWin32AppRelationshipGraph

**Prüfstatus: Ungeprüft**

Liefert Abhaengigkeiten und Abloesungsbeziehungen von Win32-Apps.

<!-- library-status:start -->
    Prüfstatus: Ungeprüft
    Windows- und Tenant-Abnahme ausstehend; keine pauschale Produktionsfreigabe.

    <!-- library-status:end -->

    Liest die Graph-beta-Relationships aller Win32-Apps. Jeder fehlgeschlagene Abruf wird gesondert ausgegeben.
    SourceId und TargetId bleiben erhalten; RelationshipType unterscheidet Dependency und Supersedence.

## Prüfung

Keine fachliche Freigabe aus der Katalogerstellung ableiten.

- static: aktueller erfolgreicher Nachweis fehlt
- pester: aktueller erfolgreicher Nachweis fehlt
- windows: aktueller erfolgreicher Nachweis fehlt
- tenant: aktueller erfolgreicher Nachweis fehlt

## Voraussetzungen

- Module: Microsoft.Graph.Authentication
- Dokumentierte Graph-Scopes: DeviceManagementApps.Read.All
- Hilfsdateien: Keine lokale Hilfsdatei erkannt.

## Verwendung

```powershell
./17_Intune_Workflows/357_Get-IntuneWin32AppRelationshipGraph.ps1 -OutputPath './reports/app-relationships.json'
```

## Quelle

[PowerShell-Datei auf GitHub](https://github.com/Kaffeeundcode/Intune-Scripts/blob/main/17_Intune_Workflows/357_Get-IntuneWin32AppRelationshipGraph.ps1)

Prüfungen gelten nur für den dokumentierten Quellstand und Testumfang.
","17_Intune_Workflows","17_Intune_Workflows/357_Get-IntuneWin32AppRelationshipGraph.ps1","unreviewed","Ungeprüft","false","elevated"
"get-intune-update-rollout-report","Get-IntuneUpdateRolloutReport","# Get-IntuneUpdateRolloutReport

**Prüfstatus: Ungeprüft**

Verbindet Windows-Inventar mit dem gemeldeten Bereitstellungsstatus klassischer Update-Ringe.

<!-- library-status:start -->
    Prüfstatus: Ungeprüft
    Windows- und Tenant-Abnahme ausstehend; keine pauschale Produktionsfreigabe.

    <!-- library-status:end -->

    Liest windowsUpdateForBusinessConfiguration-Profile und deren deviceStatuses. Ein erfolgreicher Richtlinienstatus
    belegt nicht die Installation eines bestimmten KB-Updates. Feature-/Quality-Update-Reports und Settings-Catalog-Ringe sind nicht enthalten.

## Prüfung

Keine fachliche Freigabe aus der Katalogerstellung ableiten.

- static: aktueller erfolgreicher Nachweis fehlt
- pester: aktueller erfolgreicher Nachweis fehlt
- windows: aktueller erfolgreicher Nachweis fehlt
- tenant: aktueller erfolgreicher Nachweis fehlt

## Voraussetzungen

- Module: Microsoft.Graph.Authentication
- Dokumentierte Graph-Scopes: DeviceManagementManagedDevices.Read.All, DeviceManagementConfiguration.Read.All
- Hilfsdateien: Keine lokale Hilfsdatei erkannt.

## Verwendung

```powershell
./17_Intune_Workflows/358_Get-IntuneUpdateRolloutReport.ps1 -OutputPath './reports/update-rings.json'
```

## Quelle

[PowerShell-Datei auf GitHub](https://github.com/Kaffeeundcode/Intune-Scripts/blob/main/17_Intune_Workflows/358_Get-IntuneUpdateRolloutReport.ps1)

Prüfungen gelten nur für den dokumentierten Quellstand und Testumfang.
","17_Intune_Workflows","17_Intune_Workflows/358_Get-IntuneUpdateRolloutReport.ps1","unreviewed","Ungeprüft","false","elevated"
"test-intune-autopilot-readiness","Test-IntuneAutopilotReadiness","# Test-IntuneAutopilotReadiness

**Prüfstatus: Ungeprüft**

Prueft Autopilot-Registrierung und Profilzuweisung fuer eine Seriennummer.

<!-- library-status:start -->
    Prüfstatus: Ungeprüft
    Windows- und Tenant-Abnahme ausstehend; keine pauschale Produktionsfreigabe.

    <!-- library-status:end -->

    Liest Autopilot-Identity und zugeordnetes Deployment-Profil. Liefert konkrete Blocker sowie nicht pruefbare Voraussetzungen.
    TPM, Netzwerk, Benutzerlizenz und OOBE-Funktion benoetigen separate Geraete-/Tenant-Tests.

## Prüfung

Keine fachliche Freigabe aus der Katalogerstellung ableiten.

- static: aktueller erfolgreicher Nachweis fehlt
- pester: aktueller erfolgreicher Nachweis fehlt
- windows: aktueller erfolgreicher Nachweis fehlt
- tenant: aktueller erfolgreicher Nachweis fehlt

## Voraussetzungen

- Module: Microsoft.Graph.Authentication
- Dokumentierte Graph-Scopes: DeviceManagementServiceConfig.Read.All
- Hilfsdateien: Keine lokale Hilfsdatei erkannt.

## Verwendung

```powershell
./17_Intune_Workflows/359_Test-IntuneAutopilotReadiness.ps1 -SerialNumber 'TEST-SERIAL'
```

## Quelle

[PowerShell-Datei auf GitHub](https://github.com/Kaffeeundcode/Intune-Scripts/blob/main/17_Intune_Workflows/359_Test-IntuneAutopilotReadiness.ps1)

Prüfungen gelten nur für den dokumentierten Quellstand und Testumfang.
","17_Intune_Workflows","17_Intune_Workflows/359_Test-IntuneAutopilotReadiness.ps1","unreviewed","Ungeprüft","false","elevated"
"get-intune-remediation-failure-report","Get-IntuneRemediationFailureReport","# Get-IntuneRemediationFailureReport

**Prüfstatus: Ungeprüft**

Fasst fehlgeschlagene oder nicht auswertbare Remediation-Laeufe zusammen.

<!-- library-status:start -->
    Prüfstatus: Ungeprüft
    Windows- und Tenant-Abnahme ausstehend; keine pauschale Produktionsfreigabe.

    <!-- library-status:end -->

    Liest deviceHealthScripts und deviceRunStates aus Graph beta. Report enthaelt Fehlermeldungen, kein erfolgreiches Remediation-Signal aus leeren Abfragen.
    Detailausgaben koennen Benutzer-/Geraetedaten enthalten; nur im internen Reportordner speichern.

## Prüfung

Keine fachliche Freigabe aus der Katalogerstellung ableiten.

- static: aktueller erfolgreicher Nachweis fehlt
- pester: aktueller erfolgreicher Nachweis fehlt
- windows: aktueller erfolgreicher Nachweis fehlt
- tenant: aktueller erfolgreicher Nachweis fehlt

## Voraussetzungen

- Module: Microsoft.Graph.Authentication
- Dokumentierte Graph-Scopes: DeviceManagementConfiguration.Read.All
- Hilfsdateien: Keine lokale Hilfsdatei erkannt.

## Verwendung

```powershell
./17_Intune_Workflows/360_Get-IntuneRemediationFailureReport.ps1 -OutputPath './reports/remediations.json'
```

## Quelle

[PowerShell-Datei auf GitHub](https://github.com/Kaffeeundcode/Intune-Scripts/blob/main/17_Intune_Workflows/360_Get-IntuneRemediationFailureReport.ps1)

Prüfungen gelten nur für den dokumentierten Quellstand und Testumfang.
","17_Intune_Workflows","17_Intune_Workflows/360_Get-IntuneRemediationFailureReport.ps1","unreviewed","Ungeprüft","false","elevated"
